pl_name,hostname,pl_bmasse,pl_rade,pl_orbper,discoverymethod,disc_year,st_teff,st_rad
XO-2 S d,XO-2 S,1179.14338997,13.0,4696.0,Radial Velocity,2024,5325.0,1.02
Kepler-1808 b,Kepler-1808,9.4,3.02511302,23.3404007,Transit,2021,5530.0,0.892
Kepler-418 b,Kepler-418,349.6112477,13.45,86.67856,Transit,2014,5820.0,1.09
Kepler-249 d,Kepler-249,3.09,1.57,15.368459,Transit,2014,3568.0,0.482
OGLE-2017-BLG-0364L b,OGLE-2017-BLG-0364L,75.8,10.3,,Microlensing,2024,,
Kepler-1408 b,Kepler-1408,0.64,0.89,2.99793191,Transit,2016,6170.0,1.35
HR 8799 b,HR 8799,2000.0,13.0,170000.0,Imaging,2008,7204.58,1.49338
Kepler-500 b,Kepler-500,7.18,2.58,8.508324398,Transit,2016,5813.0,1.03
CoRoT-17 b,CoRoT-17,772.29,11.43,3.7681,Transit,2011,5740.0,1.59
OGLE-2017-BLG-0373L b,OGLE-2017-BLG-0373L,127.0,14.0,,Microlensing,2018,,
CoRoT-7 d,CoRoT-7,17.142,4.31,8.966,Radial Velocity,2022,5250.0,0.8389
Kepler-1685 b,Kepler-1685,7.16,2.57673985,20.4905,Transit,2020,5484.0,0.835451
Kepler-296 b,Kepler-296,3.22,1.61,10.864384,Transit,2014,3740.0,0.48
TOI-1744.01,TOI-1744,7.65,2.68,22.341702927,Transit,2024,6179.0,1.14
KMT-2021-BLG-1547L b,KMT-2021-BLG-1547L,467.20775829,13.6,,Microlensing,2023,,
TOI-4377 b,TOI-4377,304.1617855,15.10970598,4.378081,Transit,2023,4974.0,3.52
HD 64114 b,HD 64114,17.8,4.41,45.791,Radial Velocity,2019,5676.0,0.882858
TOI-858 B b,TOI-858 B,349.6112477,14.06727078,3.2797178,Transit,2023,5842.0,1.308
HD 27969 b,HD 27969,1525.5763536,12.9,654.5,Radial Velocity,2021,5966.0,1.27
Kepler-1947 b,Kepler-1947,1.01,1.0101666,6.963630199,Transit,2021,6040.0,1.686
Kepler-81 d,Kepler-81,1.92,1.21,20.837846,Transit,2014,4500.0,0.595
Kepler-900 b,Kepler-900,4.98,2.08,6.9913086,Transit,2016,4836.0,0.73
TOI-1296 b,TOI-1296,95.3,14.11645916,3.9443736,Transit,2021,5567.0,1.7031
HD 24040 b,HD 24040,1589.142035,12.9,3668.0,Radial Velocity,2006,5802.0,1.3
Kepler-638 b,Kepler-638,4.01,1.83,6.07972888,Transit,2016,5382.0,0.93
Kepler-375 b,Kepler-375,2.7,1.45,12.125934,Transit,2014,5826.0,0.837
Kepler-1590 b,Kepler-1590,1.55,1.14,7.61760804,Transit,2016,6053.0,1.16
Kepler-666 b,Kepler-666,6.35,2.4,4.49876092,Transit,2016,5887.0,1.05
Kepler-586 b,Kepler-586,8.2,2.79,2.104722184,Transit,2016,5575.0,0.92
HD 180053 b,HD 180053,697.31902,13.3,213.72,Radial Velocity,2018,5131.0,4.06
Kepler-1827 b,Kepler-1827,4.1,1.85644292,3.700619936,Transit,2021,5423.0,1.404
Kepler-83 b,Kepler-83,2.94,2.83,9.77,Transit,2012,4082.0,0.61
TOI-1410 c,TOI-1410,27.0,5.63,47.56,Radial Velocity,2024,4635.0,0.7558
Kepler-578 b,Kepler-578,4.66,2.0,1.616883696,Transit,2016,5334.0,0.83
TOI-3807 b,TOI-3807,330.54154328,18.49481816,2.8989727,Transit,2023,5772.0,1.468
K2-392 b,K2-392,4.08,1.85,15.398723,Transit,2022,5726.0,1.058
UKIRT-2017-BLG-001L b,UKIRT-2017-BLG-001L,407.0,13.7,,Microlensing,2018,,
Kepler-239 b,Kepler-239,6.04,2.33,11.763051,Transit,2014,4914.0,0.763
Kepler-1812 b,Kepler-1812,6.01,2.3249424,7.165219784,Transit,2021,6174.0,1.103
HD 191939 c,HD 191939,8.0,3.195,28.579743,Transit,2020,5348.0,0.94
Kepler-931 b,Kepler-931,2.33,1.33,8.03755877,Transit,2016,5241.0,0.81
Kepler-501 c,Kepler-501,3.47,1.68119739,3.622760057,Transit,2021,5794.0,1.216
TIC 38825265 b,TIC 38825265,5.43,2.18869476,3.31336980985,Transit,2026,4375.52,0.664503
Kepler-1664 b,Kepler-1664,9.45,3.03320653,14.3868,Transit,2020,5735.81,1.072
WASP-105 b,WASP-105,572.094,10.76064,7.87288,Transit,2017,5070.0,0.9
Kepler-58 b,Kepler-58,35.5,2.78,10.2184954,Transit,2012,5843.0,1.03
GJ 887 b,GJ 887,3.9,1.8,9.2619,Radial Velocity,2020,3688.0,0.468
TOI-1759 b,TOI-1759,10.8,3.14,18.85019,Transit,2022,4065.0,0.597
HIP 70849 b,HIP 70849,1430.2278315,12.9,3649.0,Radial Velocity,2011,4105.0,0.633112
KOI-142 b,KOI-142,9.5,3.438,10.91647,Transit,2013,5466.0,0.897
Barnard c,Barnard's star,0.335,0.743,4.1244,Radial Velocity,2025,3195.0,0.185
HATS-62 b,HATS-62,56.89157,11.825495,3.2768837,Transit,2018,5416.0,0.933
Kepler-1350 c,Kepler-1350,3.64,1.73,1.766789062,Transit,2016,3827.0,0.53
TOI-1410.01,TOI-1410,12.5,3.10083009,1.21687,Transit,2024,4635.0,0.7558
TOI-5110 b,TOI-5110,921.7023803,11.98240037,30.158577,Transit,2024,6160.0,2.333
GJ 229 A c,GJ 229,8.58136699,2.87,121.93268,Radial Velocity,2020,3564.0,0.46
Kepler-341 c,Kepler-341,3.53,1.7,8.01041,Transit,2014,6012.0,1.024
TOI-791 c,TOI-791,18.6,12.94637271,232.0157,Transit,2026,6294.0,1.474
Kepler-590 b,Kepler-590,15.2,4.02,5.85296257,Transit,2016,6000.0,1.15
HD 180902 b,HD 180902,535.54355,13.5,510.9,Radial Velocity,2009,4961.0,4.16
Qatar-7 b,Qatar-7,597.5204,19.0553,2.032046,Transit,2019,6387.0,1.564
TOI-5624 e,TOI-5624,8.9,3.247,21.489936,Transit,2026,5327.0,0.82
Kepler-764 b,Kepler-764,3.33,1.64,7.33683936,Transit,2016,5557.0,0.89
TOI-7166 b,TOI-7166,4.7,2.01,12.92063621,Transit,2025,3099.0,0.222
TOI-6695 b,TOI-6695,66.74396547,9.52763359,80.389,Transit,2025,6400.0,1.517
GJ 3998 b,GJ 3998,2.5,1.39,2.65033,Radial Velocity,2016,3726.0,0.5
Kepler-656 b,Kepler-656,9.91,3.12,1.260259094,Transit,2016,5281.0,0.82
KIC 8540376 c,KOI-7892,6.35,2.4,75.2,Transit,2015,6474.0,1.26
Kepler-751 b,Kepler-751,6.62,2.46,17.44490636,Transit,2016,5387.0,0.84
HD 207496 b,HD 207496,6.1,2.25,6.441008,Transit,2023,4819.0,0.769
Kepler-276 d,Kepler-276,16.3,2.8,48.648,Transit,2013,5693.0,1.03
WASP-37 b,WASP-37,572.07,13.002,3.577469,Transit,2010,5800.0,1.003
TOI-1203 e,TOI-1203,42.1,7.31,204.59,Radial Velocity,2025,5737.0,1.179
Kepler-122 f,Kepler-122,36.0,1.75,56.268,Transit Timing Variations,2014,5917.0,0.949
OGLE-2016-BLG-0263L b,OGLE-2016-BLG-0263L,1300.0,13.0,,Microlensing,2017,,
Kepler-397 c,Kepler-397,31.6,6.18,135.498527,Transit,2014,5307.0,0.767
Kepler-1503 b,Kepler-1503,5.77,2.27,96.16987,Transit,2016,5069.0,0.74
TOI-1776 b,TOI-1776,1.4,1.21612741,2.799868,Transit,2024,5785.0,0.9356
Kepler-1781 b,Kepler-1781,6.26,2.38091029,4.88752985,Transit,2021,5568.0,0.957
HAT-P-40 b,HAT-P-40,152.5584,17.03768,4.45724,Transit,2012,6080.0,1.94
HD 81688 b,HD 81688,525.68818518,13.5,183.93,Radial Velocity,2007,4797.0,11.13
K2-19 d,K2-19,6.2,1.044,2.50827,Transit,2016,5350.0,0.824
Kepler-1309 b,Kepler-1309,6.21,2.37,28.8432647,Transit,2016,5235.0,0.8
HD 169830 c,HD 169830,2437.42605328,12.6,1818.82339,Radial Velocity,2003,6300.0,1.935709
ZTF J1230-2655 b,ZTF J1230-2655,7024.0077947,13.78704626,0.23597766,Transit,2025,10000.0,0.0123
TOI-2525 b,TOI-2525,26.69758619,8.67575106,23.2856,Transit,2023,5096.0,0.785
Kepler-57 c,Kepler-57,6.86,2.196,11.6,Transit,2012,5187.9,0.826
Kepler-1300 b,Kepler-1300,2.45,1.37,22.2419092,Transit,2016,6130.0,1.79
K2-104 b,K2-104,3.86,1.79,1.9741954,Transit,2016,3712.0,0.48
KOI-134 b,KOI-134,346.43296363,12.03844527,67.1277,Transit,2025,6160.0,1.667
TOI-1768.01,TOI-1768,11.8,3.453,7.337703649,Transit,2024,5994.0,1.1
KMT-2023-BLG-2209L b,KMT-2023-BLG-2209L,254.2627256,13.9,,Microlensing,2025,,
HD 150706 b,HD 150706,772.32302901,13.3,5894.0,Radial Velocity,2012,5961.0,0.96
HR 8799 e,HR 8799,3178.3,13.11453,20815.6,Imaging,2010,7400.0,1.49338
Kepler-770 b,Kepler-770,5.9,2.3,18.92540274,Transit,2016,5598.0,0.92
HD 95089 b,HD 95089,400.4658,13.7,464.4,Radial Velocity,2009,4918.0,5.08
HIP 10090 c,HIP 10090,270.15414595,13.9,321.82,Radial Velocity,2026,5661.0,1.38268
Kepler-1600 c,Kepler-1600,4.43,1.94206512,7.298049927,Transit,2021,5119.0,0.834
TOI-1782.01,TOI-1782,6.2,2.368,4.987641028,Transit,2024,4336.0,0.669
Kepler-855 b,Kepler-855,52.7,8.35,7.886631104,Transit,2016,5835.0,1.03
KMT-2021-BLG-0748L b,KMT-2021-BLG-0748L,143.02278315,14.3,,Microlensing,2022,,
Kepler-24 e,Kepler-24,26.2118,2.78,18.998355,Transit,2014,5897.0,1.289
Kepler-1435 b,Kepler-1435,0.566,0.86,4.45343281,Transit,2016,6356.0,1.32
Kepler-1771 b,Kepler-1771,15.5,4.05537256,88.64399719,Transit,2021,5661.0,0.934
Kepler-338 b,Kepler-338,30.6,2.44,13.726976,Transit,2014,5923.0,1.735
HD 5583 b,HD 5583,1837.0574,12.8,139.35,Radial Velocity,2016,4830.0,9.09
HD 188641 b,HD 188641,9333.03117155,11.9,14583.81038,Radial Velocity,2022,5897.32,1.94492
K2-39 b,K2-39,28.6047,6.27704,4.60543,Transit,2016,4881.0,2.97
OGLE-2019-BLG-0960L b,OGLE-2019-BLG-0960L,2.5,1.39,,Microlensing,2021,,
Kepler-1872 b,Kepler-1872,6.28,2.38421141,3.825910091,Transit,2021,5223.0,0.885
GSC 06214-00210 b,GSC 06214-00210,5000.0,20.1762,,Imaging,2010,4200.0,0.90484
K2-130 b,K2-130,2.1,1.25,2.49412,Transit,2017,4356.47,0.744261
HD 89839 b,HD 89839,1748.0562385,12.8,3391.2,Radial Velocity,2023,6314.0,1.28588
Kepler-106 e,Kepler-106,11.17,2.56,43.8445,Transit,2014,5858.0,1.04
Kepler-430 c,Kepler-430,3.71,1.75,110.979,Transit,2015,5884.0,1.485
Ross 508 b,Ross 508,4.0,1.83,10.77,Radial Velocity,2022,3071.0,0.2113
Kepler-869 b,Kepler-869,12.7,3.61,40.4287755,Transit,2016,5664.0,0.95
GJ 2126 b,GJ 2126,413.1769291,13.6,272.7,Radial Velocity,2025,4159.0,0.728
HATS-72 b,HATS-72,39.855882,8.0973816,7.3279474,Transit,2020,4656.1,0.7214
WASP-46 b,WASP-46,607.0553,13.159366,1.43036763,Transit,2011,5600.0,0.858
Kepler-932 b,Kepler-932,2.45,1.37,1.921437396,Transit,2016,5331.0,0.84
HD 1605 b,HD 1605,296.85322,13.8,577.2,Radial Velocity,2015,4915.0,3.49
Kepler-1206 b,Kepler-1206,3.33,1.64,1.216997663,Transit,2016,4877.0,0.75
Kepler-520 b,Kepler-520,3.39,1.66,19.67416124,Transit,2016,6112.0,1.09
Kepler-27 c,Kepler-27,4385.87,4.9,31.3309,Transit,2011,5400.0,0.59
Kepler-1250 b,Kepler-1250,4.35,1.92,2.607543834,Transit,2016,5717.0,0.98
TOI-2141 b,TOI-2141,20.1,3.147,18.261608,Transit,2023,5635.0,0.95
GJ 317 b,GJ 317,794.5,13.3,695.69,Radial Velocity,2007,3496.0,0.403
Kepler-1851 b,Kepler-1851,14.5,3.90012032,12.02289963,Transit,2021,5982.0,0.879
K2-308 b,K2-308,70.6,9.916,3.38628,Transit,2019,6100.0,1.24
KOINTREAU-1 b,XEST 17-036,3368.9811142,12.4,,Imaging,2026,3551.0,
Kepler-350 b,Kepler-350,16.9,1.85,11.189562,Transit,2014,6186.0,1.534
K2-414 c,K2-414,4.38,1.9287,6.669,Transit,2022,4343.0,0.732
K2-148 b,K2-148,2.33,1.33,4.38395,Transit,2018,4079.0,0.632
Kepler-633 b,Kepler-633,3.29,1.63,8.50340718,Transit,2016,5899.0,1.15
Kepler-61 b,Kepler-61,5.27,2.15,59.87756,Transit,2013,4017.0,0.62
TOI-4562 b,TOI-4562,732.0,12.53,225.1064,Transit,2023,6096.0,1.152
Kepler-1154 c,Kepler-1154,6.17,2.36,8.45808312,Transit,2016,6327.0,1.43
Kepler-241 c,Kepler-241,7.13,2.57,36.065978,Transit,2014,4699.0,0.668
Kepler-863 b,Kepler-863,8.75,2.9,15.59461874,Transit,2016,5678.0,0.95
CoRoT-35 b,CoRoT-35,349.6112477,18.83108758,3.22748,Transit,2022,6390.0,1.65
Kepler-1127 b,Kepler-1127,4.5,1.96,5.12330347,Transit,2016,5664.0,0.95
Kepler-51 d,Kepler-51,7.6,9.7,130.194,Transit,2014,6018.0,0.94
Kepler-1234 b,Kepler-1234,8.3,2.81,11.94014029,Transit,2016,4967.0,0.76
HAT-P-27 b,HAT-P-27,197.05,11.43,3.039577,Transit,2011,5316.0,0.864673
Kepler-1934 b,Kepler-1934,0.702,0.91307734,1.419759989,Transit,2021,5925.0,1.035
GJ 3090 b,GJ 3090,4.52,2.18,2.85310198,Transit,2022,3707.0,0.516
Kepler-1344 b,Kepler-1344,4.04,1.84,4.7683049,Transit,2016,5981.0,1.13
Kepler-1124 b,Kepler-1124,2.18,1.28,2.852348975,Transit,2016,3658.0,0.34
Kepler-117 c,Kepler-117,584.78,12.341,50.790391,Transit,2014,6150.0,1.606
K2-97 b,K2-97,174.48779544,13.45077684,8.407115,Transit,2016,4673.0,4.14
TOI-199 c,TOI-199,88.99195396,11.4,273.69,Transit Timing Variations,2023,5255.0,0.82
Kepler-1581 b,Kepler-1581,0.437,0.8,6.28385491,Transit,2016,6022.0,1.23
TOI-206 b,TOI-206,2.24,1.3,0.7363104,Transit,2022,3383.0,0.35
BD+48 740 b,BD+48 740,540.311,13.5,733.0,Radial Velocity,2018,4534.0,10.33
EPIC 212587672 b,EPIC 212587672,2.13,1.26,15.28078,Transit,2019,6004.0,0.98
OGLE-2016-BLG-1800L b,OGLE-2016-BLG-1800L,823.17557413,13.2,,Microlensing,2024,,
HD 4308 b,HD 4308,15.8915,4.12,15.56,Radial Velocity,2005,5686.0,1.02
Kepler-1403 b,Kepler-1403,5.22,2.14,5.19492202,Transit,2016,6060.0,1.15
TOI-707 b,TOI-707,6.42,2.416,52.79918,Transit,2026,5424.0,0.978
Kepler-546 b,Kepler-546,39.1,7.0,4.147020258,Transit,2016,5967.0,1.15
Kepler-299 d,Kepler-299,4.12,1.86,15.054786,Transit,2014,5617.0,1.032
GJ 3929 b,GJ 3929,1.75,1.09,2.616235,Transit,2022,3384.0,0.32
TOI-283 b,TOI-283,6.54,2.34,17.61745,Transit,2025,5213.0,0.85
TOI-205 b,TOI-205,6.81,2.50121142,4.25300773815,Transit,2026,6302.74,1.45382
Kepler-236 b,Kepler-236,3.09,1.57,8.295611,Transit,2014,3750.0,0.51
HIP 8541 b,HIP 8541,2451.7283316,12.6,1852.14387,Radial Velocity,2016,4672.0,6.84
HD 92788 c,HD 92788,1166.4361,13.0,11611.2975,Radial Velocity,2019,5744.0,1.14
HIP 41378 g,HIP 41378,6.81,2.5,63.19,Radial Velocity,2025,6290.0,1.3
Kepler-310 b,Kepler-310,1.81,1.19,13.930698,Transit,2014,5797.0,0.876
Kepler-1886 b,Kepler-1886,7.18,2.58158428,24.2758007,Transit,2021,5745.0,0.837
HD 207832 c,HD 207832,232.0159,14.0,1155.7,Radial Velocity,2012,5710.0,0.901
HD 3167 c,HD 3167,11.41,2.983,29.846511,Transit,2016,5338.0,0.871
HAT-P-49 b,HAT-P-49,699.226,17.82231,2.69155,Transit,2014,6820.0,2.06
TOI-6019 b,TOI-6019,149.0,12.3,14.547952,Transit,2026,5561.0,2.02
MOA-2007-BLG-400L b,MOA-2007-BLG-400L,540.3082919,13.5,,Microlensing,2008,,
16 Cyg B b,16 Cyg B,565.7374,13.5,798.5,Radial Velocity,1996,5750.0,1.13
OGLE-2019-BLG-1492L b,OGLE-2019-BLG-1492L,37.1,6.79,,Microlensing,2022,,
Kepler-522 b,Kepler-522,38.2,6.91,38.58422849,Transit,2016,6392.0,1.98
Kepler-1467 b,Kepler-1467,10.9,3.3,47.0569043,Transit,2016,5332.0,0.82
Kepler-758 c,Kepler-758,3.5,1.69,4.75793986,Transit,2016,6228.0,1.42
Kepler-19 b,Kepler-19,6.1,2.209,9.28699,Transit,2011,5541.0,0.859
Kepler-1102 b,Kepler-1102,7.56,2.66,51.3285623,Transit,2016,5724.0,0.94
HD 72659 c,HD 72659,6165.8710958,12.1,35500.0,Radial Velocity,2022,5929.0,1.36
HD 174205 b,HD 174205,1334.8793094,13.0,582.0,Radial Velocity,2022,4308.0,26.6
HD 110067 c,HD 110067,6.3,2.388,13.673694,Transit,2023,5266.0,0.788
Kepler-617 b,Kepler-617,2.3,1.32,1.682696148,Transit,2016,3712.0,0.48
Kepler-371 c,Kepler-371,3.82,1.78,67.968015,Transit,2014,5666.0,0.992
Kepler-265 e,Kepler-265,7.22,2.59,67.831024,Transit,2014,5835.0,1.103
KMT-2016-BLG-0212L b,KMT-2016-BLG-0212L,5700.0,12.2,,Microlensing,2018,,
Kepler-1610 c,Kepler-1610,5.02,2.09,44.9851885,Transit,2023,5295.0,0.8
Qatar-2 b,Qatar-2,792.635,14.056,1.33711647,Transit,2011,4645.0,0.776
HD 222076 b,HD 222076,495.8148,13.5,871.0,Radial Velocity,2016,4806.0,4.1
HD 98736 b,HD 98736,740.5439,13.3,968.8,Radial Velocity,2018,5271.0,0.93
K2-338 b,K2-338,1.08,1.03,3.850614,Transit,2021,4558.0,0.63
HD 40979 b,HD 40979,1484.2661,12.9,264.14999,Radial Velocity,2002,6165.0,1.21
TOI-286 b,TOI-286,4.53,1.42,4.5117244,Transit,2024,5152.0,0.78
Kepler-750 c,Kepler-750,3.26,1.62,4.08899022,Transit,2016,6160.0,1.23
Kepler-282 b,Kepler-282,1.01,1.01,9.220524,Transit,2014,5602.0,0.904
Kepler-278 c,Kepler-278,34.9,3.268,51.111,Transit,2014,4965.0,2.861
GJ 180 d,GJ 180,7.56,2.66,106.3,Radial Velocity,2020,3371.0,0.413049
HD 1461 c,HD 1461,5.59,2.23,13.5052,Radial Velocity,2015,5765.0,1.152288
Kepler-1248 b,Kepler-1248,1.76,1.18,7.46725407,Transit,2016,6149.0,1.21
K2-275 b,K2-275,6.08,2.34,3.2809626,Transit,2018,4841.0,0.69
HD 74156 b,HD 74156,532.36258173,13.5,51.63564,Radial Velocity,2003,6068.0,1.510576
Kepler-267 c,Kepler-267,5.18,2.13,6.87745,Transit,2014,4258.0,0.555
K2-86 b,K2-86,4.5,1.96,8.77683,Transit,2016,5482.0,0.76
V830 Tau b,V830 Tau,222.481,14.0,4.927,Radial Velocity,2016,4250.0,2.0
Kepler-377 c,Kepler-377,4.9,2.06,27.014976,Transit,2014,5949.0,1.224
K2-195 c,K2-195,7.16,2.57581891,28.482786,Transit,2018,5712.0,0.906367
Proxima Cen d,Proxima Cen,0.26,0.692,5.12338,Radial Velocity,2025,2900.0,0.141
HD 15906 b,HD 15906,5.65,2.24,10.924709,Transit,2023,4757.0,0.762
HD 196050 b,HD 196050,1493.7935129,12.9,1392.0,Radial Velocity,2002,5879.0,1.42
K2-201 c,K2-201,10.8,3.28568401,22.779878,Transit,2018,5507.0,0.878161
TOI-1279 b,TOI-1279,10.6,2.66146528,9.61419,Transit,2024,5457.0,0.8426
K2-326 b,K2-326,5.82,2.28,1.256,Transit,2020,3924.0,0.688
Kepler-606 b,Kepler-606,11.0,3.31,24.31575992,Transit,2016,6161.0,1.22
Kepler-1575 b,Kepler-1575,2.27,1.31,2.55314213,Transit,2016,5667.0,0.92
Kepler-729 b,Kepler-729,12.5,3.58,3.166353714,Transit,2016,5633.0,0.91
Kepler-1995 b,Kepler-1995,16.9,4.28,73.7578875,Transit,2023,5029.0,0.93
Kepler-1434 b,Kepler-1434,1.41,1.11,8.05333618,Transit,2016,6291.0,2.04
Kepler-82 c,Kepler-82,13.9,5.34,51.54,Transit,2012,5401.0,0.898
Kepler-1538 b,Kepler-1538,8.35,2.82,175.138819,Transit,2016,5837.0,1.03
K2-187 b,K2-187,1.87,1.2,0.77401,Transit,2018,5438.0,0.83
Kepler-464 b,Kepler-464,10.9,3.3,7.256965224,Transit,2016,5933.0,1.59
61 Vir b,61 Vir,5.1,2.11,4.215,Radial Velocity,2009,5577.0,0.963
Kepler-1782 b,Kepler-1782,5.6,2.22927435,5.756229877,Transit,2021,4931.0,0.734
Kepler-1580 b,Kepler-1580,5.1,2.11,56.6449279,Transit,2016,6228.0,2.15
Kepler-198 d,Kepler-198,2.96,1.53,1.31184443,Transit,2016,5636.0,0.93
Kepler-1737 b,Kepler-1737,25.1,5.395,64.61750031,Transit,2021,5043.0,0.881
TOI-1807 b,TOI-1807,2.44,1.49681583,0.54937097,Transit,2021,4914.0,0.746
Kepler-134 c,Kepler-134,2.13,1.26,10.105785,Transit,2014,5983.0,1.176
TOI-1860 b,TOI-1860,2.27,1.31,1.0662107,Transit,2022,5752.0,0.94
Kepler-132 c,Kepler-132,2.18,1.28,6.414914,Transit,2014,6003.0,1.178
GJ 3942 b,GJ 3942,7.14,2.57,6.905,Radial Velocity,2017,3867.0,0.61
Kepler-26 b,Kepler-26,5.12,2.78,12.28,Transit,2011,3914.0,0.512
Kepler-1589 b,Kepler-1589,1.32,1.09,0.991665274,Transit,2016,6166.0,1.25
K2-343 c,K2-343,4.74,2.02,7.676972,Transit,2021,3804.0,0.46
GJ 581 c,GJ 581,6.81,2.5,12.9211,Radial Velocity,2007,3500.0,0.302
HD 196885 A b,HD 196885 A,819.97,13.2,1333.0,Radial Velocity,2007,6254.0,1.31
Kepler-51 e,Kepler-51,5.4,2.18,264.284,Transit Timing Variations,2024,5674.0,0.87
TOI-5592 b,TOI-5592,285.72773789,17.14974047,2.6085846,Transit,2025,6237.0,1.393
Kepler-188 c,Kepler-188,10.3,3.19,5.996553,Transit,2014,6021.0,1.141
HIP 65407 c,HIP 65407,249.17872,13.9,67.3,Radial Velocity,2016,5460.0,0.952252
KOI-1831 d,Kepler-324,2.23,1.13,34.169,Transit,2018,5233.0,0.835
Kepler-279 c,Kepler-279,49.4,4.3,35.736,Transit,2013,6689.45,1.07
TOI-1444 b,TOI-1444,3.58,1.41792246,0.4702743,Transit,2021,5460.0,0.9105
Kepler-329 c,Kepler-329,4.38,1.93,18.684737,Transit,2014,4257.0,0.523
Kepler-487 d,Kepler-487,8.12,2.77513568,2.418390036,Transit,2021,5422.0,0.887
HD 43691 b,HD 43691,810.4665,13.2,36.9987,Radial Velocity,2007,6093.0,1.6
Kepler-797 b,Kepler-797,5.35,2.17,27.07237711,Transit,2016,5680.0,0.95
K2-401 b,K2-401,5.74,2.262,6.293099,Transit,2022,4213.0,0.675
Kepler-199 c,Kepler-199,10.6,3.25,67.093408,Transit,2014,5644.0,0.967
HATS-8 b,HATS-8,43.86054,9.785457,3.583893,Transit,2015,5679.0,1.086
KMT-2019-BLG-1367L b,KMT-2019-BLG-1367L,4.08,1.85,,Microlensing,2023,,
KOI-1783.01,KOI-1783,71.0,8.86,134.4628,Transit,2020,5922.0,1.143
KELT-16 b,KELT-16,874.0325,15.860735,0.9689951,Transit,2017,6236.0,1.36
Kepler-1681 b,Kepler-1681,7.05,2.55321772,69.8956,Transit,2020,5756.4,0.759
Kepler-780 b,Kepler-780,0.64,0.89,0.677375164,Transit,2016,5769.0,1.02
Kepler-1572 b,Kepler-1572,0.779,0.94,5.49548621,Transit,2016,5618.0,0.95
Kepler-1389 b,Kepler-1389,3.78,1.77,99.2530951,Transit,2016,5078.0,0.74
TOI-544 c,TOI-544,21.5,4.92,50.089,Radial Velocity,2023,4169.0,0.623
Kepler-251 d,Kepler-251,8.1,2.77,30.133001,Transit,2014,5526.0,0.89
Kepler-127 d,Kepler-127,7.46,2.64,48.630408,Transit,2014,6106.0,1.359
CoRoT-12 b,CoRoT-12,291.438,16.14,2.828042,Transit,2010,5675.0,1.116
SWEEPS-4 b,SWEEPS-4,1207.7,9.079,4.2,Transit,2006,,1.18
Kepler-1256 b,Kepler-1256,2.83,1.49,12.4127754,Transit,2016,6129.0,1.36
G 264-012 b,G 264-012,2.5,1.39,2.30538,Radial Velocity,2021,3326.0,0.305
GJ 143 b,GJ 143,22.7,2.61,35.61253,Transit,2019,4640.0,0.695
K2-10 b,K2-10,25.2,3.773,19.30553,Transit,2015,5533.0,0.956
Kepler-182 b,Kepler-182,7.18,2.58,9.825792,Transit,2014,6250.0,1.146
TOI-1659.01,TOI-1659,5.71,2.255,5.877556328,Transit,2024,5977.0,1.006
Kepler-19 d,Kepler-19,22.5,5.06,62.95,Radial Velocity,2017,5544.0,0.859
TOI-237 c,TOI-237,1.9,1.206,1.74486147,Transit,2026,3226.0,0.2056
KMT-2016-BLG-2142L b,KMT-2016-BLG-2142L,4923.0,12.2,,Microlensing,2018,,
Kepler-564 b,Kepler-564,19.4,4.63,3.750832285,Transit,2016,5626.0,0.92
Kepler-878 b,Kepler-878,4.38,1.93,25.9422033,Transit,2016,5044.0,0.77
Kepler-228 b,Kepler-228,2.96,1.53,2.566546,Transit,2014,6043.0,1.014
HD 6434 b,HD 6434,155.7367,14.2,21.998,Radial Velocity,2003,5769.0,1.12
CoRoT-7 b,CoRoT-7,4.07660518,1.68135,0.85359163,Transit,2009,5275.0,0.83
TOI-2969 b,TOI-2969,368.68095212,12.32987877,1.8237146,Transit,2025,4738.0,0.7
Kepler-610 c,Kepler-610,10.9,3.3,151.86392,Transit,2016,5943.0,1.13
Kepler-1473 b,Kepler-1473,1.81,1.19,14.4273551,Transit,2016,6046.0,1.09
Kepler-447 b,Kepler-447,435.41,18.49,7.79430132,Transit,2015,5493.0,1.05
Kepler-290 d,Kepler-290,0.566,0.86,0.764017553,Transit,2023,5142.0,0.755
HD 34445 e,HD 34445,16.8,4.26,49.175,Radial Velocity,2017,5836.0,1.38
Kepler-384 c,Kepler-384,1.51,1.13,45.348269,Transit,2014,5577.0,0.882
HD 120084 b,HD 120084,2034.1018048,12.7,2142.0,Radial Velocity,2013,4879.0,10.37
Kepler-191 b,Kepler-191,2.36,1.34,9.939632,Transit,2014,5282.0,0.789
GJ 680 b,GJ 680,7977.4930157,12.0,17281.66514,Radial Velocity,2022,3563.0,0.45933
Kepler-917 b,Kepler-917,4.31,1.91,2.970414375,Transit,2016,5418.0,0.76
TOI-1224 c,TOI-1224,8.67,2.884,17.945466,Transit,2024,3326.0,0.404
TOI-1422 b,TOI-1422,9.5,3.83,12.99894,Transit,2022,5840.0,1.019
Kepler-980 b,Kepler-980,7.61,2.67,11.55102504,Transit,2016,5935.0,1.06
HATS-59 b,HATS-59,256.17098,12.621334,5.416081,Transit,2018,5670.0,1.036
HD 73267 c,HD 73267,1630.77755632,12.8,17071.78045,Radial Velocity,2022,5387.0,0.909
Kepler-580 b,Kepler-580,7.13,2.57,8.222419656,Transit,2016,4298.0,0.64
HD 152843 c,HD 152843,9.67,5.94,19.502104,Transit,2021,6310.0,1.43
HD 217786 c,HD 217786,7.31005336,2.61,2.52221,Radial Velocity,2022,5966.0,1.27
HR 8799 c,HR 8799,3000.0,13.0,69000.0,Imaging,2008,7204.58,1.49338
TOI-4342 b,TOI-4342,7.3,2.329,5.5382592,Transit,2023,3866.0,0.598
Kepler-193 c,Kepler-193,8.0,2.75,50.697494,Transit,2014,6335.0,1.147
K2-269 b,K2-269,3.09,1.57,4.144965,Transit,2018,6209.0,1.45
KOI-12 b,KOI-12,349.613,13.78707,17.855182,Transit,2015,6635.0,1.4
Kepler-1773 b,Kepler-1773,12.1,3.50469499,40.80970001,Transit,2021,6183.0,1.3
NGTS-16 b,NGTS-16,211.99154747,14.57167491,4.84532,Transit,2021,5550.0,1.213
Kepler-637 b,Kepler-637,20.2,4.75,23.20584623,Transit,2016,6096.0,2.56
HD 113337 c,HD 113337,6299.67685515,12.1,5429.93477,Radial Velocity,2020,6774.0,1.5
K2-30 b,K2-30,184.02357,11.646151,4.098503,Transit,2016,5425.0,0.844
Kepler-1675 b,Kepler-1675,9.93,3.12483349,63.0382,Transit,2020,5853.19,1.12865
Gaia22dkvL b,Gaia22dkvL,187.83658854,14.1,,Microlensing,2024,,
Kepler-1788 b,Kepler-1788,6.25,2.37850461,2.800120115,Transit,2021,4786.0,0.704
Kepler-497 b,Kepler-497,30.4,6.04,3.573203671,Transit,2016,5834.0,1.11
Kepler-179 c,Kepler-179,4.66,2.0,6.40013,Transit,2014,5302.0,0.759
HD 87646 b,HD 87646,3941.092,12.4,13.481,Radial Velocity,2016,5770.0,1.55
KMT-2024-BLG-0404L c,KMT-2024-BLG-0404L,17.3,4.33,,Microlensing,2025,,
Kepler-139 e,Kepler-139,378.0,13.7,2047.635373,Radial Velocity,2023,5622.0,1.045
HD 29985 b,HD 29985,1739.47487151,12.8,20608.14049,Radial Velocity,2022,4678.0,0.574666
Kepler-668 b,Kepler-668,7.75,2.7,8.35390639,Transit,2016,5352.0,0.82
Kepler-56 d,Kepler-56,1784.0,12.8,1002.0,Radial Velocity,2016,4819.44,4.21799
Kepler-205 b,Kepler-205,2.89,1.51,2.75564,Transit,2014,4321.0,0.546
Kepler-1156 b,Kepler-1156,2.3,1.32,11.89520511,Transit,2016,5778.0,1.0
HR 858 c,HR 858,3.8,1.979,5.973865,Transit,2019,6354.0,1.258
Kepler-989 b,Kepler-989,5.52,2.21,7.964315352,Transit,2016,5074.0,0.78
HD 165155 b,HD 165155,918.5287,13.2,434.5,Radial Velocity,2016,5426.0,0.95
K2-351 b,K2-351,6.99,2.54,7.806164,Transit,2021,5769.0,1.05
HD 22946 d,HD 22946,26.57,2.607,47.42489,Transit,2023,6169.0,1.117
HD 13908 b,HD 13908,274.91,13.9,19.382,Radial Velocity,2013,6255.0,1.67
Kepler-1446 b,Kepler-1446,0.477,0.82,0.689967832,Transit,2016,4865.0,0.75
Kepler-1697 b,Kepler-1697,2.12,1.25954761,33.4969,Transit,2020,4681.53,0.772344
HD 11112 b,HD 11112,2598.56505563,12.6,17244.90764,Radial Velocity,2022,5905.64,1.47368
Kepler-674 b,Kepler-674,3.5,1.69,2.243381847,Transit,2016,4192.0,0.57
Kepler-1269 b,Kepler-1269,3.29,1.63,37.3331536,Transit,2016,5998.0,1.15
Kepler-1576 b,Kepler-1576,1.12,1.04,6.98471973,Transit,2016,5876.0,1.06
Kepler-1796 b,Kepler-1796,8.0,2.75047868,29.4557991,Transit,2021,6036.0,0.949
Kepler-972 b,Kepler-972,19.5,4.65,7.03932553,Transit,2016,6146.0,1.22
Kepler-1508 b,Kepler-1508,2.33,1.33,20.7056504,Transit,2016,6158.0,1.22
Kepler-293 c,Kepler-293,14.0,3.83,54.155743,Transit,2014,5804.0,0.957
AF Lep b,AF Lep,1147.36054927,13.0,8905.0,Imaging,2023,6140.0,1.25
Kepler-873 b,Kepler-873,13.5,3.75,20.5533844,Transit,2016,6163.0,1.27
TOI-125 d,TOI-125,13.6,2.93,19.98,Transit,2020,5320.0,0.848
Kepler-669 b,Kepler-669,20.8,4.83,4.125546869,Transit,2016,6038.0,1.2
Kepler-783 b,Kepler-783,0.399,0.78,4.29264638,Transit,2016,5521.0,0.89
Kepler-142 d,Kepler-142,5.31,2.16,41.809118,Transit,2014,5790.0,1.269
Kepler-1297 b,Kepler-1297,0.871,0.97,1.68189002,Transit,2016,5818.0,0.99
HATS-6 b,HATS-6,101.38777,11.186582,3.3252725,Transit,2015,3724.0,0.57
HD 126525 b,HD 126525,75.32571,10.3,960.41,Radial Velocity,2018,5638.0,0.979
Kepler-319 d,Kepler-319,5.86,2.29,31.781925,Transit,2014,5526.0,0.903
Kepler-1427 b,Kepler-1427,1.37,1.1,0.968972376,Transit,2016,5793.0,1.01
Kepler-1959 b,Kepler-1959,1.57,1.14315727,6.38669014,Transit,2021,5071.0,0.811
HD 109271 b,HD 109271,17.162,4.31,7.8543,Radial Velocity,2013,5783.0,1.294595
HD 100546 b,HD 100546,2701.5414595,77.3421,,Imaging,2014,10500.0,1.85288
HD 158996 b,HD 158996,4449.62,12.3,820.2,Radial Velocity,2018,4069.0,50.3
Kepler-1264 b,Kepler-1264,1.76,1.18,0.968526023,Transit,2016,5791.0,0.98
HD 100777 b,HD 100777,390.92894061,13.7,383.0,Radial Velocity,2007,5533.0,1.04
Kepler-553 b,Kepler-553,116.00736855,4.74139884,4.030467,Transit,2016,5191.0,0.902
HD 31527 c,HD 31527,14.16,3.85,51.2053,Radial Velocity,2019,5898.0,1.073694
K2-44 b,K2-44,6.5,2.433,5.657,Transit,2016,5912.0,1.58
Kepler-1955 b,Kepler-1955,1.69,1.16654878,14.26519966,Transit,2021,5825.0,1.291
Kepler-537 b,Kepler-537,2.57,1.41,3.247555219,Transit,2016,5763.0,0.99
HD 217786 b,HD 217786,4402.55909376,12.3,1301.36009,Radial Velocity,2011,5966.0,1.27
Kepler-1968 b,Kepler-1968,2.86,1.50004034,7.281099796,Transit,2021,5008.0,0.788
Kepler-322 c,Kepler-322,3.43,1.67,4.337234,Transit,2014,5388.0,0.89
OGLE-TR-132 b,OGLE-TR-132,375.02,13.45,1.689868,Transit,2004,6210.0,1.32
Kepler-1684 b,Kepler-1684,8.6,2.87084792,47.7055,Transit,2020,4706.54,0.666755
HATS-66 b,HATS-66,1694.0339,15.815899,3.1414391,Transit,2018,6626.0,1.841
Kepler-171 b,Kepler-171,6.08,2.34,4.166972,Transit,2014,5642.0,0.839
Kepler-1021 b,Kepler-1021,6.04,2.33,13.47469571,Transit,2016,5431.0,0.86
Kepler-1399 b,Kepler-1399,2.1,1.25,1.638653058,Transit,2016,5735.0,0.96
TOI-7041 b,TOI-7041,114.41822652,11.43316031,9.691,Transit,2025,4700.0,4.1
OGLE-2014-BLG-0676L b,OGLE-2014-BLG-0676L,1169.60853776,13.0,,Microlensing,2016,,
K2-319 b,K2-319,8.2,2.79,26.68,Transit,2020,5440.0,0.898
Kepler-414 c,Kepler-414,29.9,3.01,7.171,Transit Timing Variations,2014,5536.0,0.946
HD 210193 b,HD 210193,153.1,14.3,649.918,Radial Velocity,2019,5790.0,1.05971
Kepler-1952 b,Kepler-1952,2.07,1.23923346,27.21080017,Transit,2021,5973.0,1.305
HD 34445 f,HD 34445,37.9,6.88,676.8,Radial Velocity,2017,5836.0,1.38
V0391 Peg b,V0391 Peg,1017.056,13.1,1170.0,Pulsation Timing Variations,2007,29300.0,0.23
Kepler-1633 b,Kepler-1633,3.12,1.58,186.404271,Transit,2016,6256.0,1.32
HAT-P-13 c,HAT-P-13,4538.421,12.3,446.27,Radial Velocity,2009,5653.0,1.756
Kepler-242 c,Kepler-242,4.66,2.0,14.496481,Transit,2014,5020.0,0.85
Qatar-5 b,Qatar-5,1373.0256,12.408363,2.8792319,Transit,2017,5747.0,1.076
K2-348 c,K2-348,7.61,2.67,12.550171,Transit,2021,5077.0,0.85
K2-132 b,K2-132,155.7367,14.5717,9.1751,Transit,2017,4840.0,3.85
Kepler-399 c,Kepler-399,2.63,1.43,26.67569,Transit,2014,5502.0,0.68
WASP-76 b,WASP-76,284.13859586,20.78145022,1.80988198,Transit,2016,6329.0,1.756
KELT-15 b,KELT-15,416.3573,19.50366,3.32944,Transit,2016,6003.0,1.78
Kepler-1130 b,Kepler-1130,0.437,0.8,5.45298175,Transit,2016,5403.0,0.81
K2-290 c,K2-290,246.00042,11.276254,48.36685,Transit,2019,6302.0,1.511
TOI-7008 b,TOI-7008,21.7,4.94735276,0.84069041367,Transit,2026,5116.06,0.95255
Kepler-1367 b,Kepler-1367,0.721,0.92,1.574090272,Transit,2016,4106.0,0.6
DMPP-2 c,DMPP-2,51.79,8.26,3.168,Radial Velocity,2026,6500.0,1.78
Kepler-1716 b,Kepler-1716,6.46,2.4247685,35.58100128,Transit,2021,4894.0,0.684
TOI-1716.01,TOI-1716,10.0,3.143,8.082376554,Transit,2024,5879.0,1.24
Kepler-1038 c,Kepler-1038,2.59,1.4162338,7.127659798,Transit,2021,5159.0,0.821
TOI-5159 b,TOI-5159,3.01,1.54732112,5.83639428843,Transit,2026,5156.16,0.854084
HD 109271 c,HD 109271,24.154,5.27,30.93,Radial Velocity,2013,5783.0,1.294595
K2-202 b,K2-202,5.91,2.30165603,3.405164,Transit,2018,5491.0,0.910685
HATS-41 b,HATS-41,3082.951,14.90797,4.193649,Transit,2018,6424.0,1.71
HD 45350 b,HD 45350,568.89,13.5,963.6,Radial Velocity,2004,5566.0,1.26442
GJ 3323 b,GJ 3323,2.02,1.23,5.3636,Radial Velocity,2017,3159.0,0.119
Kepler-682 b,Kepler-682,42.6,7.37,12.611906672,Transit,2016,5559.0,0.89
HD 284149 AB b,HD 284149 A,8352.53053596,12.0,,Imaging,2017,6035.0,1.36
HATS-77 b,HATS-77,436.69623122,13.05846252,3.0876262,Transit,2021,4071.0,0.6428
WASP-142 b,WASP-142,266.9772,17.14977,2.052868,Transit,2016,6010.0,1.64
Kepler-597 b,Kepler-597,6.21,2.37,13.02365861,Transit,2016,5683.0,0.95
HD 29021 b,HD 29021,1420.69297929,12.9,1365.0,Radial Velocity,2017,5560.0,0.85
GJ 682 b,GJ 682,4.4,1.93,17.478,Radial Velocity,2014,3028.0,0.298255
HD 168443 c,HD 168443,5500.33841154,12.2,1753.1096,Radial Velocity,2000,5491.0,1.711479
WASP-53 b,WASP-53,677.61356,12.038466,3.3098443,Transit,2017,4953.0,0.798
Kepler-1857 b,Kepler-1857,4.5,1.96065412,8.94340992,Transit,2021,6074.0,1.005
Kepler-342 c,Kepler-342,4.5,1.96,26.234138,Transit,2014,6175.0,1.472
Kepler-1251 b,Kepler-1251,4.04,1.84,45.0904643,Transit,2016,5545.0,0.89
KOI-94 b,KOI-94,10.5,1.71,3.743208,Transit,2013,6182.0,1.52
TOI-5624 f,TOI-5624,13.0,3.66,45.37,Transit Timing Variations,2026,5327.0,0.82
OGLE-2015-BLG-1649L b,OGLE-2015-BLG-1649L,807.0,13.2,,Microlensing,2019,,
Kepler-242 b,Kepler-242,7.32,2.61,8.20395,Transit,2014,5020.0,0.85
TOI-220 b,TOI-220,13.8,3.03,10.695264,Transit,2021,5298.0,0.858
Kepler-374 d,Kepler-374,2.27,1.31,5.028219,Transit,2014,5977.0,0.911
Kepler-1870 b,Kepler-1870,5.07,2.10143764,3.606940031,Transit,2021,5508.0,0.84
Kepler-258 b,Kepler-258,15.5,4.06,13.19722,Transit,2014,4942.0,0.915
WASP-8 b,WASP-8,807.2882,12.66617,8.15872,Transit,2010,5600.0,1.03
Kepler-1339 b,Kepler-1339,0.285,0.71,1.341555127,Transit,2016,5586.0,0.93
HD 106252 b,HD 106252,3178.28407,12.5,1535.0,Radial Velocity,2002,5874.0,1.05
HD 102956 b,HD 102956,305.1168,13.8,6.4947,Radial Velocity,2010,4985.0,4.55
K2-128 b,K2-128,2.6,1.42,5.675819,Transit,2017,4469.51,0.777569
TOI-139 b,TOI-139,6.6,2.4566,11.07085,Transit,2023,4570.0,0.7007
Kepler-244 b,Kepler-244,8.05,2.76,4.311792,Transit,2014,5554.0,0.803
TOI-4087 b,TOI-4087,232.01473711,13.04725353,3.1774835,Transit,2023,6060.0,1.112
OGLE-2015-BLG-1771L b,OGLE-2015-BLG-1771L,138.0,14.3,,Microlensing,2020,,
HAT-P-66 b,HAT-P-66,248.86089,17.82231,2.972086,Transit,2016,6002.0,1.881
DMPP-9 b,DMPP-9,14.43,3.89,12.733,Radial Velocity,2026,6092.0,1.26
TOI-4898 b,TOI-4898,13.4,3.7197954,2.76520470167,Transit,2026,4201.57,0.639344
HD 101581 c,HIP 56998,0.937,0.99,6.20401,Transit,2025,4675.0,0.63
HD 20329 b,HD 20329,7.42,1.72,0.926118,Transit,2022,5596.0,1.13
Kepler-1292 b,Kepler-1292,3.97,1.82,3.27646405,Transit,2016,5556.0,0.93
Kepler-1906 b,Kepler-1906,8.13,2.77615754,7.362689972,Transit,2021,5868.0,0.894
GJ 876 e,GJ 876,14.6,3.92,124.26,Radial Velocity,2010,3293.74,0.3
TOI-1052 c,TOI-1052,34.3,6.48,35.806,Radial Velocity,2023,6146.0,1.264
HAT-P-29 b,HAT-P-29,279.6904,13.11453,5.72319,Transit,2011,6087.0,1.3
YZ Cet c,YZ Cet,1.14,1.05,3.05989,Radial Velocity,2017,3151.0,0.157
Kepler-434 b,Kepler-434,908.96,12.67,12.8747099,Transit,2015,5977.0,1.38
HD 11755 b,HD 11755,1789.3829,12.8,433.70001,Radial Velocity,2015,4312.0,20.58
Kepler-1471 b,Kepler-1471,2.57,1.41,3.63899398,Transit,2016,5660.0,0.93
HD 128717 b,HD 128717,6293.0024586,12.1,3420.0,Astrometry,2025,6210.0,1.248
HAT-P-46 b,HAT-P-46,156.684,14.392,4.463129,Transit,2014,6120.0,1.396
TOI-1244 b,TOI-1244,6.6,2.467,6.400316483,Transit,2024,4599.0,0.721
HD 39855 b,HD 39855,8.5,2.85,3.2498,Radial Velocity,2019,5576.0,0.744665
BD-11 4672 c,BD-11 4672,15.37,4.04,74.2,Radial Velocity,2020,4550.0,0.639
Kepler-1442 b,Kepler-1442,14.7,3.93,81.4162941,Transit,2016,6394.0,1.44
Kepler-292 d,Kepler-292,5.6,2.23,7.055679,Transit,2014,5299.0,0.826
V1298 Tau e,V1298 Tau,15.3,10.17,48.677714,Transit,2019,4970.0,1.32
HD 47186 c,HD 47186,111.42,13.0,1353.6,Radial Velocity,2008,5657.0,1.08
Kepler-692 b,Kepler-692,9.85,3.11,21.81293494,Transit,2016,5440.0,0.86
EPIC 206042996 b,EPIC 206042996,3.53,1.7,5.2986,Transit,2019,4114.0,0.5
OGLE-2012-BLG-0358L b,OGLE-2012-BLG-0358L,588.0,13.4,,Microlensing,2013,,
Kepler-1193 b,Kepler-1193,2.3,1.32,2.832652134,Transit,2016,5908.0,1.21
HD 75784 c,HD 75784,1792.5612,12.8,7900.0,Radial Velocity,2018,4867.0,3.4
Kepler-838 b,Kepler-838,7.9,2.73,15.74957994,Transit,2016,5770.0,0.96
81 Cet b,81 Cet,1051.05854195,13.1,1005.57,Radial Velocity,2008,4734.0,11.21
Kepler-1058 b,Kepler-1058,7.85,2.72,110.96546,Transit,2016,4644.0,0.69
TOI-4214 b,TOI-4214,165.27077164,10.68215861,3.4913885,Transit,2025,6370.0,1.434
Kepler-391 b,Kepler-391,1100.0,2.5,7.4175,Transit,2014,5038.0,2.879
Kepler-698 b,Kepler-698,13.1,3.68,16.32976218,Transit,2016,5612.0,0.91
TOI-3877 b,TOI-3877,99.7981198,11.67975789,4.123596,Transit,2025,5731.0,1.445
Kepler-409 b,Kepler-409,6.0,1.199,68.9583216,Transit,2014,5421.0,0.897
Kepler-273 b,Kepler-273,2.86,1.5,2.936532,Transit,2014,5626.0,0.815
HIP 41378 b,HIP 41378,6.9,2.64,15.57209,Transit,2016,6290.0,1.3
Kepler-636 b,Kepler-636,18.1,4.45,16.080661147,Transit,2016,5203.0,0.8
Kepler-1914 b,Kepler-1914,8.97,2.9429803,30.82789993,Transit,2021,5982.0,0.96
HD 200964 b,HD 200964,508.21017,13.5,606.3,Radial Velocity,2010,4982.0,4.92
pi Men c,HD 39091,3.63,2.0189,6.2678399,Transit,2018,5998.0,1.17
Kepler-150 c,Kepler-150,13.2,3.69,7.381998,Transit,2014,5560.0,0.939
HATS-43 b,HATS-43,82.95363,13.22662,4.3888497,Transit,2018,5099.0,0.812
TOI-1437 b,TOI-1437,9.6,2.24,18.840942,Transit,2024,6008.0,1.17
Kepler-685 b,Kepler-685,78.8,10.58,1.6255222,Transit,2016,5963.0,1.16
K2-89 b,K2-89,0.17,0.615,1.096026,Transit,2016,3691.0,0.318
WASP-49 b,WASP-49,117.5971,12.44199,2.78174,Transit,2012,5600.0,0.97
Kepler-1699 b,Kepler-1699,3.08,1.56671124,3.49082,Transit,2020,5575.53,0.725
HAT-P-13 b,HAT-P-13,270.462,14.258,2.91625,Transit,2009,5653.0,1.756
Kepler-1152 b,Kepler-1152,0.59,0.87,1.646801908,Transit,2016,3964.0,0.53
HD 30669 b,HD 30669,149.37,14.3,1684.0,Radial Velocity,2014,5400.0,0.91
HD 155918 c,HD 155918,1878.04805696,12.8,17202.19446,Radial Velocity,2022,5771.84,1.01906
Kepler-1391 b,Kepler-1391,3.46,1.68,54.4092333,Transit,2016,5840.0,1.1
TOI-2406 b,TOI-2406,15.6,2.86,3.0766891,Transit,2021,3100.0,0.204
Kepler-25 c,Kepler-25,15.2,5.217,12.7207,Transit,2011,6354.0,1.316
Kepler-1813 b,Kepler-1813,2.58,1.413,2.818160057,Transit,2021,5167.0,0.787
Kepler-156 b,Kepler-156,5.9,2.3,4.973456,Transit,2014,5094.0,0.807
Kepler-477 b,Kepler-477,4.94,2.07,11.11990653,Transit,2016,5240.0,0.79
WASP-66 b,WASP-66,746.9005,15.6926,4.08605,Transit,2012,6600.0,1.76
Kepler-275 b,Kepler-275,6.08,2.34,10.300682,Transit,2014,6165.0,1.383
EPIC 206032309 b,EPIC 206032309,1.01,1.01,2.87814,Transit,2019,3489.0,0.37344
HATS-64 b,HATS-64,305.1168,18.819911,4.908897,Transit,2018,6554.0,2.113
TOI-2876 b,TOI-2876,54.03082919,9.6397234,6.2996431,Transit,2025,5271.0,0.873
Kepler-80 f,Kepler-80,4459.73,1.21,0.9867873,Transit,2016,4540.0,0.678
Kepler-397 b,Kepler-397,6.62,2.46,22.250949,Transit,2014,5307.0,0.767
Kepler-967 b,Kepler-967,6.12,2.35,13.22713379,Transit,2016,5178.0,0.8
HIP 94235 b,HIP 94235,379.0,3.0,7.713057,Transit,2022,5991.0,1.08
HD 95735 c,GJ 411,13.6,3.76,2946.0,Radial Velocity,2021,3719.0,0.3685
HD 126614 b,HD 126614,107.74382997,12.7,1257.25303,Radial Velocity,2009,5568.0,1.369794
G 261-6 b,G 261-6,1.37,1.1,5.4536,Radial Velocity,2025,2907.0,0.153162
KOI-351 c,KOI-351,1.81,1.19,8.719375,Transit,2013,6080.0,1.2
Kepler-610 b,Kepler-610,16.3,4.19,6.996926554,Transit,2016,5943.0,1.13
K2-278 b,K2-278,9.17,2.98,3.334966,Transit,2018,6747.0,1.61
HIP 111909 b,HIP 111909,384.57237247,13.7,487.08,Radial Velocity,2025,4891.0,4.53
Kepler-33 e,Kepler-33,5.57,4.02,31.7844,Transit,2011,5904.0,1.82
Kepler-1932 b,Kepler-1932,2.91,1.51482218,0.524177015,Transit,2021,5278.0,0.815
HD 90156 b,HD 90156,17.98,4.43,49.77,Radial Velocity,2011,5599.0,0.920286
K2-384 b,K2-384,1.26,1.076,2.231527,Transit,2022,3623.0,0.348
TOI-2068 b,TOI-2068,3.97,1.821,7.768915,Transit,2024,3710.0,0.535
Kepler-1382 b,Kepler-1382,4.19,1.88,16.3583055,Transit,2016,6161.0,1.72
Kepler-123 b,Kepler-123,55.3,2.94,17.232366,Transit,2014,6089.0,1.264
Kepler-1890 b,Kepler-1890,0.587,0.86867375,4.820590019,Transit,2021,6046.0,1.396
Kepler-1030 b,Kepler-1030,6.71,2.48,19.32952416,Transit,2016,4983.0,0.76
Kepler-112 b,Kepler-112,6.17,2.36,8.408878,Transit,2014,5544.0,0.841
Kepler-1077 b,Kepler-1077,8.1,2.77,34.3511874,Transit,2016,5816.0,1.02
Kepler-1451 b,Kepler-1451,11.2,3.35,35.622233,Transit,2016,5782.0,0.99
KMT-2023-BLG-0416L b,KMT-2023-BLG-0416L,13.03096469,3.67,,Microlensing,2024,,
Kepler-190 c,Kepler-190,2.73,1.46,3.763024,Transit,2014,5106.0,0.795
HD 153950 b,HD 153950,937.5985,13.2,499.39999,Radial Velocity,2008,6124.0,1.28
Kepler-1431 b,Kepler-1431,2.76,1.47,5.86601526,Transit,2016,5806.0,1.03
Kepler-1132 b,Kepler-1132,6.12,2.35,62.8916228,Transit,2016,5298.0,0.83
HD 260655 b,HD 260655,2.14,1.24,2.76953,Transit,2022,3803.0,0.439
Kepler-216 c,Kepler-216,9.48,3.04,17.406669,Transit,2014,6091.0,1.26
CoRoT-13 b,CoRoT-13,415.704,9.92,4.03519,Transit,2010,5945.0,1.01
Kepler-413 b,Kepler-413,67.0,4.347,66.262,Transit,2014,4700.0,0.7761
HR 2562 b,HR 2562,6992.224954,12.44199,,Imaging,2016,6597.0,1.334
GJ 86 b,GJ 86,1404.8086,12.9,15.76491,Radial Velocity,1999,5182.0,0.77
GJ 849 b,GJ 849,283.82076745,13.9,1925.31,Radial Velocity,2006,3467.0,0.45
Kepler-1804 b,Kepler-1804,3.18,1.59615726,12.28849983,Transit,2021,5109.0,1.671
Kepler-267 d,Kepler-267,5.77,2.27,28.464515,Transit,2014,4258.0,0.555
HD 190360 d,HD 190360,11.9,3.48,88.69,Radial Velocity,2026,5560.0,1.14
Kepler-1704 b,Kepler-1704,1322.16617312,11.94877343,988.88112,Transit,2021,5746.0,1.697
K2-95 b,K2-95,11.0,3.31,10.1346454,Transit,2016,3566.0,0.4
Kepler-204 b,Kepler-204,6.94,2.53,14.400974,Transit,2014,5812.0,1.238
TOI-5630 b,TOI-5630,6.22,2.37117553,3.22118452536,Transit,2026,5385.64,0.933361
HD 23127 b,HD 23127,485.32641,13.5,1211.17,Radial Velocity,2006,5843.0,1.49
Kepler-1188 b,Kepler-1188,4.98,2.08,17.1369543,Transit,2016,5913.0,1.06
TOI-4562 c,TOI-4562,1833.86990839,12.8,3990.0,Transit Timing Variations,2024,6096.0,1.152
HD 21411 b,HD 21411,65.9,9.52,84.288,Radial Velocity,2019,5605.0,0.825605
Kepler-239 c,Kepler-239,6.85,2.51,56.228098,Transit,2014,4914.0,0.763
TOI-201 c,TOI-201,4990.0,10.4,2890.0,Transit Timing Variations,2025,6423.0,1.31
Kepler-821 b,Kepler-821,2.27,1.31,1.92279873,Transit,2016,5191.0,0.8
XO-5 b,XO-5,378.2,12.78,4.1877558,Transit,2008,5430.0,1.13
GJ 9827 b,GJ 9827,4.28,1.44,1.208974,Transit,2017,4236.0,0.58
GJ 367 b,GJ 367,0.503,0.736,0.3219226,Transit,2021,3535.0,0.457
Kepler-122 d,Kepler-122,5.48,2.2,21.587475,Transit,2014,6050.0,1.216
NGTS-4 b,NGTS-4,20.6,3.18,1.3373508,Transit,2019,5143.0,0.84
Kepler-1825 b,Kepler-1825,2.61,1.42200732,1.025869966,Transit,2021,5123.0,0.847
K2-186 b,K2-186,10.2,3.17207779,41.474219,Transit,2018,5784.0,0.98083
Kepler-579 b,Kepler-579,4.66,2.0,9.66857723,Transit,2016,5636.0,0.96
Kepler-55 e,Kepler-55,3.02,1.55,4.617534,Transit,2014,4503.0,0.619
Kepler-1717 b,Kepler-1717,9.21,2.98929758,30.65279961,Transit,2021,6200.0,1.64
MOA-2022-BLG-249L b,MOA-2022-BLG-249L,4.83,2.04,,Microlensing,2023,,
HD 216770 b,HD 216770,181.1631,14.1,118.45,Radial Velocity,2003,5399.0,0.93
Kepler-1074 b,Kepler-1074,2.1,1.25,5.94566534,Transit,2016,4002.0,0.57
TOI-6016 b,TOI-6016,371.85923619,13.67495645,4.023687,Transit,2024,6110.0,1.51
Kepler-1278 b,Kepler-1278,1.01,1.01,3.23941344,Transit,2016,6074.0,1.16
HD 106270 b,HD 106270,3623.2438398,12.4,1888.0,Radial Velocity,2011,5509.0,2.66
Kepler-1558 b,Kepler-1558,0.244,0.68,3.50470358,Transit,2016,5101.0,0.79
TOI-5720 b,TOI-5720,4.3,1.09,1.4344555,Transit,2024,3325.0,0.383
Kepler-204 c,Kepler-204,3.86,1.79,25.660593,Transit,2014,5812.0,1.238
HAT-P-39 b,HAT-P-39,190.372,17.609,3.54387,Transit,2012,6430.0,1.625
TOI-4578 b,TOI-4578,5.77,2.26974262,8.62392630369,Transit,2026,5951.32,0.878735
Kepler-347 c,Kepler-347,3.71,1.75,27.320871,Transit,2014,6088.0,1.005
Kepler-203 d,Kepler-203,33.9,1.44,11.32972,Transit,2014,5821.0,1.114
Kepler-786 b,Kepler-786,6.48,2.43,53.5293487,Transit,2016,4838.0,0.74
WASP-43 b,WASP-43,565.714,10.424,0.813475,Transit,2011,4400.0,0.6
TOI-181 b,TOI-181,46.1687,6.9559,4.532,Transit,2023,4994.0,0.745
Kepler-1905 b,Kepler-1905,2.69,1.4460734,3.42392993,Transit,2021,5788.0,1.015
Kepler-1513 b,Kepler-1513,48.30991786,8.594,160.8842,Transit,2016,5491.0,0.95
Kepler-230 c,Kepler-230,4.82,2.04,91.773242,Transit,2014,5588.0,0.817
HATS-16 b,HATS-16,1039.3041,14.5717,2.686502,Transit,2016,5738.0,1.238
Kepler-1091 b,Kepler-1091,2.73,1.46,1.434741564,Transit,2016,5851.0,1.03
TOI-251 b,TOI-251,317.83,2.74,4.93777,Transit,2021,5875.0,0.881
Kepler-1713 b,Kepler-1713,3.59,1.71673535,18.01160049,Transit,2021,6477.0,1.459
K2-3 c,K2-3,2.68,1.582,24.646729,Transit,2015,3844.0,0.546
Kepler-295 b,Kepler-295,1.98,1.22,12.645164,Transit,2014,5603.0,0.898
HATS-3 b,HATS-3,340.382,15.48,3.547851,Transit,2013,6351.0,1.404
Kepler-1121 b,Kepler-1121,4.31,1.91,13.15141081,Transit,2016,6231.0,1.59
Kepler-466 c,Kepler-466,2.1,1.25,3.709213846,Transit,2016,5927.0,1.05
Kepler-197 c,Kepler-197,5.3,1.23,10.349695,Transit,2014,6004.0,1.12
TOI-1839 b,TOI-1839,5.56,2.21895097,1.42378440907,Transit,2026,5315.91,0.848099
CoRoT-36 b,CoRoT-36,216.12331676,15.80466279,5.616531,Transit,2022,6730.0,1.52
Kepler-402 d,Kepler-402,2.48,1.38,8.921099,Transit,2014,6090.0,1.264
TOI-1478 b,TOI-1478,279.68899816,11.99360935,10.1802117,Transit,2021,5597.0,1.048
GJ 832 b,GJ 832,314.65012293,13.8,3853.0,Radial Velocity,2008,3472.0,0.441557
Barnard b,Barnard's star,0.299,0.72,3.1542,Radial Velocity,2024,3195.0,0.185
TOI-969 c,TOI-969,3591.4609991,12.4,1700.0,Radial Velocity,2022,4435.0,0.671
GJ 3082 b,GJ 3082,8.2,2.79,11.949,Radial Velocity,2020,3910.0,0.465216
TOI-1294 b,TOI-1294,63.9,10.12369881,3.915292,Transit,2024,5718.0,1.5566
HD 222155 b,HD 222155,581.62598481,13.4,3999.0,Radial Velocity,2011,5701.0,1.85
KOI-351 b,KOI-351,2.27,1.31,7.008151,Transit,2013,6080.0,1.2
WASP-151 b,WASP-151,100.43377661,13.30506009,4.5334775,Transit,2017,5871.0,1.181
HD 117618 b,HD 117618,55.30242,8.59,25.8,Radial Velocity,2004,5990.0,1.2
Kepler-1629 b,Kepler-1629,0.381,0.77,3.87595807,Transit,2016,5776.0,1.01
Kepler-414 b,Kepler-414,3.5,1.71,4.7,Transit Timing Variations,2014,5536.0,0.946
HIP 57274 d,HIP 57274,167.4,14.2,431.7,Radial Velocity,2011,4640.0,0.68
K2-289 b,K2-289,61.0,9.1,13.156969,Transit,2019,5529.0,1.025
HD 102888 b,HD 102888,1808.44363583,12.8,252.06,Radial Velocity,2025,4990.0,8.6
K2-38 b,K2-38,7.3,1.54,4.01593,Transit,2016,5731.0,1.06
GJ 1002 b,GJ 1002,1.08,1.03,10.3465,Radial Velocity,2022,3024.0,0.137
HD 212301 b,HD 212301,162.0933,14.2,2.24571,Radial Velocity,2005,6239.0,1.16
WASP-96 b,WASP-96,152.55,13.45,3.4252602,Transit,2014,5540.0,1.05
Kepler-1680 b,Kepler-1680,2.42,1.35954736,8.77424,Transit,2020,5021.0,0.723259
K2-378 b,K2-378,8.65,2.88,2.060438,Transit,2022,4823.0,0.732
HD 43197 b,HD 43197,175.75910907,14.2,308.92072,Radial Velocity,2010,5508.0,1.0
Kepler-379 c,Kepler-379,5.86,2.29,62.784697,Transit,2014,6054.0,1.306
Kepler-1321 b,Kepler-1321,21.5,4.92,11.12830484,Transit,2016,4094.0,0.53
Kepler-29 b,Kepler-29,5.0,2.55,10.33974,Transit,2011,5378.0,0.732
TOI-178 e,TOI-178,3.48,2.301,9.96318,Transit,2021,4316.0,0.662
Kepler-1486 b,Kepler-1486,5.99,2.32,54.6495759,Transit,2016,5965.0,1.12
Kepler-1718 b,Kepler-1718,7.12,2.5685207,135.1880035,Transit,2021,5731.0,0.906
Kepler-1599 b,Kepler-1599,3.26,1.62,122.363553,Transit,2016,5767.0,0.99
HD 25912 b,HD 25912,38.13940884,6.9,41.83156,Radial Velocity,2022,5920.58,0.995896
TOI-5108 b,TOI-5108,32.0,6.6,6.753581,Transit,2025,5808.0,1.29
TOI-4914 b,TOI-4914,227.0,12.87,10.60057,Transit,2024,5805.0,1.0
TOI-4495 b,TOI-4495,7.7,2.483,2.56699,Transit,2026,6210.0,1.309
K2-37 c,K2-37,6.39,2.41,6.42966,Transit,2016,5352.0,0.809
Kepler-911 b,Kepler-911,7.27,2.6,20.310501,Transit,2016,6112.0,1.99
HD 114783 b,HD 114783,349.6,13.7,493.7,Radial Velocity,2001,5135.0,0.840622
USco1556 b,USco1556 A,4767.45,12.3,,Imaging,2019,3410.0,0.668108
Kepler-1679 b,Kepler-1679,4.93,2.0692036,9.75376,Transit,2020,5501.0,0.873196
Kepler-238 b,Kepler-238,3305.02,1.73,2.090876,Transit,2014,5751.0,1.43
Kepler-67 b,Kepler-67,8.96,2.94,15.7259,Transit,2013,5331.0,0.778
Kepler-350 c,Kepler-350,6.1,3.1,17.849,Transit,2013,6492.3,1.25
Kepler-1327 b,Kepler-1327,3.89,1.8,14.88801098,Transit,2016,5885.0,1.03
Kepler-677 b,Kepler-677,25.0,5.38,6.57531678,Transit,2016,5723.0,0.99
HD 187123 c,HD 187123,912.16752809,13.2,3810.0,Radial Velocity,2008,5790.0,1.15043
Kepler-773 b,Kepler-773,2.63,1.43,3.749100061,Transit,2016,5850.0,1.01
BD-06 1339 c,BD-06 1339,53.0,8.38,125.94,Radial Velocity,2013,4324.0,0.686355
Kepler-816 b,Kepler-816,74.5,10.24,10.506825646,Transit,2016,5286.0,0.85
HD 51608 b,HD 51608,12.77,3.62,14.0726,Radial Velocity,2019,5358.0,0.916136
HD 219134 c,HD 219134,4.36,1.511,6.76458,Radial Velocity,2015,4699.0,0.778
K2-239 d,K2-239,1.37,1.1,10.115,Transit,2018,3420.0,0.36
NGC 2682 YBP 401 b,NGC 2682 YBP 401,146.2018,14.3,4.087,Radial Velocity,2016,6165.0,1.215821
HD 142 b,HD 142,2256.5816897,12.7,351.43394,Radial Velocity,2001,6245.0,1.47
HD 125390 b,HD 125390,8646.20398403,11.9,1757.39151,Radial Velocity,2019,4882.0,6.47
Kepler-182 c,Kepler-182,11.6,3.43,20.684342,Transit,2014,6250.0,1.146
Kepler-880 c,Kepler-880,8.6,2.87,11.8061737,Transit,2023,6900.0,2.599
Kepler-1303 b,Kepler-1303,2.6,1.42,7.56127224,Transit,2016,5771.0,1.0
Kepler-110 c,Kepler-110,5.52,2.21,31.719775,Transit,2014,5960.0,1.149
Kepler-273 c,Kepler-273,4.58,1.98,8.014927,Transit,2014,5626.0,0.815
Kepler-1016 b,Kepler-1016,5.39,2.18,1.954524342,Transit,2016,5821.0,1.0
GJ 273 b,GJ 273,2.89,1.51,18.6498,Radial Velocity,2017,3382.0,0.293
HIP 54373 c,HIP 54373,12.44,3.57,15.144,Radial Velocity,2019,4021.0,0.564998
Kepler-34 b,Kepler-34,69.92,8.564,288.822,Transit,2011,5913.0,1.1618
HD 108236 e,HD 108236,9.71,3.083,19.590025,Transit,2020,5660.0,0.877
Kepler-1232 b,Kepler-1232,4.38,1.93,26.7839183,Transit,2016,5471.0,0.89
L 363-38 b,L 363-38,4.67,2.0,8.781,Radial Velocity,2023,3129.0,0.274
TOI-375 b,TOI-375,236.78216321,10.77183045,9.45469,Transit,2026,5259.9,2.9
WASP-64 b,WASP-64,403.945,14.247,1.5732918,Transit,2012,5400.0,1.058
Kepler-417 c,Kepler-417,7.7,2.69,15.943,Transit Timing Variations,2014,5177.0,0.806
TIC 24750448 c,TIC 24750448,9.75,3.09028272,10.14385270726,Transit,2026,4545.43,0.713599
K2-408 b,K2-408,3.45,1.677,20.978959,Transit,2022,5335.0,0.784
WASP-190 b,WASP-190,317.83,12.89035,5.367753,Transit,2019,6400.0,1.6
HIP 55507 b,HIP 55507,2585.53409095,12.6,5138.43727,Radial Velocity,2022,4171.0,0.723643
Kepler-940 b,Kepler-940,11.1,3.34,59.6225257,Transit,2016,5769.0,0.96
Kepler-398 c,Kepler-398,1.01,1.01,11.419412,Transit,2014,4493.0,0.613
MOA-2015-BLG-337L b,MOA-2015-BLG-337L,33.7,6.42,,Microlensing,2018,,
WASP-74 b,WASP-74,228.8376,15.24424,2.13775,Transit,2015,5990.0,1.42
TRAPPIST-1 d,TRAPPIST-1,0.388,0.788,4.049219,Transit,2016,2566.0,0.1192
HD 96063 b,HD 96063,403.6441,13.7,362.5,Radial Velocity,2011,5020.0,4.75
Kepler-524 c,Kepler-524,0.84,0.96,1.88897906,Transit,2016,6014.0,1.1
Kepler-1916 b,Kepler-1916,7.35,2.61757235,31.25429916,Transit,2021,6246.0,1.092
TOI-1648 b,TOI-1648,7.4,2.54,7.331602,Transit,2025,4850.0,0.81
Kepler-399 d,Kepler-399,4.23,1.89,58.034616,Transit,2014,5502.0,0.68
Kepler-534 c,Kepler-534,2.02,1.227,7.378689766,Transit,2021,5936.0,0.965
TOI-5817 b,TOI-5817,10.3,3.08,15.61031,Transit,2025,5770.0,1.427
TIC 320419023 b,TIC 320419023,8.11,2.77280763,5.26375651589,Transit,2026,5703.36,0.952319
Kepler-1063 b,Kepler-1063,2.83,1.49,14.07971466,Transit,2016,5945.0,1.14
TIC 65612701 b,TIC 65612701,22.7,5.07802804,10.22467974953,Transit,2026,5692.29,1.73709
Kepler-391 c,Kepler-391,450.0,2.88,20.501,Transit,2014,5038.0,2.879
TOI-1105 b,TOI-1105,9.58,3.05823658,10.86818410933,Transit,2026,4678.46,0.755833
Kepler-136 c,Kepler-136,4.62,1.99,16.399235,Transit,2014,6165.0,1.355
EPIC 249893012 d,EPIC 249893012,10.18,3.94,35.747,Transit,2020,5430.0,1.71
Kepler-283 b,Kepler-283,5.18,2.13,11.008151,Transit,2014,4351.0,0.566
TOI-5595 b,TOI-5595,20.1,4.73740402,5.99002553853,Transit,2026,4417.3,0.743344
Kepler-1705 b,Kepler-1705,4.47,2.03,9.03502,Transit,2021,6312.0,1.259
HD 3651 b,HD 3651,72.46524,10.1,62.25,Radial Velocity,2003,5221.0,0.871954
OGLE-2014-BLG-1722L c,OGLE-2014-BLG-1722L,83.7,11.0,,Microlensing,2018,,
HAT-P-52 b,HAT-P-52,259.98494,11.309881,2.7535953,Transit,2015,5131.0,0.893
HD 154391 b,HD 154391,2892.2385037,12.5,5163.0,Radial Velocity,2023,4909.0,8.56
TOI-4438 b,TOI-4438,5.4,2.52,7.44628,Transit,2024,3422.0,0.372
K2-38 c,K2-38,8.3,2.29,10.56103,Transit,2016,5731.0,1.06
Kepler-1982 b,Kepler-1982,0.381,0.77,3.82315697,Transit,2023,6202.0,1.122
KMT-2016-BLG-1337L b,KMT-2016-BLG-1337L,88.99195396,11.4,,Microlensing,2026,,
TOI-697 b,TOI-697,6.16,2.35859364,8.60788713593,Transit,2026,5681.95,0.968149
TOI-4747 b,TOI-4747,14.8,3.95803201,5.21924158592,Transit,2026,5595.08,0.988751
Kepler-292 f,Kepler-292,6.12,2.35,20.834237,Transit,2014,5299.0,0.826
Kepler-184 c,Kepler-184,8.8,1.97,20.303005,Transit,2014,5788.0,0.873
XO-6 b,XO-6,1398.452,23.20263,3.7650007,Transit,2016,6720.0,1.93
Kepler-1859 b,Kepler-1859,3.13,1.58313575,2.729599953,Transit,2021,5887.0,1.235
TOI-3912 b,TOI-3912,129.03833324,14.28024141,3.4936264,Transit,2023,5725.0,1.392
Kepler-650 b,Kepler-650,9.06,2.96,3.032145588,Transit,2016,5849.0,1.35
K2-261 b,K2-261,68.96876432,9.26982704,11.6334681,Transit,2018,5490.0,1.663
Kepler-128 b,Kepler-128,3.79,1.421,15.0,Transit,2013,6072.0,1.659
Lupus-TR-3 b,Lupus-TR-3,257.431,9.976,3.91405,Transit,2007,5000.0,0.82
Kepler-1281 b,Kepler-1281,3.33,1.64,3.11602791,Transit,2016,5353.0,0.83
HATS-34 b,HATS-34,299.07803,16.02887,2.1061607,Transit,2016,5380.0,0.98
TOI-771 b,TOI-771,2.47,1.36,2.3260155,Transit,2024,3370.0,0.232
Kepler-1693 b,Kepler-1693,2.21,1.28938413,12.0999,Transit,2020,5432.34,0.878295
Kepler-1087 b,Kepler-1087,0.165,0.61,0.693842855,Transit,2016,5589.0,0.94
MOA-2016-BLG-319L b,MOA-2016-BLG-319L,200.0,14.1,,Microlensing,2018,,
Kepler-104 b,Kepler-104,19.6,3.1,11.427548,Transit,2014,5711.0,1.349
HD 164922 e,HD 164922,10.52012027,3.23,41.763,Radial Velocity,2021,5393.43,1.001813
HAT-P-51 b,HAT-P-51,97.57332095,13.50682174,4.21802091,Transit,2015,5453.0,0.995
TOI-1226 b,TOI-1226,6.39,2.4101112,3.92880881576,Transit,2026,5434.91,0.986943
Kepler-491 b,Kepler-491,59.0,8.92,4.225384512,Transit,2016,5582.0,1.03
Kepler-1849 b,Kepler-1849,6.29,2.38685349,57.29290009,Transit,2021,4806.0,0.729
Kepler-316 c,Kepler-316,1.65,1.16,6.827766,Transit,2014,4204.0,0.52
DMPP-1 d,DMPP-1,4.72,2.02,3.1417,Radial Velocity,2019,6196.0,1.26
HD 164922 d,HD 164922,4.0,1.83,12.458,Radial Velocity,2020,5390.0,0.946
Kepler-533 b,Kepler-533,11.4,3.38,28.51120525,Transit,2016,4758.0,0.72
TOI-3894 b,TOI-3894,260.61929374,15.27784069,4.33454,Transit,2024,6000.0,1.502
Kepler-392 c,Kepler-392,1.37,1.1,10.423118,Transit,2014,5938.0,1.129
K2-123 b,K2-123,8.05,2.76,30.951524,Transit,2017,4035.0,0.59
TIC 183374187 b,TIC 183374187,177.98390792,14.03364384,5.05907,Transit,2026,5768.0,1.344
TIC 290487717 b,TIC 290487717,35.7,6.63777941,3.400818229,Transit,2026,5328.97,0.943767
Kepler-1543 b,Kepler-1543,7.8,2.71,6.96710269,Transit,2016,6561.0,1.65
CoRoT-10 b,CoRoT-10,874.0,10.87,13.2406,Transit,2010,5075.0,0.79
HD 45184 b,HD 45184,12.19,3.52,5.8854,Radial Velocity,2019,5869.0,1.075139
TOI-1136 c,TOI-1136,6.32,2.879,6.2574,Transit,2022,5770.0,0.968
Kepler-1470 b,Kepler-1470,1.24,1.07,16.2950903,Transit,2016,4961.0,0.76
GJ 1061 d,GJ 1061,1.67,1.16,13.066,Radial Velocity,2020,2953.0,0.156
TOI-1249 b,TOI-1249,11.9,3.2710301,13.079151,Transit,2024,5497.0,0.9785
HD 15337 b,HD 15337,6.519,1.77,4.7559804,Transit,2019,5131.0,0.855
Kepler-715 b,Kepler-715,13.5,3.75,10.00652995,Transit,2016,5871.0,1.04
TOI-969 b,TOI-969,9.1,2.765,1.8237305,Transit,2022,4435.0,0.671
KMT-2021-BLG-1077L b,KMT-2021-BLG-1077L,69.92224954,9.86,,Microlensing,2022,,
K2-224 c,K2-224,6.39,2.41,10.09489,Transit,2018,5620.0,0.84
Kepler-700 b,Kepler-700,30.0,5.99,80.8720639,Transit,2016,5692.0,0.96
Kepler-472 b,Kepler-472,10.5,3.22,4.176255514,Transit,2016,4996.0,0.78
Kepler-1444 b,Kepler-1444,5.39,2.18,33.42035034,Transit,2016,5810.0,1.05
TYC 2187-512-1 b,TYC 2187-512-1,104.88337431,12.5,691.9,Radial Velocity,2022,3734.0,0.495
HD 142 c,HD 142,3464.64746471,12.4,10159.64279,Radial Velocity,2012,6245.0,1.47
Kepler-1129 b,Kepler-1129,9.06,2.96,24.3397804,Transit,2016,5831.0,1.0
Kepler-824 b,Kepler-824,4.16,1.87,4.51436633,Transit,2016,6035.0,1.22
HIP 99770 b,HIP 99770,5403.082919,12.2,18600.0,Imaging,2023,8000.0,1.93986
KMT-2021-BLG-0852L b,KMT-2021-BLG-0852L,155.73591943,14.2,,Microlensing,2026,,
OGLE-2016-BLG-0613L AB b,OGLE-2016-BLG-0613L AB,1330.0,13.0,,Microlensing,2017,,
HD 5319 c,HD 5319,334.67499,13.8,872.2,Radial Velocity,2014,4871.0,4.06
K2-168 b,K2-168,4.12,1.86,15.8523,Transit,2018,5502.7,0.83
Kepler-1236 b,Kepler-1236,5.22,2.14,31.0571618,Transit,2016,5337.0,0.82
Kepler-1275 b,Kepler-1275,2.79,1.48,3.65691115,Transit,2016,6296.0,1.36
Kepler-62 d,Kepler-62,14.0,1.95,18.16406,Transit,2013,4925.0,0.64
Kepler-720 b,Kepler-720,53.4,8.41,4.708326542,Transit,2016,5618.0,0.92
Kepler-1690 b,Kepler-1690,8.3,2.81109223,234.636,Transit,2020,5404.0,0.862346
SR 12 AB c,SR 12 AB,4131.62,12.3,,Imaging,2010,3828.93,1.103075
Kepler-150 b,Kepler-150,2.1,1.25,3.428054,Transit,2014,5560.0,0.939
Kepler-1428 b,Kepler-1428,3.33,1.64,10.67607169,Transit,2016,6184.0,1.36
Kepler-1133 b,Kepler-1133,4.54,1.97,11.55562343,Transit,2016,5569.0,0.9
GJ 328 b,GJ 328,797.74930157,13.3,3771.0,Radial Velocity,2013,3897.0,0.63
HD 16175 b,HD 16175,1875.1876013,12.8,990.0,Radial Velocity,2009,5981.0,1.72
HR 5183 b,HR 5183,1052.01202717,13.1,27000.0,Radial Velocity,2019,5794.0,1.53
Kepler-1307 b,Kepler-1307,6.66,2.47,18.01621096,Transit,2016,5884.0,1.08
Kepler-1195 b,Kepler-1195,4.98,2.08,8.49642241,Transit,2016,4965.0,0.71
TIC 142589416 b,TIC 142589416,7.65,2.67899519,2.09518466313,Transit,2026,4396.27,0.713832
Kepler-325 c,Kepler-325,6.99,2.54,12.762172,Transit,2014,5752.0,1.003
K2-244 b,K2-244,3.71,1.75,21.06884,Transit,2018,5677.0,0.92
EPIC 212737443 c,EPIC 212737443,7.7,2.69,65.55,Transit,2019,4684.0,0.673
Kepler-1816 b,Kepler-1816,4.53,1.9679397,91.50099945,Transit,2021,5051.0,0.706
WASP-36 b,WASP-36,750.39663,14.874343,1.53736596,Transit,2011,5959.0,0.985
Kepler-1176 b,Kepler-1176,6.57,2.45,24.1738579,Transit,2016,5844.0,1.02
Kepler-1783 b,Kepler-1783,2.3,1.31946731,8.277440071,Transit,2021,5129.0,1.781
Kepler-106 d,Kepler-106,8.1,0.95,23.9802,Transit,2014,5858.0,1.04
TOI-2194 b,TOI-2194,4.61,1.9892,15.337597,Transit,2023,4756.0,0.6909
Kepler-189 b,Kepler-189,1.92,1.21,10.399931,Transit,2014,5235.0,0.75
KMT-2017-BLG-0165L b,KMT-2017-BLG-0165L,34.0,6.45,,Microlensing,2018,,
Kepler-1143 c,Kepler-1143,12.6,3.6,210.630591,Transit,2016,5053.0,0.77
TOI-261.02,TOI-261,11.2,3.34822227,13.03935862135,Transit,2021,5890.3,1.31383
HATS-30 b,HATS-30,224.38798,13.170575,3.1743516,Transit,2016,5943.0,1.061
K2-136 d,K2-136,3.0,1.565,25.575,Transit,2017,4500.0,0.677
HD 177830 c,HD 177830,47.6725,7.87,110.9,Radial Velocity,2010,4949.0,2.62
TOI-1693 b,TOI-1693,2.57,1.41,1.7666957,Transit,2022,3499.0,0.46
TOI-2587 A b,TOI-2587 A,69.28659273,12.07207221,5.45664,Transit,2023,5760.0,1.726
Kepler-837 b,Kepler-837,7.08,2.56,16.56059504,Transit,2016,5403.0,0.81
Kepler-1031 b,Kepler-1031,0.59,0.87,1.22621732,Transit,2016,6011.0,1.12
Kepler-1154 b,Kepler-1154,6.08,2.34,5.1856142,Transit,2016,6327.0,1.43
55 Cnc c,55 Cnc,54.4738,8.51,44.3936,Radial Velocity,2004,5198.0,0.98
Kepler-919 b,Kepler-919,5.69,2.25,11.04603384,Transit,2016,6113.0,1.21
Kepler-60 b,Kepler-60,4.19,1.71,7.1334,Transit,2012,5905.0,1.257
HD 115954 b,HD 115954,2685.65003915,12.6,3700.0,Radial Velocity,2021,5957.0,1.213
OGLE-2018-BLG-1119L b,OGLE-2018-BLG-1119L,289.22385037,13.9,,Microlensing,2022,,
Kepler-1490 b,Kepler-1490,9.48,3.04,92.4362973,Transit,2016,5515.0,0.87
HD 42012 b,HD 42012,508.528,13.5,857.5,Radial Velocity,2017,5405.0,0.82
Kepler-556 b,Kepler-556,5.65,2.24,11.72292176,Transit,2016,5740.0,0.98
Kepler-109 c,Kepler-109,8.2,2.65,21.22265,Transit,2014,5950.0,1.387
Kepler-48 e,Kepler-48,657.0,13.4,982.0,Radial Velocity,2014,5194.0,0.89
HD 49674 b,HD 49674,31.783,6.2,4.94737,Radial Velocity,2002,5602.0,1.02
Kepler-101 c,Kepler-101,3.78,1.25,6.02976,Transit,2014,5667.0,1.56
K2-59 b,K2-59,6.39,2.41,20.6921,Transit,2016,5055.0,0.731
TOI-3884 b,TOI-3884,32.59,6.43,4.5445828,Transit,2022,3180.0,0.302
KELT-24 b,KELT-24,1458.83238813,12.71098411,5.55149296,Transit,2019,6426.0,1.338
Kepler-1200 b,Kepler-1200,1.2,1.06,1.118549717,Transit,2016,4612.0,0.7
Kepler-26 d,Kepler-26,1.24,1.07,3.543919,Transit,2014,4486.0,0.571
2MASS J19383260+4603591 b,2MASS J19383260+4603591,603.877,13.4,406.0,Eclipse Timing Variations,2015,29564.0,0.203
Kepler-363 c,Kepler-363,66.4,1.69,7.542427,Transit,2014,5593.0,1.485
WASP-94 A b,WASP-94 A,158.915,17.71022,3.95019,Transit,2014,6170.0,1.48
LHS 1678 c,LHS 1678,1.4,0.941,3.694284,Transit,2021,3490.0,0.329
HATS-12 b,HATS-12,759.6137,7.76,3.142702,Transit,2016,6357.0,1.17
Kepler-858 b,Kepler-858,21.1,4.87,76.13602028,Transit,2016,5653.0,0.91
Kepler-450 d,Kepler-450,17.6,0.837,7.51464,Transit,2015,6197.21,1.64162
K2-316 c,K2-316,4.01,1.83,5.26,Transit,2020,3436.0,0.379
Kepler-1892 b,Kepler-1892,4.03,1.83707938,6.331230164,Transit,2021,5383.0,0.759
HD 80606 b,HD 80606,1323.46926959,11.56766808,111.436765,Radial Velocity,2001,5565.0,1.05
Kepler-432 b,Kepler-432,1719.4603,12.834305,52.501129,Transit,2015,4995.0,4.06
K2-396 c,K2-396,9.93,3.124,25.76051,Transit,2022,5236.0,0.92
Kepler-1108 b,Kepler-1108,2.73,1.46,4.51005748,Transit,2016,5406.0,0.84
Kepler-203 b,Kepler-203,7.13,2.57,3.162697,Transit,2014,5821.0,1.114
Kepler-1656 c,Kepler-1656,126.4,14.0,1919.0,Radial Velocity,2022,5569.0,1.1
2MASS J01033563-5515561 AB b,2MASS J01033563-5515561 A,4131.79,12.3,,Imaging,2013,,
HD 143105 b,HD 143105,384.5743,13.7,2.1974,Radial Velocity,2016,6380.0,1.647304
Kepler-1992 b,Kepler-1992,0.693,0.91,15.6112238,Transit,2023,5383.0,0.842
HD 159868 c,HD 159868,244.09344,14.0,351.0,Radial Velocity,2012,5534.0,2.13
Kepler-140 b,Kepler-140,3.22,1.61,3.25427,Transit,2014,6077.0,1.288
HATS-69 b,HATS-69,183.38791,10.592505,2.2252577,Transit,2018,5137.0,0.8785
Kepler-139 b,Kepler-139,7.0,2.94,15.771044,Transit,2014,5594.0,1.3
bet UMi b,bet UMi,1938.7,12.7,522.3,Radial Velocity,2014,4126.0,38.3
Kepler-134 b,Kepler-134,4.66,2.0,5.317429,Transit,2014,5983.0,1.176
Kepler-1665 b,Kepler-1665,8.44,2.83910787,11.9548,Transit,2020,5049.84,0.777785
HD 108236 f,HD 108236,4.72,2.017,29.54115,Transit,2021,5660.0,0.877
HD 73344 b,HD 73344,10.48,2.884,15.611,Transit,2024,6252.6,1.22
Kepler-1617 b,Kepler-1617,1.87,1.2,27.4785572,Transit,2016,6167.0,1.22
Kepler-2001 c,Kepler-2001,3.97,1.82,14.092583189,Transit,2023,5081.0,0.77
Kepler-1443 b,Kepler-1443,0.871,0.97,2.41811321,Transit,2016,6289.0,1.27
XO-1 b,XO-1,263.7989,12.77826,3.94153,Transit,2006,5750.0,0.88
HD 206893 c,HD 206893,3527.8953177,16.36511182,2290.0,Imaging,2022,6500.0,1.31116
HD 233832 b,HD 233832,565.7374,13.5,2058.0,Radial Velocity,2018,4981.0,0.68
TOI-2364 b,TOI-2364,71.51139158,8.60849718,4.0197517,Transit,2023,5306.0,0.886
Kepler-30 d,Kepler-30,23.1,8.8,143.34394,Transit,2012,5498.0,0.95
Kepler-1125 b,Kepler-1125,4.04,1.84,17.6700642,Transit,2016,5683.0,0.94
TOI-4527.01,TOI-4527,0.689,0.9086617,0.3994445,Transit,2024,3702.0,0.485948
Kepler-1321 c,Kepler-1321,6.35,2.4,2.226491086,Transit,2016,4094.0,0.53
HD 73344 d,HD 73344,810.46243785,13.2,5823.0,Radial Velocity,2025,6148.0,1.22
TOI-6692 b,TOI-6692,197.05361234,11.67975789,131.125,Transit,2026,5890.0,1.385
Kepler-792 b,Kepler-792,4.5,1.96,11.30119217,Transit,2016,5971.0,1.12
K2-80 c,K2-80,2.76,1.47,5.605,Transit,2016,5441.0,0.87
TOI-6000 b,TOI-6000,0.779,0.94,0.448959,Transit,2025,3419.0,0.38
HD 28109 b,HD 28109,6.2,2.69,22.891054,Transit,2022,6189.0,1.425
Kepler-891 b,Kepler-891,33.6,6.41,53.44945593,Transit,2016,5887.0,1.07
TOI-5624 d,TOI-5624,4.9,3.584,13.731468,Transit,2026,5327.0,0.82
Kepler-765 b,Kepler-765,6.48,2.43,27.6655226,Transit,2016,5901.0,1.06
K2-18 b,K2-18,8.92,2.37,32.939623,Transit,2015,3457.0,0.411
Kepler-1516 b,Kepler-1516,3.71,1.75,7.25931979,Transit,2016,5904.0,1.07
Kepler-1159 b,Kepler-1159,6.21,2.37,22.70816791,Transit,2016,6217.0,1.28
HATS-18 b,HATS-18,629.144485,14.896761,0.83784,Transit,2016,5600.0,1.02
TOI-1873 b,TOI-1873,8.57,2.86356397,7.00572708834,Transit,2026,5597.99,0.971675
Kepler-113 b,Kepler-113,11.7,1.82,4.754,Transit,2014,4725.0,0.69
TIC 160113658 b,TIC 160113658,12.0,3.49015778,6.72952262077,Transit,2026,4817.31,0.789834
CoRoT-25 b,CoRoT-25,85.81,12.11,4.86069,Transit,2013,6040.0,1.19
HD 216536 b,HD 216536,333.7215,13.8,148.60001,Radial Velocity,2015,4639.0,9.83
TOI-2407 b,TOI-2407,16.8,4.26,2.702969,Transit,2025,3530.0,0.567
Kepler-1060 b,Kepler-1060,6.26,2.38,46.8779367,Transit,2016,5797.0,0.99
Kepler-154 e,Kepler-154,2.86,1.5,3.93276465,Transit,2016,5769.0,0.98
Kepler-1844 b,Kepler-1844,9.46,3.03648191,3.924510002,Transit,2021,5776.0,0.849
Kepler-1036 b,Kepler-1036,9.32,3.01,122.8808058,Transit,2016,5533.0,0.89
Kepler-561 c,Kepler-561,7.65,2.68,5.350161983,Transit,2016,5646.0,0.94
Kepler-37 b,Kepler-37,0.79,0.3098,13.36702,Transit,2013,5357.0,0.789
TOI-2431 b,TOI-2431,6.2,1.534,0.22419578,Transit,2026,4109.0,0.651
Kepler-585 b,Kepler-585,8.4,2.83,2.752359753,Transit,2016,5593.0,0.93
K2-203 b,K2-203,2.14,1.26549392,9.6952,Transit,2018,5026.0,0.765
Kepler-233 b,Kepler-233,6.48,2.43,8.472382,Transit,2014,5360.0,0.758
Kepler-1863 b,Kepler-1863,5.74,2.26309256,44.99760056,Transit,2021,5871.0,0.983
Kepler-356 c,Kepler-356,3.93,1.81,13.121632,Transit,2014,6133.0,1.335
Kepler-1865 b,Kepler-1865,3.11,1.57686072,2.524009943,Transit,2021,5420.0,0.871
TOI-5126 b,TOI-5126,20.2,4.74,5.4588385,Transit,2023,6150.0,1.241
VHS J125601.92-125723.9 b,VHS J125601.92-125723.9,5085.254512,13.67495645,5800000.0,Imaging,2015,2620.0,
Kepler-505 b,Kepler-505,7.27,2.6,27.52197994,Transit,2016,3931.0,0.53
WASP-147 b,WASP-147,87.40325,12.498035,4.60273,Transit,2018,5702.0,1.429
HD 23079 c,HD 23079,8.26,2.8,5.748913,Radial Velocity,2025,5994.0,1.08
Kepler-166 d,Kepler-166,3.64,1.73,1.554003928,Transit,2016,5350.0,0.83
Kepler-1480 b,Kepler-1480,3.43,1.67,22.12679948,Transit,2016,5156.0,0.81
Kepler-1987 d,Kepler-1987,7.56,2.66,5.644914154,Transit,2023,4769.0,0.714
Qatar-4 b,Qatar-4,1938.763,12.722215,1.8053564,Transit,2017,5215.0,0.849
HD 125612 d,HD 125612,2281.37230545,12.7,2822.72698,Radial Velocity,2009,5900.0,1.07
Kepler-245 b,Kepler-245,146.78,2.57,7.49019,Transit,2014,5100.0,0.795
TOI-2141 c,TOI-2141,6.14,2.35,5.4624,Radial Velocity,2025,5635.0,0.95
WASP-4 b,WASP-4,381.3940884,15.12091496,1.338230994,Transit,2007,5436.0,0.912
Kepler-1556 b,Kepler-1556,4.5,1.96,8.82713457,Transit,2016,5608.0,0.95
Kepler-209 b,Kepler-209,5.73,2.26,16.087845,Transit,2014,5513.0,0.935
OGLE-2018-BLG-1269L b,OGLE-2018-BLG-1269L,210.0,14.1,,Microlensing,2020,,
Kepler-131 c,Kepler-131,8.25,0.84,25.5169,Transit,2014,5685.0,1.03
Kepler-24 d,Kepler-24,293.959,1.67,4.244384,Transit,2014,5897.0,1.289
HD 28254 b,HD 28254,1207.7479466,13.0,1333.0,Radial Velocity,2010,5664.0,1.48
HD 127195 c,HD 127195,206.58846455,14.1,836.99,Radial Velocity,2026,4981.0,4.16
HATS-40 b,HATS-40,505.3497,17.71022,3.2642736,Transit,2018,6460.0,2.26
K2-266 e,K2-266,14.3,2.73,19.482,Transit,2018,4285.0,0.703
HD 33283 b,HD 33283,104.56607,12.5,18.1991,Radial Velocity,2006,5935.0,1.97
WASP-17 b,WASP-17,247.9074,20.96083,3.73543,Transit,2009,6550.0,1.49
Kepler-237 b,Kepler-237,2.57,1.41,4.715106,Transit,2014,4861.0,0.725
K2-126 b,K2-126,4.54,1.97,7.385655,Transit,2017,4339.0,0.65
HD 224018 d,HD 224018,4.2,2.4,138.0731,Transit,2025,5784.0,1.147
HD 125612 b,HD 125612,945.22168242,13.2,557.69994,Radial Velocity,2007,5900.0,1.07
K2-183 b,K2-183,1.37,1.1,0.469285,Transit,2018,5482.0,0.87
HD 109988 b,HD 109988,6935.33366915,12.1,17132.15854,Radial Velocity,2022,5185.97,0.869694
Kepler-100 e,Kepler-100,24.14271827,5.27,60.888588,Radial Velocity,2023,5884.0,1.5
Kepler-219 c,Kepler-219,12.5,3.58,22.714613,Transit,2014,5786.0,1.491
K2-141 c,K2-141,8.0,7.0,7.7485,Transit,2018,4570.0,0.681
Kepler-1790 b,Kepler-1790,10.0,3.1446145,31.58889961,Transit,2021,5866.0,1.367
Kepler-1641 c,Kepler-1641,9.01,2.95,32.657212,Transit,2016,6152.0,1.19
HD 75898 c,HD 75898,2698.36317543,12.6,6717.0,Radial Velocity,2024,6122.0,1.55
WASP-155 b,WASP-155,276.8285425,13.45077684,3.110413,Transit,2025,5660.0,1.24
K2-386 b,K2-386,5.99,2.32,7.473223,Transit,2022,5749.0,0.97
HATS-35 b,HATS-35,388.38826,16.409976,1.8209993,Transit,2016,6300.0,1.433
Kepler-918 b,Kepler-918,3.68,1.74,4.85386933,Transit,2016,6028.0,1.14
GJ 806 c,GJ 806,5.8,2.28,6.64064,Radial Velocity,2023,3600.0,0.4144
K2-206 b,K2-206,8.22,2.79522879,18.294549,Transit,2018,5043.0,0.758046
Kepler-141 b,Kepler-141,0.257,0.69,3.107675,Transit,2014,4910.0,0.787
Kepler-582 b,Kepler-582,13.1,3.68,18.49235668,Transit,2016,5564.0,0.91
TOI-912 b,TOI-912,5.1,1.93,4.6780691,Transit,2025,3572.0,0.419
Kepler-335 c,Kepler-335,9.64,3.07,67.844469,Transit,2014,5877.0,1.854
XO-2 S c,XO-2 S,438.60320166,13.6,120.059,Radial Velocity,2014,5325.0,1.02
Kepler-31 d,Kepler-31,2161.244,3.9,87.6451,Transit,2014,6340.0,1.22
TOI-4427 b,TOI-4427,87.72064033,13.09208946,4.6182621,Transit,2026,5347.0,0.89
TOI-2583 A b,TOI-2583 A,79.45710175,14.4595851,4.5207265,Transit,2023,5936.0,1.477
Kepler-966 b,Kepler-966,16.0,4.13,99.747622,Transit,2016,5840.0,1.02
HD 50499 c,HD 50499,931.2419,13.2,8619.9,Radial Velocity,2019,6099.0,1.42
WASP-140 b,WASP-140,775.5052,14.23540549,2.23598448,Transit,2016,5300.0,0.87
Kepler-630 b,Kepler-630,10.2,3.18,161.4743937,Transit,2016,5829.0,1.04
HAT-P-26 b,HAT-P-26,22.2481,7.06167,4.23452,Transit,2010,5079.0,0.87
Kepler-874 b,Kepler-874,14.7,3.94,40.0686727,Transit,2016,6020.0,1.13
KMT-2021-BLG-0322L b,KMT-2021-BLG-0322L,2034.1018048,12.7,,Microlensing,2021,,
L 98-59 b,L 98-59,0.46,0.837,2.253114,Transit,2019,3415.0,0.3155
Kepler-235 b,Kepler-235,5.6,2.23,3.340222,Transit,2014,4255.0,0.554
GJ 504 b,GJ 504,1271.3,12.10569916,,Imaging,2013,6234.0,1.26
EPIC 220492298 b,EPIC 220492298,0.937,0.99,0.762406,Transit,2021,5620.0,0.89
WASP-126 c,WASP-126,64.2,9.38,7.63,Transit Timing Variations,2019,5800.0,1.27
Kepler-85 c,Kepler-85,2.15,1.978,12.51,Transit,2012,5505.2,0.875
Kepler-1345 b,Kepler-1345,6.17,2.36,44.6169557,Transit,2016,6449.0,1.55
TOI-1130 c,TOI-1130,336.0,13.0,8.3501898,Transit,2020,4360.0,0.697
WASP-19 b,WASP-19,366.77398168,15.86070769,0.78883852,Transit,2009,5616.0,1.006
GJ 667 C c,GJ 667 C,3.8,1.77,28.14,Radial Velocity,2013,3350.0,
K2-395 c,K2-395,11.4,3.395,8.491282,Transit,2022,5007.0,0.783
Kepler-866 b,Kepler-866,3.29,1.63,2.617032536,Transit,2016,4751.0,0.71
Kepler-223 b,Kepler-223,7.4,2.99,7.38449,Transit,2014,5803.0,1.72
HD 4732 c,HD 4732,1069.49258955,13.1,3184.2,Radial Velocity,2012,4898.0,5.03
Kepler-922 b,Kepler-922,2.6,1.42,0.938466832,Transit,2016,5671.0,0.93
Gaia-2 b,Gaia-2,259.66580852,14.81827249,3.6915224,Transit,2022,5720.0,1.064
HATS-67 b,HATS-67,460.8535,18.887165,1.6091788,Transit,2018,6594.0,1.441
KMT-2020-BLG-0202L b,KMT-2020-BLG-0202L,3902.93283796,12.4,,Microlensing,2026,,
Kepler-549 b,Kepler-549,11.0,2.57,42.9495649,Transit,2016,5360.0,0.84
HD 127195 b,HD 127195,212.94503269,14.0,534.5,Radial Velocity,2026,4981.0,4.16
GJ 1148 b,GJ 1148,96.7,11.9,41.38,Radial Velocity,2010,3287.0,0.358519
Kepler-1780 b,Kepler-1780,12.7,3.60600667,109.4449997,Transit,2021,5403.0,0.868
55 Cnc b,55 Cnc,263.9785,13.9,14.651552,Radial Velocity,1996,5198.0,0.98
HD 28471 b,HD 28471,3.72,1.75,3.1649,Radial Velocity,2025,5766.0,1.08
NY Vir b,NY Vir,730.978,13.3,3160.0,Eclipse Timing Variations,2011,32780.0,0.151
TOI-2447 b,TOI-2447,124.90656395,9.60609646,69.33684,Transit,2024,5730.0,1.006
K2-58 d,K2-58,3.57,1.71,22.8827,Transit,2016,5413.0,0.86
TOI-4137 b,TOI-4137,457.67290608,13.57407563,3.8016122,Transit,2022,6202.0,1.438
GJ 625 b,GJ 625,2.82,1.49,14.628,Radial Velocity,2017,3499.0,0.31
Kepler-267 b,Kepler-267,37.9,1.98,3.353728,Transit,2014,4258.0,0.555
Kepler-775 b,Kepler-775,1.81,1.19,0.974868926,Transit,2016,5468.0,0.84
KIC 10068024 b,KIC 10068024,635.656814,13.4,2.073549,Orbital Brightness Modulation,2021,6118.4,1.574
WASP-177 b,WASP-177,161.45764,17.71022,3.071722,Transit,2019,5017.0,0.885
NGC 2682 Sand 1429 b,NGC 2682 Sand 1429,572.0911326,13.4,77.48,Radial Velocity,2024,6000.0,2.13
TOI-6034 b,TOI-6034,254.0,11.92,2.576184,Transit,2024,3635.0,0.489
Kepler-791 b,Kepler-791,9.53,3.05,14.5539759,Transit,2016,6383.0,1.47
TOI-1260 b,TOI-1260,8.56,2.41,3.127463,Transit,2021,4227.0,0.672
TOI-1062 b,TOI-1062,10.15,2.265,4.11296,Transit,2021,5328.0,0.84
WASP-79 b,WASP-79,270.15414595,17.14974047,3.662392,Transit,2012,6600.0,1.51
Kepler-1630 b,Kepler-1630,5.43,2.19,509.997402,Transit,2016,4736.0,0.63
Kepler-1365 b,Kepler-1365,0.721,0.92,7.69993485,Transit,2016,5770.0,1.05
Kepler-133 c,Kepler-133,8.45,2.84,31.517586,Transit,2014,5736.0,1.425
Kepler-346 c,Kepler-346,9.64,3.07,23.851549,Transit,2014,6033.0,1.021
Kepler-160 b,Kepler-160,3.59,1.715,4.309397,Transit,2014,5471.0,1.118
Kepler-341 d,Kepler-341,4.08,1.85,27.666313,Transit,2014,6012.0,1.024
K2-125 b,K2-125,5.39,2.18,21.750264,Transit,2017,3654.47,0.402049
HD 27442 b,HD 27442,495.8,13.5,428.1,Radial Velocity,2000,4846.0,3.18
Kepler-1489 b,Kepler-1489,3.78,1.77,82.294751,Transit,2016,5655.0,0.9
Kepler-1623 b,Kepler-1623,2.27,1.31,4.36128348,Transit,2016,5772.0,1.0
KELT-11 b,KELT-11,65.15482343,15.13212395,4.73620865,Transit,2017,5375.0,2.69
HD 156411 b,HD 156411,235.18,14.0,842.2,Radial Velocity,2009,5900.0,2.16
Kepler-496 b,Kepler-496,5.99,2.32,8.30864937,Transit,2016,5293.0,0.82
TOI-4463 A b,TOI-4463 A,252.35575516,13.26022417,2.8807198,Transit,2023,5640.0,1.062
Kepler-1246 b,Kepler-1246,2.42,1.36,11.32271513,Transit,2016,4611.0,0.69
Kepler-1126 b,Kepler-1126,3.64,1.73,108.593329,Transit,2016,5798.0,0.93
Kepler-926 b,Kepler-926,5.95,2.31,52.0688601,Transit,2016,5806.0,1.01
GJ 676 A e,GJ 676 A,6.67439655,2.47,35.47358,Radial Velocity,2012,3734.0,0.69
Kepler-287 b,Kepler-287,83.0,2.33,20.342199,Transit,2014,5806.0,1.032
HAT-P-21 b,HAT-P-21,1547.8321,12.44199,4.12448,Transit,2010,5588.0,1.21
TOI-2145 b,TOI-2145,1805.26535176,12.24020692,10.261128,Transit,2023,6206.0,2.75
Kepler-48 c,Kepler-48,14.61,2.71,9.67395,Transit,2012,5194.0,0.89
HD 110067 g,HD 110067,8.4,2.607,54.76992,Transit,2023,5266.0,0.788
TOI-2096 b,TOI-2096,2.08,1.243,3.1190633,Transit,2023,3300.0,0.235
HD 213472 b,HD 213472,1112.3994245,13.1,17000.0,Radial Velocity,2021,5729.54,1.433902
Kepler-1356 b,Kepler-1356,2.96,1.53,0.634002937,Transit,2016,5106.0,0.78
HD 13908 c,HD 13908,1630.4,12.8,931.0,Radial Velocity,2013,6255.0,1.67
Kepler-605 c,Kepler-605,0.566,0.86,2.358951515,Transit,2016,5462.0,0.88
Kepler-292 c,Kepler-292,2.76,1.47,3.715335,Transit,2014,5299.0,0.826
Kepler-889 b,Kepler-889,1.32,1.09,3.744439,Transit,2016,5961.0,1.25
Kepler-1254 c,Kepler-1254,2.24,1.3,3.60084276,Transit,2016,4985.0,0.75
Kepler-244 c,Kepler-244,4.86,2.05,9.767292,Transit,2014,5554.0,0.803
Kepler-1332 b,Kepler-1332,2.45,1.37,11.87456832,Transit,2016,5581.0,0.9
HIP 35965 b,HIP 35965,2589.98368864,12.6,26125.56497,Radial Velocity,2022,4836.0,0.697551
OGLE-2013-BLG-0102L b,OGLE-2013-BLG-0102L,4100.0,12.3,,Microlensing,2014,,
HD 80913 b,HD 80913,7505.2000029,12.0,10839.83341,Radial Velocity,2022,6013.24,1.6542
HD 134060 b,HD 134060,10.1,3.16,3.2696,Radial Velocity,2019,5966.0,1.164285
Kepler-1950 b,Kepler-1950,2.95,1.52696349,10.77690029,Transit,2021,5455.0,0.852
Kepler-1984 b,Kepler-1984,37.3,6.81,1.992812339,Transit,2023,3638.0,0.42
TOI-7510 c,TOI-7510,131.0,10.81,22.5687423,Transit,2025,5720.0,1.035
K2-60 b,K2-60,135.39558,7.655747,3.00265,Transit,2016,5500.0,1.12
Kepler-1397 b,Kepler-1397,3.61,1.72,47.449955,Transit,2016,6026.0,1.12
Kepler-358 b,Kepler-358,7.85,2.72,34.060467,Transit,2014,5908.0,0.954
Kepler-354 d,Kepler-354,2.07,1.24,24.209842,Transit,2014,4648.0,0.674
TOI-3135 b,TOI-3135,327.36325921,13.65253849,3.7065585,Transit,2025,5890.0,0.985
Kepler-1179 b,Kepler-1179,2.3,1.32,2.685057492,Transit,2016,5212.0,0.81
Kepler-381 c,Kepler-381,1.46,1.12,13.391635,Transit,2014,6152.0,1.568
Kepler-1342 b,Kepler-1342,3.39,1.66,2.215710358,Transit,2016,5527.0,0.9
Kepler-1544 b,Kepler-1544,3.82,1.78,168.811174,Transit,2016,4886.0,0.74
WASP-174 b,WASP-174,104.88337431,16.10730527,4.2337005,Transit,2018,6399.0,1.347
CD-35 2722 b,CD-35 2722,9375.9380065,17.37392009,,Imaging,2011,3689.0,0.558549
AU Mic c,AU Mic,14.46,2.79,18.859023,Transit,2021,3540.0,0.862
Kepler-475 b,Kepler-475,6.76,2.49,3.105508189,Transit,2016,5009.0,0.79
Kepler-1978 b,Kepler-1978,7.61,2.67,10.84969477,Transit,2023,5251.0,0.778
GJ 3222 b,GJ 3222,11.44182265,3.4,10.66669,Radial Velocity,2022,5257.46,0.931389
Kepler-1836 b,Kepler-1836,7.05,2.55303229,5.254169941,Transit,2021,6123.0,0.987
Barnard e,Barnard's star,0.193,0.637,6.7392,Radial Velocity,2025,3195.0,0.185
Kepler-141 c,Kepler-141,2.57,1.41,7.010606,Transit,2014,4910.0,0.787
Kepler-948 b,Kepler-948,4.08,1.85,7.76846622,Transit,2016,5679.0,0.94
K2-201 b,K2-201,2.54,1.40006712,1.05979,Transit,2018,5507.0,0.878161
HD 181433 d,HD 181433,858.1366989,13.2,6896.1,Radial Velocity,2008,4918.0,0.79
HD 213885 b,HD 213885,8.83,1.745,1.008035,Transit,2019,5978.0,1.1011
HIP 39330 b,HIP 39330,530.77343969,13.5,4650.0,Radial Velocity,2026,5748.0,1.02786
OGLE-2016-BLG-1195L b,OGLE-2016-BLG-1195L,1.43,1.11,,Microlensing,2017,,
MOA-2009-BLG-266L b,MOA-2009-BLG-266L,10.4,3.21,2800.0,Microlensing,2011,,
Kepler-887 c,Kepler-887,1.51,1.13,7.63846023,Transit,2016,6194.0,1.29
Kepler-306 d,Kepler-306,6.66,2.47,17.326644,Transit,2014,4954.0,0.719
Kepler-177 c,Kepler-177,14.7,8.73,49.40926,Transit,2013,5732.0,1.324
Kepler-52 c,Kepler-52,45.4,1.84,16.3850021,Transit,2012,4075.0,0.52
Kepler-572 b,Kepler-572,7.18,2.58,17.20523483,Transit,2016,5212.0,0.79
Kepler-1450 b,Kepler-1450,3.57,1.71,54.5094166,Transit,2016,4524.0,0.68
HD 10180 f,HD 10180,23.9,5.24,122.744,Radial Velocity,2010,5911.0,1.109
Kepler-882 b,Kepler-882,2.04,1.23,3.989539666,Transit,2016,5476.0,0.87
Kepler-559 b,Kepler-559,12.7,3.61,17.58752333,Transit,2016,5630.0,0.95
TOI-1232 b,TOI-1232,220.57291446,10.92875618,14.256,Transit,2026,5823.0,1.072
TOI-4773 b,TOI-4773,1687.66884117,15.22179579,1.7452851,Transit,2025,6740.0,1.55
Kepler-1312 b,Kepler-1312,5.06,2.1,5.448325286,Transit,2016,5719.0,0.92
WASP-22 b,WASP-22,212.9461,13.78707,3.53269,Transit,2010,6000.0,1.24
Kepler-272 b,Kepler-272,78.0,1.43,2.971353,Transit,2014,5297.0,0.929
Kepler-35 b,Kepler-35,40.363,8.16,131.458,Transit,2011,5606.0,1.0284
Kepler-1511 b,Kepler-1511,3.46,1.68,23.2382792,Transit,2016,6064.0,1.29
HD 102117 b,HD 102117,54.0311,8.47,20.8133,Radial Velocity,2005,5655.0,1.23
WASP-34 b,WASP-34,177.9848,11.209,4.31768,Transit,2010,5700.0,0.91
HD 260655 c,HD 260655,3.09,1.533,5.70588,Transit,2022,3803.0,0.439
Kepler-1426 b,Kepler-1426,3.05,1.56,14.2563227,Transit,2016,5831.0,1.02
Kepler-1988 b,Kepler-1988,2.96,1.53,11.49500229,Transit,2023,6033.0,1.788
HD 48948 d,HD 48948,10.59,3.24,151.92,Radial Velocity,2024,4593.0,0.679
Kepler-968 c,Kepler-968,3.5,1.69,5.709404918,Transit,2016,4598.0,0.7
TOI-1685 b,TOI-1685,3.07,1.421,0.66913923,Transit,2021,3470.0,0.462
Kepler-678 b,Kepler-678,23.1,5.14,7.27503724,Transit,2016,5520.0,0.91
Kepler-144 c,Kepler-144,2.39,1.35,10.104665,Transit,2014,6075.0,1.235
Kepler-427 b,Kepler-427,92.17,13.79,10.290994,Transit,2014,5800.0,1.35
TOI-1298 b,TOI-1298,99.0,9.65807033,4.537143,Transit,2021,5752.0,1.4536
OGLE-2016-BLG-1067L b,OGLE-2016-BLG-1067L,140.0,14.3,,Microlensing,2019,,
eps Tau b,eps Tau,2285.18624633,12.7,585.82,Radial Velocity,2006,4877.0,12.35
Kepler-1874 b,Kepler-1874,5.52,2.21110724,56.57320023,Transit,2021,4701.0,0.775
OGLE-2005-BLG-390L b,OGLE-2005-BLG-390L,5.5,2.21,3285.0,Microlensing,2005,,
HD 93385 c,HD 93385,7.1,2.56,13.18,Radial Velocity,2021,5977.0,1.18484
K2-88 b,K2-88,2.04,1.23,4.6122,Transit,2016,3537.0,0.256
OGLE-2014-BLG-0319L b,OGLE-2014-BLG-0319L,181.16219199,14.1,,Microlensing,2022,,
WASP-94 B b,WASP-94 B,196.411,14.1,2.00839,Radial Velocity,2014,6040.0,1.35
Teegarden's Star b,Teegarden's Star,1.16,1.05,4.90634,Radial Velocity,2019,3034.0,0.12
TOI-5634 A b,TOI-5634 A,588.0,10.42,2.2035373,Transit,2024,3896.0,0.54
TOI-883 b,TOI-883,40.7,7.17166228,10.05771848538,Transit,2026,5713.15,1.01477
GJ 667 C e,GJ 667 C,2.7,1.45,62.24,Radial Velocity,2013,3350.0,
Kepler-164 d,Kepler-164,6.57,2.45,28.986769,Transit,2014,5888.0,1.148
Kepler-431 c,Kepler-431,0.229,0.668,8.703,Transit,2015,6004.0,1.092
Kepler-140 c,Kepler-140,3.89,1.8,91.353282,Transit,2014,6077.0,1.288
Kepler-247 c,Kepler-247,15.7,4.09,9.439452,Transit,2014,5100.0,0.768
Kepler-32 b,Kepler-32,1303.0,2.2,5.90124,Transit,2011,3900.0,0.53
TIC 279401253 b,TIC 279401253,1951.46641898,11.2089807,76.8,Transit,2023,5951.0,1.06
Kepler-1818 b,Kepler-1818,3.58,1.71360684,4.644909859,Transit,2021,6047.0,1.129
K2-193 b,K2-193,14.8,3.95,14.786889,Transit,2018,5817.0,0.98
HD 15906 c,HD 15906,8.91,2.93,21.583298,Transit,2023,4757.0,0.762
TOI-6109 b,TOI-6109,21.1,4.8704,5.690476,Transit,2025,5660.0,1.021
TOI-1839 c,TOI-1839,6.39,2.40867246,4.02393854207,Transit,2026,5315.91,0.848099
HD 17156 b,HD 17156,1036.12060682,12.26262489,21.2164294,Radial Velocity,2007,6046.0,1.517
TOI-871 b,TOI-871,3.41,1.664,14.362565,Transit,2024,4929.0,0.719
WASP-124 b,WASP-124,190.698,13.89916,3.37265,Transit,2016,6050.0,1.02
GJ 251 c,GJ 251,3.88,1.8,53.647,Radial Velocity,2025,3342.0,0.36
Kepler-1649 b,Kepler-1649,1.03,1.017,8.689099,Transit,2017,3240.0,0.2317
Kepler-1518 c,Kepler-1518,8.75,2.9,9.6310258,Transit,2023,6432.0,1.345
ITG 15 b,ITG 15 A,6674.396547,12.1,,Imaging,2024,,
TOI-4311 b,TOI-4311,4.5,1.376,0.9902738,Transit,2026,5063.0,0.8441
Kepler-767 b,Kepler-767,35.7,6.64,161.5280101,Transit,2016,5694.0,0.94
TOI-2986 b,TOI-2986,96.61983573,9.292245,3.2783662,Transit,2025,5906.0,1.458
K2-83 b,K2-83,2.08,1.244,2.74697,Transit,2016,3910.0,0.424
2MASS J22362452+4751425 b,2MASS J22362452+4751425,3972.875,12.3,,Imaging,2016,4045.0,0.641152
HAT-P-63 b,HAT-P-63,195.1466419,12.5428494,3.377728,Transit,2021,5400.0,0.9661
Kepler-1182 b,Kepler-1182,6.39,2.41,11.17394617,Transit,2016,5924.0,1.05
Kepler-1990 c,Kepler-1990,0.904,0.98,4.06844957,Transit,2023,5751.0,1.071
Kepler-1688 b,Kepler-1688,2.13,1.26174569,5.62012,Transit,2020,4632.11,0.746
Kepler-1191 b,Kepler-1191,2.89,1.51,5.60014851,Transit,2016,5308.0,0.81
Kepler-328 b,Kepler-328,28.5,2.3,34.921,Transit,2013,6064.0,1.06
KMT-2019-BLG-0842L b,KMT-2019-BLG-0842L,10.28,3.19,,Microlensing,2020,,
TOI-4638.01,TOI-4638,8.92,2.933,10.283918787,Transit,2024,5700.0,0.895
Kepler-511 c,Kepler-511,16.5,4.20964327,26.62949944,Transit,2021,5866.0,1.417
Kepler-1337 b,Kepler-1337,6.39,2.41,24.4002549,Transit,2016,4523.0,0.67
K2-198 b,K2-198,16.3,4.189,17.0428683,Transit,2018,5212.9,0.757
TOI-1054.01,TOI-1054,6.5,2.43432,15.5077855,Transit,2021,6122.0,1.17
Gaia23braL b,Gaia23braL,518.06030341,13.5,,Microlensing,2026,5055.0,1.36181
WASP-107 b,WASP-107,30.51152707,10.53646,5.7214876,Transit,2017,4425.0,0.657
Kepler-1997 b,Kepler-1997,5.82,2.28,26.7575866,Transit,2023,6215.0,1.052
TOI-1062 c,TOI-1062,9.78,3.1,7.972,Radial Velocity,2021,5328.0,0.84
Kepler-296 c,Kepler-296,4.66,2.0,5.8416366,Transit,2014,3740.0,0.48
TOI-5678 b,TOI-5678,20.0,4.91,47.73022,Transit,2023,5485.0,0.938
Kepler-1593 b,Kepler-1593,10.2,3.17,174.509835,Transit,2016,4995.0,0.77
HD 217107 c,HD 217107,1388.91013859,12.9,5138.7,Radial Velocity,2005,5622.0,1.2245
Kepler-625 b,Kepler-625,4.62,1.99,7.75192492,Transit,2016,5789.0,0.96
Kepler-1302 b,Kepler-1302,2.63,1.43,8.83922659,Transit,2016,5236.0,0.82
HD 98219 b,HD 98219,624.21812,13.4,433.8,Radial Velocity,2011,4925.0,4.6
K2-129 b,K2-129,1.12,1.04,8.239493,Transit,2017,3459.09,0.36001
Kepler-977 b,Kepler-977,7.37,2.62,26.85328322,Transit,2016,5315.0,0.83
GJ 393 b,GJ 393,1.71,1.17,7.02679,Radial Velocity,2021,3579.0,0.426
Kepler-1178 b,Kepler-1178,1.24,1.07,31.80634,Transit,2016,4990.0,0.75
KMT-2019-BLG-0371L b,KMT-2019-BLG-0371L,2447.2787339,12.6,,Microlensing,2021,,
EPIC 201170410.02,EPIC 201170410,1.15,1.047,6.7987,Transit,2020,3648.0,0.282
K2-407 b,K2-407,2.19,1.283,4.941907,Transit,2022,5563.0,0.927
K2-155 d,K2-155,4.27,1.9,40.718,Transit,2018,4258.0,0.58
K2-340 b,K2-340,11.2,3.36,29.740451,Transit,2021,5532.0,1.13
HD 158038 b,HD 158038,486.2799,13.5,521.0,Radial Velocity,2011,4860.0,4.5
K2-255 b,K2-255,8.75,2.9,1.96417,Transit,2018,4676.0,0.69
Kepler-1678 b,Kepler-1678,10.9,3.30422249,147.974,Transit,2020,5754.0,0.834976
TIC 434398831 b,TIC 434398831,12.1,3.51,3.685504,Transit,2025,5638.0,0.909
Kepler-432 c,Kepler-432,772.3269,13.3,406.2,Radial Velocity,2015,4995.0,4.06
HD 224018 b,HD 224018,4.1,0.91,10.6413,Radial Velocity,2025,5784.0,1.147
HD 102843 b,HD 102843,113.9,13.1,3090.942,Radial Velocity,2019,5436.0,0.961488
Kepler-1334 b,Kepler-1334,5.86,2.29,15.64591713,Transit,2016,5614.0,0.91
Gl 378 b,Gl 378,13.02,3.66,3.822,Radial Velocity,2019,3879.0,0.56
Kepler-480 b,Kepler-480,8.15,2.78,4.919583795,Transit,2016,6322.0,1.34
HD 28185 b,HD 28185,1859.29618095,12.8,385.92,Radial Velocity,2001,5602.0,1.048
tau Boo b,tau Boo,1891.0,12.8,3.3124568,Radial Velocity,1996,6466.27,1.42588
Kepler-1644 b,Kepler-1644,4.19,1.88,21.0907758,Transit,2016,5499.0,0.86
Kepler-1209 b,Kepler-1209,2.89,1.51,25.369116,Transit,2016,6210.0,1.38
Kepler-1953 b,Kepler-1953,2.2,1.28574667,6.245659828,Transit,2021,4858.0,0.707
Kepler-384 b,Kepler-384,1.46,1.12,22.597053,Transit,2014,5577.0,0.882
Kepler-1249 b,Kepler-1249,6.26,2.38,24.3347127,Transit,2016,6202.0,1.28
TOI-2641 b,TOI-2641,122.6817651,18.10250383,4.880974,Transit,2023,6100.0,1.336
Kepler-303 b,Kepler-303,0.64,0.89,1.937055,Transit,2014,3944.0,0.485
HATS-65 b,HATS-65,260.93843,16.824709,3.105161,Transit,2018,6277.0,1.31
Kepler-255 c,Kepler-255,9.22,2.99,9.946047,Transit,2014,5573.0,0.933
Kepler-357 d,Kepler-357,11.6,3.43,49.499875,Transit,2014,5036.0,0.834
Kepler-1674 b,Kepler-1674,10.4,3.2057749,62.5611,Transit,2020,5473.91,0.877273
Kepler-1238 b,Kepler-1238,4.38,1.93,4.14787559,Transit,2016,6386.0,1.48
HD 192263 b,HD 192263,177.9848,14.2,24.3556,Radial Velocity,1999,4976.0,0.74
K2-35 c,K2-35,4.38,1.93,5.608352,Transit,2016,4402.71,0.619575
HD 190360 c,HD 190360,26.2,5.53,17.11625,Radial Velocity,2005,5560.0,1.14
Kepler-1940 b,Kepler-1940,3.01,1.54732469,4.950610161,Transit,2021,5431.0,0.717
HD 51608 c,HD 51608,14.31,3.87,95.9446,Radial Velocity,2019,5358.0,0.916136
Kepler-1786 b,Kepler-1786,10.1,3.16305828,78.5460968,Transit,2021,5808.0,1.397
TOI-2267 d,TOI-2267 B,3.78,1.77,2.0344671,Transit,2025,3022.0,0.13
K2-121 b,K2-121,51.0,7.16,5.185738,Transit,2017,4526.0,0.675
K2-252 b,K2-252,3.68,1.74,13.81513,Transit,2018,5152.0,0.82
Kepler-850 b,Kepler-850,3.82,1.78,7.19303878,Transit,2016,5932.0,1.09
K2-119 b,K2-119,6.94,2.53,7.727283,Transit,2017,4740.0,0.71
Kepler-265 d,Kepler-265,6.76,2.49,43.130617,Transit,2014,5835.0,1.103
GJ 876 c,GJ 876,226.9846,14.0,30.0881,Radial Velocity,2000,3293.74,0.3
PSR J2322-2650 b,PSR J2322-2650,252.643067,13.9,0.322963997,Pulsar Timing,2017,,
Kepler-1962 b,Kepler-1962,1.95,1.21463929,7.991459846,Transit,2021,5700.0,1.006
MASCARA-1 b,MASCARA-1,1175.971,17.90074218,2.14877381,Transit,2017,7490.0,2.082
Kepler-266 b,Kepler-266,6.71,2.48,6.61833,Transit,2014,5885.0,1.028
Kepler-856 b,Kepler-856,63.3,9.3,8.027680595,Transit,2016,5535.0,0.93
TOI-1266 d,TOI-1266,3.68,1.74,32.509,Transit Timing Variations,2025,3563.0,0.4232
Kepler-691 b,Kepler-691,5.02,2.09,8.114379,Transit,2016,3715.0,0.5
HD 113996 b,HD 113996,2002.329,12.7,610.2,Radial Velocity,2017,4181.0,25.11
HD 147379 b,HD 147379,21.6,4.94,86.58,Radial Velocity,2017,4090.0,0.628304
HAT-P-2 b,HAT-P-2,2866.81223114,10.659759,5.6335158,Transit,2007,6380.0,1.39
TOI-4127 b,TOI-4127,743.71847238,12.07,56.3987,Transit,2023,6096.0,1.293
HD 136352 c,HD 136352,11.24,2.916,27.59221,Radial Velocity,2019,5664.0,1.058
OGLE-2017-BLG-1237L b,OGLE-2017-BLG-1237L,1207.7479466,13.0,,Microlensing,2024,,
K2-213 b,K2-213,2.9,1.51398464,8.13087,Transit,2018,5794.0,1.20424
HD 142415 b,HD 142415,530.7761,13.5,386.29999,Radial Velocity,2003,5940.0,1.04
Kepler-1279 b,Kepler-1279,3.71,1.75,23.4774101,Transit,2016,6221.0,1.33
Kepler-1083 b,Kepler-1083,11.2,3.36,33.4177993,Transit,2016,5049.0,0.77
Kepler-79 d,Kepler-79,5.3,7.15,52.0897,Transit,2014,6389.0,1.316
Kepler-724 b,Kepler-724,10.8,3.29,3.314946338,Transit,2016,5437.0,0.86
CHXR 73 b,CHXR 73,3994.486,12.3,,Imaging,2006,3099.0,
Kepler-190 b,Kepler-190,3.05,1.56,2.019999,Transit,2014,5106.0,0.795
WASP-10 b,WASP-10,1001.12,12.106,3.0927616,Transit,2008,4675.0,0.698
Kepler-1661 b,Kepler-1661,17.0,3.87,175.06,Transit,2020,5100.0,0.762
HD 213885 c,HD 213885,19.95,4.71,4.78503,Radial Velocity,2019,5978.0,1.1011
TOI-1438 b,TOI-1438,9.4,3.04,5.13967,Transit,2025,5230.0,0.82
HD 192699 b,HD 192699,666.17168,13.4,340.94,Radial Velocity,2007,5041.0,4.41
Kepler-112 c,Kepler-112,6.35,2.4,28.574263,Transit,2014,5544.0,0.841
NGTS-17 b,NGTS-17,242.82090295,13.89913607,3.24253,Transit,2021,5650.0,1.337
K2-15 b,K2-15,6.71,2.48,11.8104,Transit,2015,5131.0,0.68
Kepler-377 b,Kepler-377,2.51,1.39,12.509529,Transit,2014,5949.0,1.224
Kepler-54 d,Kepler-54,12.0946,1.53,20.995694,Transit,2014,4252.0,0.554
HD 111998 b,HD 111998,1525.5763536,12.9,810.0,Radial Velocity,2016,6557.0,1.45
HD 103891 b,HD 103891,918.52409623,13.2,1919.0,Radial Velocity,2022,6072.0,2.22
MOA-2016-BLG-526L b,MOA-2016-BLG-526L,14.93793513,3.97,,Microlensing,2024,,
TOI-1694 c,TOI-1694,316.55709337,13.8,386.25,Radial Velocity,2023,5005.0,0.812
NGTS-5 b,NGTS-5,72.78307,12.733424,3.3569866,Transit,2019,4987.0,0.739
HD 115404 A c,HD 115404 A,3279.67133183,12.5,15319.22517,Radial Velocity,2022,5019.17,0.727007
K2-87 b,K2-87,44.9,7.6,9.726618,Transit,2016,5747.0,1.401
Qatar-1 b,Qatar-1,411.27202,12.811887,1.4200242,Transit,2010,5013.0,0.803
WASP-8 c,WASP-8,3003.37,12.5,4323.0,Radial Velocity,2013,5690.0,0.96
OGLE-2013-BLG-1721L b,OGLE-2013-BLG-1721L,200.0,14.1,,Microlensing,2017,,
K2-136 c,K2-136,18.1,3.0,17.30723,Transit,2017,4500.0,0.677
Kepler-983 b,Kepler-983,6.17,2.36,60.0855082,Transit,2016,6052.0,1.08
Kepler-887 b,Kepler-887,4.04,1.84,20.42228798,Transit,2016,6194.0,1.29
Kepler-1948 b,Kepler-1948,1.09,1.03283226,15.57129955,Transit,2021,3872.0,0.557
Kepler-39 b,Kepler-39,6388.1,13.9,21.08721,Transit,2011,6350.0,1.4
HD 101930 b,HD 101930,79.4575,10.6,70.46,Radial Velocity,2005,5108.0,0.86
K2-50 b,K2-50,3.15,1.59,8.7529,Transit,2016,4326.0,0.546
Kepler-196 c,Kepler-196,5.65,2.24,47.427737,Transit,2014,5128.0,0.782
Kepler-444 c,Kepler-444,0.0793,0.497,4.5458841,Transit,2015,5046.0,0.752
Kepler-321 c,Kepler-321,5.99,2.32,13.093921,Transit,2014,5740.0,1.194
Kepler-1828 b,Kepler-1828,5.13,2.11598626,10.2737999,Transit,2021,5806.0,0.899
Kepler-76 b,Kepler-76,638.8383,15.24424,1.5449298,Orbital Brightness Modulation,2013,6409.0,1.32
GJ 1214 b,GJ 1214,8.41,2.733,1.580404531,Transit,2009,3101.0,0.2162
TOI-1468 b,TOI-1468,3.04,1.401,1.8805201,Transit,2022,3376.0,0.3714
TIC 434398831 c,TIC 434398831,27.0,5.63,6.210291,Transit,2025,5638.0,0.909
Kepler-535 b,Kepler-535,6.17,2.36,4.903321551,Transit,2016,6123.0,1.27
HD 105618 c,HD 105618,8419.59232984,11.9,77114.07158,Radial Velocity,2022,5671.0,1.27399
TOI-3082 b,TOI-3082,13.0,3.6621,1.926907,Transit,2023,4263.0,0.6847
WD 1856+534 b,WD 1856+534,4386.054,10.4,1.4079405,Transit,2020,4710.0,0.0131
Kepler-1037 b,Kepler-1037,2.18,1.28,1.063788673,Transit,2016,5105.0,0.78
Kepler-107 b,Kepler-107,3.8,1.536,3.1800218,Transit,2014,5854.0,1.447
Kepler-378 c,Kepler-378,0.271,0.7,28.906009,Transit,2014,4661.0,0.671
OGLE-2018-BLG-0962L b,OGLE-2018-BLG-0962L,425.89006538,13.6,,Microlensing,2021,,
Kepler-347 d,Kepler-347,9.48,3.04,85.517344,Transit,2023,5592.0,1.451
Kepler-1645 b,Kepler-1645,3.82,1.78,16.1779561,Transit,2016,5812.0,1.02
WISPIT 2 b,WISPIT 2,1541.46777395,17.93436912,,Imaging,2025,4400.0,1.418
K2-157 d,K2-157,23.3,5.16,66.5,Radial Velocity,2025,5334.0,0.86
HD 88072 b,HD 88072,2511.79790052,12.6,18538.79293,Radial Velocity,2022,5785.33,1.032
KMT-2017-BLG-2197L b,KMT-2017-BLG-2197L,2809.60311788,12.5,,Microlensing,2025,,
Kepler-965 b,Kepler-965,11.4,3.38,134.2527298,Transit,2016,5886.0,1.15
Kepler-404 b,Kepler-404,2.15,1.27,11.829851,Transit,2014,5654.0,0.884
BD+20 2457 c,BD+20 2457,3963.17,12.4,621.99,Radial Velocity,2009,4137.0,49.0
HD 164922 c,HD 164922,13.0,3.66,75.74,Radial Velocity,2016,5390.0,0.946
TOI-6303 b,TOI-6303,2493.0,11.59,9.485236,Transit,2025,3977.0,0.609
Kepler-1530 b,Kepler-1530,3.33,1.64,2.5904434,Transit,2016,5477.0,0.88
WASP-167 b,WASP-167,2542.64,17.71022,2.0219596,Transit,2017,7000.0,1.79
HD 330075 b,HD 330075,152.5584,14.3,3.38773,Radial Velocity,2004,5000.0,0.84
HIP 41378 f,HIP 41378,25.0,9.47,542.0797,Transit,2016,6290.0,1.3
HD 35759 b,HD 35759,1195.0408,13.0,82.467,Radial Velocity,2016,6060.0,1.759974
Kepler-360 c,Kepler-360,5.06,2.1,7.186434,Transit,2014,6053.0,1.058
K2-412 b,K2-412,5.13,2.116,5.9382,Transit,2022,5590.0,0.977
Kepler-1996 c,Kepler-1996,8.3,2.81,92.7297248,Transit,2023,4580.0,0.675
Kepler-1441 b,Kepler-1441,2.27,1.31,39.4419839,Transit,2016,5802.0,1.0
LTT 3780 b,LTT 3780,2.46,1.325,0.76837931,Transit,2020,3358.0,0.38
Kepler-498 b,Kepler-498,9.43,3.03,9.61375356,Transit,2016,5744.0,0.96
EPIC 201615463 c,K2-166,1.98,1.22,3.80464,Transit,2019,5960.0,1.61
CoRoT-28 b,CoRoT-28,153.82972,10.704595,5.20851,Transit,2015,5150.0,1.78
OGLE-TR-211 b,OGLE-TR-211,327.351,15.244,3.67724,Transit,2007,6325.0,1.64
K2-247 b,K2-247,5.14,2.12,2.25021,Transit,2018,4667.0,0.69
Kepler-1324 b,Kepler-1324,2.89,1.51,4.115844679,Transit,2016,4776.0,0.73
TOI-3919 b,TOI-3919,1233.17421916,12.31866979,7.433234,Transit,2024,6100.0,1.319
HIP 67851 c,HIP 67851,2204.77565936,12.7,3128.41,Radial Velocity,2015,4840.0,5.45
Kepler-354 c,Kepler-354,2.27,1.31,16.934402,Transit,2014,4648.0,0.674
TOI-5789 d,TOI-5789,4.29,1.91,29.65,Radial Velocity,2026,5185.0,0.833
HD 104985 b,HD 104985,1766.80811451,12.8,199.68,Radial Velocity,2003,4738.0,11.12
CoRoT-22 b,CoRoT-22,12.2,4.88,9.75598,Transit,2014,5939.0,1.136
TIC 198190129 b,TIC 198190129,8.87,2.92284949,7.94804910667,Transit,2026,4377.53,0.640675
K2-325 b,K2-325,5.48,2.2,6.93,Transit,2020,3287.0,0.298
Kepler-320 c,Kepler-320,2.45,1.37,17.934937,Transit,2014,6435.0,1.108
Kepler-879 b,Kepler-879,7.13,2.57,33.3855938,Transit,2016,5792.0,1.02
K2-368 d,K2-368,4.45,1.948,20.201085,Transit,2022,4663.0,0.663
Kepler-1933 b,Kepler-1933,1.76,1.17984089,4.943290234,Transit,2021,5661.0,1.008
OGLE-2018-BLG-1011L b,OGLE-2018-BLG-1011L,570.0,13.5,,Microlensing,2019,,
TOI-2537 b,TOI-2537,415.40172795,11.25381662,94.1022,Transit,2024,4870.0,0.771
Kepler-1641 b,Kepler-1641,9.85,3.11,19.672266,Transit,2016,6152.0,1.19
GJ 687 b,GJ 687,17.2,4.32,38.142,Radial Velocity,2014,3413.0,0.4183
Kepler-23 b,Kepler-23,2.56,1.638,7.1,Transit,2011,5828.0,1.548
Kepler-1173 b,Kepler-1173,0.64,0.89,0.7698536,Transit,2016,5252.0,0.82
L 98-59 c,L 98-59,2.0,1.329,3.6906764,Transit,2019,3415.0,0.3155
Kepler-367 b,Kepler-367,2.24,1.3,37.815724,Transit,2014,4710.0,0.695
Kepler-1166 b,Kepler-1166,3.5,1.69,33.2406882,Transit,2016,5446.0,0.86
LHS 1815 b,LHS 1815,1.58,1.088,3.814334,Transit,2020,3643.0,0.501
HD 219077 b,HD 219077,3057.50927534,12.5,5478.68861,Radial Velocity,2012,5362.0,1.91
Kepler-603 d,Kepler-603,2.3,1.32,6.2171292,Transit,2016,5808.0,1.01
Kepler-458 c,KIC 9663113,16.4,4.2,20.74028413,Transit,2016,6117.21,2.21562
Kepler-1922 b,Kepler-1922,5.86,2.29064904,13.22259998,Transit,2021,5931.0,0.863
Kepler-969 c,Kepler-969,0.937,0.99,1.682934604,Transit,2016,5214.0,0.82
HIP 41378 e,HIP 41378,7.62,5.19,393.0,Transit,2016,6290.0,1.3
HD 96127 b,HD 96127,1207.7479466,13.0,638.9,Radial Velocity,2011,3943.0,35.0
WASP-63 b,WASP-63,117.5971,15.80469,4.37808,Transit,2012,5550.0,1.86
GJ 1132 b,GJ 1132,1.83704819,1.19151465,1.62892911,Transit,2015,3229.0,0.2211
TOI-6223 b,TOI-6223,22.6,5.07,3.855219,Transit,2025,3895.0,0.576
Kepler-178 d,Kepler-178,14.8,3.95,96.678988,Transit,2014,5676.0,1.066
HD 88133 b,HD 88133,324.1866,13.8,3.414884,Radial Velocity,2004,5392.0,2.2
TOI-7384 b,TOI-7384,12.4,3.56,6.2340258,Transit,2026,3185.0,0.319
K2-281 b,K2-281,50.9,8.18,8.687721,Transit,2018,4812.0,0.76
HD 80869 b,HD 80869,1609.80088146,12.8,1752.92067,Radial Velocity,2021,5837.0,1.062
TOI-1448 b,TOI-1448,19.5,2.749,8.112245,Transit,2024,3412.0,0.38
TOI-2141 d,TOI-2141,14.9,3.97,60.45,Radial Velocity,2025,5635.0,0.95
Kepler-862 b,Kepler-862,5.52,2.21,3.148664534,Transit,2016,5333.0,0.84
TOI-5350 b,TOI-5350,2094.48920213,12.41955062,7.581367,Transit,2025,6220.0,1.263
Kepler-138 c,Kepler-138,2.3,1.51,13.7815,Transit,2014,3841.0,0.535
Kepler-1001 b,Kepler-1001,10.1,3.15,14.30511983,Transit,2016,5491.0,0.88
TIC 294329732 b,TIC 294329732,4.97,2.07692266,9.7565876181,Transit,2026,5201.93,0.920172
TOI-1814 b,TOI-1814,23.5,5.18536642,6.36861010462,Transit,2026,4872.84,2.3895
Kepler-1059 b,Kepler-1059,3.64,1.73,3.764191048,Transit,2016,4906.0,0.72
HD 86728 b,HD 86728,9.43,3.03,31.1515,Radial Velocity,2025,5610.0,1.237
Kepler-518 b,Kepler-518,5.1,2.11,8.512035877,Transit,2016,5842.0,0.88
Kepler-28 b,Kepler-28,1.63,1.959,5.91,Transit,2011,4499.3,0.664
HD 63433 c,HD 63433,15.539,2.692,20.5438281,Transit,2020,5553.0,0.934
AB Aur b,AB Aur,2860.455663,12.5,,Imaging,2022,9770.0,2.95887
TOI-128.01,TOI-128,5.56,2.21898,4.9404681,Transit,2024,6086.0,1.13
Kepler-49 d,Kepler-49,235.982,1.6,2.576549,Transit,2014,4252.0,0.559
HD 114729 b,HD 114729,262.20975,13.9,1121.79,Radial Velocity,2002,5844.0,1.473
Kepler-107 c,Kepler-107,10.0,1.597,4.901452,Transit,2014,5854.0,1.447
Kepler-88 d,KOI-142,965.14699656,13.1,1403.0,Radial Velocity,2020,5466.0,0.897
TOI-2095 b,TOI-2095,4.1,1.25,17.66484,Transit,2023,3759.0,0.44
WASP-67 b,WASP-67,136.6669,12.89035,4.61442,Transit,2012,5200.0,0.88
Kepler-1755 b,Kepler-1755,29.4,5.91688317,24.81209946,Transit,2021,6086.0,0.921
Teegarden's Star c,Teegarden's Star,1.05,1.02,11.416,Radial Velocity,2019,3034.0,0.12
TOI-2000 b,TOI-2000,11.0,2.7,3.09833,Transit,2023,5611.0,1.134
WASP-131 b,WASP-131,86.76715511,13.74221034,5.3220125,Transit,2016,5990.0,1.561
HD 144899 b,HD 144899,20.34101805,4.77,40.43914,Radial Velocity,2022,6126.0,1.64802
TOI-5736 b,TOI-5736,3.05,1.56,0.64899,Transit,2025,3949.0,0.58
mu2 Sco b,mu2 Sco,4576.7290608,12.3,,Imaging,2022,21700.0,5.6
Kepler-9 c,Kepler-9,29.9,8.08,38.9853,Transit,2010,5774.0,0.958
HD 219828 b,HD 219828,19.06970442,4.59,3.83483,Radial Velocity,2007,5891.0,1.56
OGLE-TR-113 b,OGLE-TR-113,400.449,12.251,1.4324752,Transit,2004,4790.0,0.774
HD 156279 c,HD 156279,3098.82696825,12.5,4818.25358,Radial Velocity,2016,5453.0,0.95
Kepler-1041 b,Kepler-1041,8.96,2.94,24.7576421,Transit,2016,5957.0,1.08
Kepler-877 b,Kepler-877,5.14,2.12,18.45847097,Transit,2016,5261.0,0.81
KIC 10525077 b,KIC 10525077,25.9,5.5,854.083,Transit,2015,6091.0,1.01
HD 135694 b,HD 135694,6.1,2.857,15.923475568,Transit,2023,5712.0,1.08
K2-70 b,K2-70,8.7,2.89,13.97896,Transit,2016,5622.0,0.93
TIC 237913194 b,TIC 237913194,617.22586,12.520453,15.168865,Transit,2020,5788.0,1.088
Kepler-1578 b,Kepler-1578,1.12,1.04,1.450886907,Transit,2016,5545.0,0.86
WASP-84 c,WASP-84,15.2,1.95,1.4468849,Transit,2023,5280.0,0.768
TOI-776 c,TOI-776,6.9,2.047,15.665323,Transit,2020,3725.0,0.547
Kepler-212 b,Kepler-212,1.32,1.09,16.257582,Transit,2014,5852.0,1.455
Kepler-1577 b,Kepler-1577,1.51,1.13,6.30560247,Transit,2016,4862.0,0.74
Kepler-257 b,Kepler-257,7.32,2.61,2.382667,Transit,2014,5180.0,1.037
WASP-61 b,WASP-61,851.7844,15.80469,3.8559,Transit,2012,6250.0,1.55
Kepler-165 b,Kepler-165,5.99,2.32,8.180848,Transit,2014,5211.0,0.77
Kepler-55 d,Kepler-55,3.15,1.59,2.211099,Transit,2014,4503.0,0.619
HD 27894 b,HD 27894,196.73578393,14.1,18.01939,Radial Velocity,2005,4875.0,0.891767
Kepler-1700 b,Kepler-1700,8.76,2.90129941,234.239,Transit,2020,6031.0,1.0937
TOI-2093 b,TOI-2093,10.6,3.25,12.836,Radial Velocity,2025,4426.0,0.729
HD 45364 b,HD 45364,60.16491745,9.03,225.79,Radial Velocity,2008,5466.0,0.89
EPIC 212499991 b,EPIC 212499991,3.19,1.6,34.885,Transit,2019,4982.79,0.757541
Kepler-1608 b,Kepler-1608,3.64,1.73,16.4735686,Transit,2016,4992.0,0.72
HATS-11 b,HATS-11,263.7989,18.03,3.619188,Transit,2016,6563.0,1.54
TOI-1789 b,TOI-1789,222.4798849,16.14093221,3.208664,Transit,2021,5991.0,2.168
EPIC 201757695.02,EPIC 201757695,0.688,0.90819,2.0478,Transit,2020,4520.0,0.655
Kepler-152 b,Kepler-152,8.2,2.79,18.207973,Transit,2014,5088.0,0.724
Kepler-253 c,Kepler-253,7.51,2.65,10.281951,Transit,2014,5208.0,0.786
Kepler-759 b,Kepler-759,5.77,2.27,41.805985,Transit,2016,5860.0,1.04
V1298 Tau c,V1298 Tau,4.7,5.08,8.249164,Transit,2019,4970.0,1.32
HIP 8152 c,HIP 8152,10.7,2.52442508,19.60562,Transit,2023,5618.0,0.9603
DE CVn b,DE CVn,3823.27330161,12.4,4098.1,Eclipse Timing Variations,2018,3579.0,0.424754
HATS-29 b,HATS-29,207.54299,14.022459,4.6058749,Transit,2016,5670.0,1.073
Kepler-365 c,Kepler-365,3.33,1.64,17.784129,Transit,2014,6012.0,1.048
TOI-942 c,TOI-942,37.0,4.67,10.156272,Transit,2020,4969.0,0.894
Kepler-899 b,Kepler-899,7.65,2.68,19.17891293,Transit,2016,5595.0,0.91
HD 110067 b,HD 110067,5.69,2.2,9.113678,Transit,2023,5266.0,0.788
K2-272 b,K2-272,9.96,3.13,14.4536756,Transit,2018,5397.0,0.83
TOI-3474 b,TOI-3474,193.87532827,14.67255574,3.8795105,Transit,2025,6020.0,1.256
Kepler-1328 b,Kepler-1328,0.904,0.98,4.52158888,Transit,2016,5780.0,0.99
K2-61 b,K2-61,4.35,1.92,2.57336,Transit,2016,5748.0,0.995
Kepler-1329 b,Kepler-1329,5.35,2.17,9.33646594,Transit,2016,4500.0,0.69
WISPIT 2 c,WISPIT 2,3178.28407,17.93436912,,Imaging,2026,4530.0,1.3
Kepler-825 c,Kepler-825,4.04,1.84,8.1818246,Transit,2016,5976.0,1.08
Kepler-281 c,Kepler-281,161.124,5.31,36.337373,Transit,2014,5723.0,0.899
Kepler-382 b,Kepler-382,2.3,1.32,5.262155,Transit,2014,5600.0,0.945
TOI-4329 b,TOI-4329,143.02278315,16.81347105,2.9223,Transit,2022,6000.0,2.31
Kepler-1106 b,Kepler-1106,3.36,1.65,1.252752174,Transit,2016,6104.0,1.17
WASP-129 b,WASP-129,317.83,10.42437,5.748145,Transit,2016,5900.0,0.9
Kepler-171 c,Kepler-171,7.08,2.56,11.463462,Transit,2014,5642.0,0.839
HD 86264 b,HD 86264,3117.26101586,12.5,1488.79123,Radial Velocity,2009,6210.0,1.88
WASP-33 b,WASP-33,665.21819,17.855937,1.21987,Transit,2010,7430.0,1.444
eps Eri b,eps Eri,317.828407,13.8,2680.0,Radial Velocity,2000,5020.38,0.759106
GJ 3929 c,GJ 3929,5.71,2.26,15.04,Radial Velocity,2022,3384.0,0.32
HD 66141 b,HD 66141,1906.9,12.8,480.5,Radial Velocity,2012,4323.0,21.4
Kepler-835 b,Kepler-835,8.2,2.79,11.41909375,Transit,2016,5954.0,1.11
Kepler-1666 c,Kepler-1666,10.5,3.23564749,40.7157,Transit,2020,6293.0,1.14586
Kepler-1341 b,Kepler-1341,9.22,2.99,132.9968322,Transit,2016,4662.0,0.72
HAT-P-23 b,HAT-P-23,664.237,15.334,1.212884,Transit,2010,5905.0,1.203
Kepler-396 b,Kepler-396,75.5,3.5,42.994,Transit,2013,5656.0,1.06
gam Cep b,gam Cep,2097.6674862,12.7,913.0,Radial Velocity,2003,4775.0,4.74
Kepler-1143 b,Kepler-1143,3.43,1.67,2.888904849,Transit,2016,5053.0,0.77
Kepler-1801 b,Kepler-1801,7.8,2.70926154,10.44089985,Transit,2021,5738.0,0.981
Kepler-136 b,Kepler-136,19.8,2.05,11.5789,Transit,2014,6165.0,1.355
WASP-120 b,WASP-120,1541.4755,15.58048317,3.61126721,Transit,2016,6450.0,1.68443
WASP-72 b,WASP-72,731.009,14.45961,2.21673,Transit,2012,6250.0,2.18
Kepler-244 d,Kepler-244,15.2,2.31,20.050401,Transit,2014,5554.0,0.803
TOI-1680 b,TOI-1680,2.75,1.466,4.8026345,Transit,2023,3225.0,0.2106
HD 118203 b,HD 118203,680.15279098,12.778238,6.1349779,Radial Velocity,2005,5742.0,2.04
Kepler-146 c,Kepler-146,9.96,3.13,76.732171,Transit,2014,5948.0,1.208
KOI-4777.01,KOI-4777,99.2,0.51,0.412,Transit,2022,3515.0,0.4
NY Vir c,NY Vir,1760.7782,12.8,8799.0,Eclipse Timing Variations,2019,32780.0,0.151
Kepler-166 b,Kepler-166,5.77,2.27,7.650254,Transit,2014,5413.0,0.742
HATS-4 b,HATS-4,420.471,11.433,2.516729,Transit,2014,5403.0,0.925
Kepler-507 b,Kepler-507,5.69692195,1.3,3.568096926,Transit,2016,6113.0,1.32
TOI-5704 b,TOI-5704,10.5,3.2274,3.771116,Transit,2023,4590.0,0.7575
Kepler-121 b,Kepler-121,6.08,2.34,3.177422,Transit,2014,5311.0,0.701
TOI-2076 e,TOI-2076,4.7,1.301,3.0223753,Transit,2025,5187.0,0.758
HD 63433 d,HD 63433,1.25,1.073,4.209075,Transit,2023,5688.0,0.912
Kepler-172 d,Kepler-172,5.69,2.25,14.627119,Transit,2014,5526.0,1.085
Kepler-1204 b,Kepler-1204,9.53,3.05,85.7350285,Transit,2016,5825.0,1.03
Kepler-705 b,Kepler-705,5.1,2.11,56.0560538,Transit,2016,3722.0,0.51
TOI-238 c,TOI-238,6.7,2.18,8.465651,Radial Velocity,2024,5059.0,0.733
Kepler-716 c,Kepler-716,2.52,1.39281536,3.96999,Transit,2020,5012.0,0.742183
HD 166724 b,HD 166724,1207.7479466,13.0,5144.0,Radial Velocity,2012,5127.0,0.797485
HD 131496 b,HD 131496,572.094,13.4,896.0,Radial Velocity,2011,4846.0,4.44
HD 163607 b,HD 163607,249.051588,13.9,75.2203,Radial Velocity,2012,5522.0,1.76
Kepler-1858 b,Kepler-1858,6.44,2.42168247,88.07160187,Transit,2021,4939.0,0.819
KOI-13 b,KOI-13,2949.4624,16.948008,1.763588,Transit,2011,7650.0,1.74
AU Mic d,AU Mic,1.053,1.02,12.73596,Transit Timing Variations,2023,3678.0,0.744
K2-365 b,K2-365,8.78,2.906,23.448172,Transit,2022,5561.0,1.051
K2-376 b,K2-376,3.66,1.736,5.776475,Transit,2022,5937.0,1.149
Kepler-728 b,Kepler-728,11.1,3.34,5.743477265,Transit,2016,5660.0,0.93
Kepler-563 b,Kepler-563,9.75,3.09,22.18432708,Transit,2016,5066.0,0.77
Kepler-221 d,Kepler-221,3.61,2.73,10.04156,Transit,2014,5243.0,0.821
Kepler-595 b,Kepler-595,17.4,3.708,25.3029092,Transit,2016,5138.5,0.821
Kepler-296 f,Kepler-296,3.89,1.8,63.33627,Transit,2014,3740.0,0.48
HD 173416 b,HD 173416,585.12209729,13.4,322.03,Radial Velocity,2008,4683.0,13.5
TOI-682.01,TOI-682,13.5,3.74186,6.8392388,Transit,2021,5085.0,1.08
Kepler-534 b,Kepler-534,5.65,2.24,15.95994513,Transit,2016,5884.0,0.98
TOI-1736 c,TOI-1736,2800.0,12.5,571.25,Radial Velocity,2023,5636.0,1.4286
TOI-5789 b,TOI-5789,2.12,1.26,2.76369,Radial Velocity,2026,5185.0,0.833
USco CTIO 108 b,USco CTIO 108,4449.62,12.3,,Imaging,2008,2700.0,0.345365
TOI-512 b,TOI-512,3.57,1.54,7.18886,Transit,2025,5277.0,0.89
Kepler-1270 b,Kepler-1270,11.0,3.32,6.03356196,Transit,2016,5047.0,3.38
Kepler-1370 b,Kepler-1370,4.04,1.84,20.2641684,Transit,2016,6202.0,1.29
Kepler-172 c,Kepler-172,8.55,2.86,6.388996,Transit,2014,5526.0,1.085
Kepler-1429 b,Kepler-1429,2.21,1.29,4.48487493,Transit,2016,5902.0,1.07
Kepler-419 c,Kepler-419,2320.1,12.6,675.47,Transit Timing Variations,2014,6430.0,1.74
K2-266 d,K2-266,8.9,2.93,14.697,Transit,2018,4285.0,0.703
KMT-2021-BLG-0119L b,KMT-2021-BLG-0119L,1754.41280664,12.8,,Microlensing,2022,,
HD 75784 b,HD 75784,317.83,13.8,341.2,Radial Velocity,2014,4867.0,3.4
Kepler-1022 b,Kepler-1022,6.17,2.36,10.99469878,Transit,2016,4445.0,0.68
Kepler-1321 d,Kepler-1321,7.41,2.62843782,5.720920086,Transit,2021,3640.0,0.503
Kepler-433 b,Kepler-433,896.24,16.25,5.33408384,Transit,2015,6360.0,2.26
Kepler-886 b,Kepler-886,2.92,1.52,6.24146367,Transit,2016,6098.0,1.16
Kepler-1340 b,Kepler-1340,3.02,1.55,0.665026916,Transit,2016,6331.0,1.42
HD 110113 c,HD 110113,10.5,2.11384817,6.744,Radial Velocity,2021,5732.0,0.968
Kepler-220 b,Kepler-220,0.457,0.81,4.159807,Transit,2014,4632.0,0.666
HD 99706 b,HD 99706,390.9309,13.7,841.0,Radial Velocity,2011,4862.0,5.52
Kepler-1472 b,Kepler-1472,4.27,1.9,38.1312831,Transit,2016,6159.0,1.25
Kepler-133 b,Kepler-133,3.75,1.76,8.129976,Transit,2014,5736.0,1.425
GJ 3138 d,GJ 3138,10.5,3.23,257.8,Radial Velocity,2017,3717.0,0.5
Kepler-283 c,Kepler-283,3.97,1.82,92.743711,Transit,2014,4351.0,0.566
Kepler-444 b,Kepler-444,0.0374,0.403,3.6001053,Transit,2015,5046.0,0.752
Kepler-631 b,Kepler-631,8.75,2.9,17.97979059,Transit,2016,6185.0,1.33
Kepler-1086 b,Kepler-1086,6.53,2.44,18.78425728,Transit,2016,4350.0,0.66
Kepler-998 b,Kepler-998,5.99,2.32,5.65377733,Transit,2016,6058.0,1.18
HD 20781 e,HD 20781,14.03,3.83,85.5073,Radial Velocity,2019,5256.0,0.833609
Kepler-1023 b,Kepler-1023,7.41,2.63,62.1387714,Transit,2016,5494.0,0.89
Kepler-104 c,Kepler-104,7.14430805,3.13,23.668205,Transit,2014,5711.0,1.349
Kepler-576 b,Kepler-576,10.7,3.27,29.91136794,Transit,2016,5672.0,0.97
TOI-1338 c,TOI-1338 A,75.4,10.3,215.79,Radial Velocity,2023,5723.2,1.313
Kepler-1115 b,Kepler-1115,3.53,1.7,23.5540725,Transit,2016,8480.0,1.73
K2-344 b,K2-344,3.15,1.59,3.35585,Transit,2021,4374.0,0.49
KIC 5437945 b,KIC 5437945,33.6,6.4,440.7813,Transit,2015,6340.0,1.24
Gl 410 b,Gl 410,8.4,2.83,6.02,Radial Velocity,2025,3842.0,0.543
Kepler-1859 c,Kepler-1859,3.39,1.66,3.59645081,Transit,2023,5887.0,1.235
K2-323 b,K2-323,5.06,2.1,24.93,Transit,2020,3710.0,0.549
HD 95544 b,HD 95544,1913.64483855,12.8,2041.54152,Radial Velocity,2021,5722.0,1.088
HD 132406 b,HD 132406,1887.90073758,12.8,908.0,Radial Velocity,2007,5766.0,1.34
TOI-5688 A b,TOI-5688 A,124.0,10.3,2.94815527,Transit,2024,3713.0,0.57
Kepler-1201 b,Kepler-1201,5.86,2.29,15.18725932,Transit,2016,6177.0,1.24
Kepler-370 c,Kepler-370,4.31,1.91,19.02293,Transit,2014,5852.0,0.9
Kepler-1570 b,Kepler-1570,1.24,1.07,26.548955,Transit,2016,5550.0,0.89
HD 159243 c,HD 159243,603.9,13.4,248.4,Radial Velocity,2013,6123.0,1.12
Kepler-33 d,Kepler-33,3.91,5.35,21.77596,Transit,2011,5904.0,1.82
Kepler-232 c,Kepler-232,14.0,3.83,11.379349,Transit,2014,5847.0,0.968
HD 80883 b,HD 80883,1748.0562385,12.8,6383.78352,Radial Velocity,2022,5177.91,0.814842
KMT-2021-BLG-0912L b,KMT-2021-BLG-0912L,2.81,1.49,,Microlensing,2022,,
Kepler-1505 b,Kepler-1505,0.749,0.93,30.8609366,Transit,2016,5686.0,0.86
K2-18 c,K2-18,7.51,2.65,8.962,Radial Velocity,2017,3457.0,0.411
WASP-92 b,WASP-92,255.85315,16.376349,2.1746742,Transit,2016,6280.0,1.341
Kepler-949 c,Kepler-949,9.11,2.97,20.99757968,Transit,2023,5211.0,0.895
tau Cet g,tau Cet,1.75,1.18,20.0,Radial Velocity,2017,5310.0,0.83
Kepler-151 b,Kepler-151,9.59,3.06,15.228958,Transit,2014,5460.0,0.83
Kepler-1290 b,Kepler-1290,2.6,1.42,4.69500134,Transit,2016,5660.0,0.93
TOI-201 b,TOI-201,164.0,11.4,52.9786,Transit,2021,6423.0,1.31
Kepler-1025 b,Kepler-1025,4.58,1.98,37.3229493,Transit,2016,6089.0,1.13
WASP-16 b,WASP-16,394.1092,13.67498,3.1186,Transit,2009,5700.0,1.14
Kepler-366 b,Kepler-366,2.73,1.46,3.281959,Transit,2014,6209.0,1.048
Kepler-207 d,Kepler-207,11.0,3.31,5.868075,Transit,2014,5920.0,1.588
Kepler-1924 b,Kepler-1924,7.53,2.65446572,15.33170033,Transit,2021,5726.0,1.285
Kepler-1767 b,Kepler-1767,9.34,3.01299077,59.65829849,Transit,2021,5243.0,0.831
GJ 887 e,GJ 887,1.46,1.12,4.4249,Radial Velocity,2026,3688.0,0.468
TOI-929 b,TOI-929,7.7,2.68983343,5.83015366944,Transit,2026,4457.16,0.717414
Kepler-1654 b,Kepler-1654,158.915,9.180171,1047.8356,Transit,2018,5597.0,1.179
GJ 740 b,GJ 740,2.96,1.53,2.37756,Radial Velocity,2021,3913.0,0.56
Kepler-1524 b,Kepler-1524,12.3,3.54,70.9674603,Transit,2016,6179.0,1.25
Kepler-68 d,Kepler-68,267.0,13.9,632.62,Radial Velocity,2013,5847.0,1.2564
Kepler-359 c,Kepler-359,2.9,4.3,57.68802,Transit,2014,6248.0,1.086
TOI-1181 b,TOI-1181,374.71969185,17.02644168,2.103189,Transit,2022,6054.0,1.961
Kepler-324 e,Kepler-324,235.014,2.03862444,13.97939968,Transit,2021,5191.0,0.826
HD 177830 b,HD 177830,537.1327,13.5,410.10001,Radial Velocity,1999,4901.0,3.26
Kepler-279 b,Kepler-279,4180.93,3.62,12.309681,Transit,2014,6363.0,1.746
Kepler-147 b,Kepler-147,2.96,1.53,12.610584,Transit,2014,6012.0,1.468
WASP-108 b,WASP-108,283.50293904,15.13212395,2.67555212374,Transit,2020,6783.0,1.34415
TOI-1853 b,TOI-1853,73.2,3.46,1.2436258,Transit,2023,4985.0,0.808
K2-356 b,K2-356,5.86,2.29,21.0267366,Transit,2021,5568.0,0.86
Kepler-1521 b,Kepler-1521,6.8,2.5,47.14840805,Transit,2016,5042.0,0.76
K2-288 B b,K2-288 B,4.27,1.9,31.393463,Transit,2018,3341.0,0.32
HD 60532 b,HD 60532,336.8998,13.8,201.9,Radial Velocity,2008,6245.0,2.57
HD 209458 b,HD 209458,232.0159,15.58051,3.52474859,Radial Velocity,1999,6091.0,1.19
Kepler-238 c,Kepler-238,152.522,2.39,6.155557,Transit,2014,5751.0,1.43
Kepler-1901 b,Kepler-1901,2.77,1.47418907,3.484129906,Transit,2021,5696.0,0.921
HD 135344 A b,HD 135344 A,3178.28407,16.25302201,,Imaging,2025,9540.0,1.5
Kepler-55 c,Kepler-55,69.8,2.21,42.1516418,Transit,2012,4362.0,0.58
Kepler-673 b,Kepler-673,34.8,6.54,3.728731093,Transit,2016,5355.0,0.84
GJ 676 A d,GJ 676 A,3.81394088,1.78,3.60076,Radial Velocity,2012,3734.0,0.69
Kepler-218 b,Kepler-218,2.79,1.48,3.619337,Transit,2014,5502.0,1.063
WASP-78 b,WASP-78,352.7913,21.63337,2.17518,Transit,2012,6100.0,2.46
Kepler-620 b,Kepler-620,11.0,3.32,12.91375431,Transit,2016,6155.0,1.22
Kepler-1330 b,Kepler-1330,3.36,1.65,10.10769068,Transit,2016,5608.0,0.94
TOI-2989 b,TOI-2989,953.485221,12.55405838,3.122832,Transit,2025,4672.0,0.76
Kepler-424 b,Kepler-424,327.35,9.98,3.3118644,Transit,2014,5460.0,0.94
Kepler-349 c,Kepler-349,4.5,1.96,12.247629,Transit,2014,5956.0,0.927
KMT-2018-BLG-1988L b,KMT-2018-BLG-1988L,5.56,2.22,,Microlensing,2022,,
Kepler-1231 b,Kepler-1231,2.6,1.42,10.41725184,Transit,2016,5778.0,1.0
Kepler-274 b,Kepler-274,2.99,1.54,11.634788,Transit,2014,6023.0,1.007
Kepler-280 c,Kepler-280,4.7,2.01,4.807091,Transit,2014,5744.0,0.886
TOI-163 b,TOI-163,387.7526,16.690201,4.231306,Transit,2019,6495.0,1.648
Kepler-969 b,Kepler-969,4.94,2.07,34.1731714,Transit,2016,5214.0,0.82
Kepler-359 b,Kepler-359,12.2,3.53,25.563222,Transit,2014,6248.0,1.086
Kepler-1385 b,Kepler-1385,0.543,0.85,2.88879862,Transit,2016,5732.0,1.29
Kepler-369 c,Kepler-369,2.57,1.41,14.871572,Transit,2014,3591.0,0.471
TOI-431 b,TOI-431,3.07,1.28,0.490047,Transit,2021,4850.0,0.731
WASP-102 b,WASP-102,197.68926915,14.90794433,2.709813,Transit,2025,5990.0,1.375
Kepler-645 b,Kepler-645,5.06,2.1,3.275822621,Transit,2016,6170.0,1.21
GJ 480 b,GJ 480,8.8,2.91,9.5536,Radial Velocity,2020,3509.0,0.449
gam Psc b,gam Psc,425.89006538,13.6,555.1,Radial Velocity,2021,4742.0,11.2
Kepler-1253 b,Kepler-1253,2.33,1.33,68.8861915,Transit,2016,5850.0,1.1
Kepler-65 b,Kepler-65,2.4,1.42,2.15491,Transit,2012,6211.0,1.41
TOI-1467 b,TOI-1467,9.0,1.92,5.97114713,Transit,2024,3834.0,0.491
RR Cae b,RR Cae,1334.886,13.0,4343.5,Eclipse Timing Variations,2012,3904.0,0.193119
WASP-186 b,WASP-186,1341.2426,12.44199,5.026799,Transit,2020,6361.0,1.47
Kepler-832 b,Kepler-832,4.9,2.06,7.1396941,Transit,2016,5596.0,0.9
Kepler-281 d,Kepler-281,654.0,5.93747806,148.2720032,Transit,2021,5717.0,0.884
DMPP-3 A b,DMPP-3 A,2.67,1.44,5.59,Radial Velocity,2019,5138.0,0.91
Kepler-1889 b,Kepler-1889,8.98,2.94360686,37.30369949,Transit,2021,5646.0,0.817
TOI-5340 b,TOI-5340,270.15414595,15.07607904,4.9394392,Transit,2025,5990.0,1.842
Kepler-988 b,Kepler-988,4.94,2.07,17.76080053,Transit,2016,4005.0,0.53
KMT-2023-BLG-0735L b,KMT-2023-BLG-0735L,38.77506565,6.97,,Microlensing,2024,,
KMT-2022-BLG-1818L b,KMT-2022-BLG-1818L,1271.313628,13.0,,Microlensing,2026,,
K2-117 c,K2-117,4.9,2.06,5.444017,Transit,2017,3778.0,0.51
Kepler-400 c,Kepler-400,2.83,1.49,17.340824,Transit,2014,5886.0,1.145
WASP-118 b,WASP-118,163.36462,16.14096,4.0460435,Transit,2016,6410.0,1.696
TOI-880 c,TOI-880,21.7,4.95,6.3872703,Transit,2025,5050.0,0.83
TOI-1278 b,TOI-1278,5879.8255295,12.21778896,14.47567,Transit,2021,3799.0,0.573
KMT-2022-BLG-0303L b,KMT-2022-BLG-0303L,163.04597279,14.2,,Microlensing,2024,,
HD 12235 b,HD 12235,10.48833743,3.23,4.36305,Radial Velocity,2022,5986.0,1.80185
Kepler-364 b,Kepler-364,3.02,1.55,25.745718,Transit,2014,6108.0,1.284
Kepler-732 c,Kepler-732,2.15,1.27,0.893041236,Transit,2016,3631.0,0.46
HD 220689 b,HD 220689,381.3940884,13.7,2266.4,Radial Velocity,2012,5921.0,1.068
Kepler-444 f,Kepler-444,0.332,0.741,9.740486,Transit,2015,5046.0,0.752
Kepler-222 c,Kepler-222,19.4,4.64,10.08881,Transit,2014,5433.0,0.869
K2-107 b,K2-107,266.9772,15.98,3.313959,Transit,2017,6061.0,1.81
Kepler-999 b,Kepler-999,6.08,2.34,5.991857017,Transit,2016,6237.0,1.65
GJ 887 c,GJ 887,6.5,2.43,21.784,Radial Velocity,2020,3688.0,0.468
TOI-1450 A b,TOI-1450 A,1.258,1.13,2.0439274,Transit,2024,3437.0,0.483
Kepler-524 b,Kepler-524,4.31,1.91,7.97419807,Transit,2016,6014.0,1.1
Kepler-291 c,Kepler-291,4.19,1.88,5.700786,Transit,2014,6002.0,1.016
WASP-132 c,WASP-132,6.26,1.841,1.01153624,Transit,2022,4686.0,0.758
K2-273 b,K2-273,9.53,3.05,11.7195663,Transit,2018,5161.0,0.85
OGLE-2011-BLG-0173L b,OGLE-2011-BLG-0173L,60.0,9.01,,Microlensing,2018,,
V1298 Tau d,V1298 Tau,6.0,6.53,12.401394,Transit,2019,4970.0,1.32
LHS 1140 b,LHS 1140,5.6,1.73,24.73723,Transit,2017,3096.0,0.2159
Kepler-1491 b,Kepler-1491,2.89,1.51,16.5861762,Transit,2016,5728.0,0.99
HD 106906 b,HD 106906,3496.0,12.4,,Imaging,2013,6516.0,2.12351
Kepler-177 b,Kepler-177,5.84,3.5,36.8601,Transit,2013,5732.0,1.324
Kepler-1528 b,Kepler-1528,2.73,1.46,1.791110205,Transit,2016,5857.0,1.03
Kepler-376 c,Kepler-376,3.86,1.79,14.172327,Transit,2014,5900.0,1.175
Kepler-1075 b,Kepler-1075,2.6,1.42,1.52372816,Transit,2016,3959.0,0.54
Kepler-160 c,Kepler-160,13.6,3.76,13.699429,Transit,2014,5471.0,1.118
HAT-P-36 b,HAT-P-36,587.413406,14.313893,1.32734683,Transit,2011,5620.0,1.041
Kepler-368 b,Kepler-368,10.7,3.26,26.84768,Transit,2014,5502.0,2.019
Kepler-192 b,Kepler-192,7.95,2.74,9.926746,Transit,2014,5479.0,1.007
HAT-P-12 b,HAT-P-12,67.059,10.749,3.2130598,Transit,2009,4650.0,0.701
Kepler-115 b,Kepler-115,1.32,1.09,2.403679,Transit,2014,5979.0,1.205
Kepler-527 b,Kepler-527,8.45,2.84,13.28535633,Transit,2016,6388.0,1.45
HD 190647 b,HD 190647,630.89255,13.4,1176.45,Radial Velocity,2007,5656.0,1.376
GJ 3473 b,GJ 3473,1.86,1.264,1.1980035,Transit,2020,3347.0,0.364
Kepler-183 b,Kepler-183,4.9,2.06,5.687945,Transit,2014,5888.0,0.958
TOI-216.01,TOI-216,177.98390792,10.1,34.525528,Transit,2019,5026.0,0.748
HD 37605 b,HD 37605,854.9627,13.2,55.01292,Radial Velocity,2004,5329.0,0.91
Kepler-1735 b,Kepler-1735,1.84,1.19429134,7.71792984,Transit,2021,3975.0,0.509
KMT-2021-BLG-0320L b,KMT-2021-BLG-0320L,31.7828407,6.2,,Microlensing,2022,,
Kepler-1618 b,Kepler-1618,2.13,1.26,6.10826019,Transit,2016,6620.0,1.65
Kepler-1455 b,Kepler-1455,5.31,2.16,49.276764,Transit,2016,4075.0,0.6
Kepler-296 e,Kepler-296,2.96,1.53,34.14211,Transit,2014,3740.0,0.48
TOI-4311 c,TOI-4311,13.58,2.47,15.070425,Transit,2026,5063.0,0.8441
Kepler-325 b,Kepler-325,8.8,2.91,4.544439,Transit,2014,5752.0,1.003
Kepler-1376 b,Kepler-1376,1.16,1.05,5.30880656,Transit,2016,5659.0,0.97
EPIC 220674823 c,EPIC 220674823,7.9,2.712,13.340603,Transit,2016,5578.0,0.99
TOI-1823 b,TOI-1823,67.4,7.5406241,38.8,Transit,2024,4927.0,0.8049
Kepler-1190 b,Kepler-1190,2.33,1.33,10.45843441,Transit,2016,4730.0,0.72
MOA-2012-BLG-006L b,MOA-2012-BLG-006L,2700.0,12.6,,Microlensing,2017,,
WASP-81 b,WASP-81,231.69807,16.017661,2.7164762,Transit,2017,5870.0,1.283
Kepler-154 c,Kepler-154,9.01,2.95,62.303276,Transit,2014,5690.0,1.001
TOI-1774.01,TOI-1774,8.5,2.78,16.70988,Transit,2021,5746.0,1.1303
OGLE-2019-BLG-0954L b,OGLE-2019-BLG-0954L,4513.1633794,12.3,,Microlensing,2021,,
TOI-2134 b,TOI-2134,9.37,2.735,9.229198,Transit,2023,4580.0,0.709
Kepler-1194 b,Kepler-1194,2.89,1.51,16.22371307,Transit,2016,5590.0,0.92
Kepler-352 d,Kepler-352,0.449,0.80628032,6.887279987,Transit,2021,5208.0,0.772
TOI-2076 c,TOI-2076,7.2,3.54,21.01447,Transit,2021,5187.0,0.758
HIP 97166 b,HIP 97166,19.1,2.4801338,10.288914,Transit,2021,5216.0,0.8418
HD 5388 b,HD 5388,1017.0509024,13.1,772.5,Radial Velocity,2010,6297.0,1.91
ROXs 12 b,ROXs 12,5085.0,12.2,,Imaging,2013,3850.0,1.06627
TOI-558 b,TOI-558,1147.36054927,12.17295304,14.574071,Transit,2021,6466.0,1.496
Kepler-176 c,Kepler-176,1.33,2.6,12.759712,Transit,2014,5232.0,0.891
KOI-94 d,KOI-94,106.0,11.27,22.342989,Transit,2013,6182.0,1.52
Kepler-833 b,Kepler-833,4.74,2.02,18.7546998,Transit,2016,4339.0,0.62
HD 23472 b,HD 23472,8.32,2.0,17.667087,Transit,2019,4684.0,0.71
K2-108 b,K2-108,59.4,5.33,4.733999,Transit,2017,5599.0,1.76
TOI-1859 b,TOI-1859,68.6,9.75181321,63.48347,Transit,2023,6341.0,1.36
Kepler-914 b,Kepler-914,2.48,1.38,4.40966548,Transit,2016,5877.0,1.15
2MASS J01225093-2439505 b,2MASS J01225093-2439505,7786.5,11.209,,Imaging,2013,3530.0,0.36645
Kepler-973 b,Kepler-973,4.5,1.96,49.6077331,Transit,2016,5213.0,0.78
CoRoT-27 b,CoRoT-27,3302.11,11.287,3.57532,Transit,2014,5900.0,1.08
Kepler-440 b,Kepler-440,4.12,1.86,101.11141,Transit,2015,4134.0,0.559
K2-343 b,K2-343,3.36,1.65,2.787174,Transit,2021,3804.0,0.46
Kepler-51 c,Kepler-51,4.0,9.0,85.312,Transit,2012,6018.0,0.94
Kepler-903 b,Kepler-903,4.7,2.01,10.3507721,Transit,2016,5682.0,0.97
HIP 54515 b,HIP 54515,5625.5628039,12.2,33000.0,Imaging,2026,8100.0,1.64915
WASP-164 b,WASP-164,676.9779,12.643752,1.7771255,Transit,2018,5806.0,0.932
HD 5278 b,HD 5278,7.8,2.45,14.339156,Transit,2021,6203.0,1.194
K2-237 b,K2-237,434.15360396,16.06246934,2.18053332,Transit,2018,6180.0,1.236
Kepler-331 d,Kepler-331,3.33,1.64,32.134328,Transit,2014,4347.0,0.492
WASP-156 b,WASP-156,42.0,6.15,3.8361629,Transit,2017,5036.0,0.8268
TOI-5322 b,TOI-5322,184.02264765,16.6117094,5.4233207,Transit,2025,5692.0,1.462
HD 290327 b,HD 290327,772.3269,13.3,2443.0,Radial Velocity,2009,5505.0,0.95
Kepler-1810 b,Kepler-1810,14.6,3.91815325,101.1330032,Transit,2021,5492.0,1.016
K2-84 b,K2-84,6.39,2.41,6.4215,Transit,2016,5652.0,0.93
Kepler-299 c,Kepler-299,7.51,2.65,6.885875,Transit,2014,5617.0,1.032
K2-409 b,K2-409,6.72,2.482,1.908084,Transit,2022,5742.0,1.228
Kepler-997 b,Kepler-997,2.42,1.36,2.707306716,Transit,2016,6150.0,1.56
Kepler-1160 b,Kepler-1160,5.22,2.14,7.97034958,Transit,2016,5519.0,0.89
Kepler-162 b,Kepler-162,2.13,1.26,6.919798,Transit,2014,5816.0,0.958
PDS 70 c,PDS 70,2383.7130525,22.19378179,,Imaging,2019,4109.0,1.26
Kepler-975 c,Kepler-975,80.2,10.69,5.05821338,Transit,2023,4883.0,1.667
Kepler-247 b,Kepler-247,3.33,1.64,3.33616,Transit,2014,5100.0,0.768
HD 2039 b,HD 2039,1999.1507,12.7,1120.0,Radial Velocity,2002,5945.0,1.19
Kepler-1336 c,Kepler-1336,3.57,1.71,5.77721211,Transit,2016,5512.0,1.3
KMT-2023-BLG-0830L b,KMT-2023-BLG-0830L,17.79839079,4.41,,Microlensing,2025,,
TOI-216.02,TOI-216,18.75187601,8.0,17.16073,Transit,2019,5026.0,0.748
Kepler-978 b,Kepler-978,9.22,2.99,49.6221509,Transit,2016,6002.0,1.09
HD 89307 b,HD 89307,642.01338214,13.4,2166.0,Radial Velocity,2009,5955.0,1.1
OGLE-2011-BLG-0265L b,OGLE-2011-BLG-0265L,280.0,13.9,,Microlensing,2015,,
Kepler-763 c,Kepler-763,2.6,1.42,4.09667624,Transit,2023,4999.0,0.843
Kepler-236 c,Kepler-236,4.66,2.0,23.968127,Transit,2014,3750.0,0.51
Kepler-851 b,Kepler-851,3.46,1.68,8.50699658,Transit,2016,5455.0,0.85
TOI-2328 b,TOI-2328,50.85254512,9.97599282,17.10197,Transit,2025,5525.0,0.9
Kepler-206 d,Kepler-206,1.81,1.19,23.44281,Transit,2014,5764.0,1.185
Kepler-605 b,Kepler-605,2.67,1.44,3.383538066,Transit,2016,5462.0,0.88
Kepler-453 b,Kepler-453,16.0,6.204,240.503,Transit,2015,5527.0,0.833
HD 5319 b,HD 5319,494.54348,13.5,637.1,Radial Velocity,2007,4871.0,4.06
TOI-2152 A b,TOI-2152,899.45439181,14.35870428,3.3773512,Transit,2023,6630.0,1.612
MOA-2020-BLG-208L b,MOA-2020-BLG-208L,46.0,7.71,,Microlensing,2023,,
HD 196067 b,HD 196067,3623.2438398,12.4,3413.7,Radial Velocity,2012,6072.0,1.71
Kepler-1569 b,Kepler-1569,3.46,1.68,5.79180156,Transit,2016,6319.0,1.4
Kepler-234 b,Kepler-234,13.2,3.7,2.711506,Transit,2014,6224.0,1.113
Kepler-1100 b,Kepler-1100,3.71,1.75,6.42200058,Transit,2016,6247.0,1.34
Kepler-929 b,Kepler-929,1.41,1.11,0.921032135,Transit,2016,5869.0,1.02
HD 114386 b,HD 114386,464.02947422,13.6,937.70001,Radial Velocity,2003,4836.0,0.76
Kepler-860 b,Kepler-860,10.6,3.24,5.101379454,Transit,2016,5836.0,1.06
TOI-2524 b,TOI-2524,203.41018048,11.2089807,7.18585,Transit,2023,5831.0,1.119
HATS-2 b,HATS-2,435.42491759,12.57647635,1.35413379,Transit,2013,5227.0,0.876
K2-17 b,K2-17,5.6,2.23,17.96753,Transit,2015,4320.0,0.66
HIP 67537 b,HIP 67537,4309.11754211,12.3,2523.64713,Radial Velocity,2017,4985.0,8.69
TOI-1451 b,TOI-1451,15.2,2.61143902,16.537944,Transit,2024,5801.0,1.0162
HD 14787 b,HD 14787,356.28743,13.7,676.6,Radial Velocity,2018,4946.0,5.01
HD 4313 b,HD 4313,612.45841,13.4,356.21,Radial Velocity,2009,4943.0,5.14
HD 83443 b,HD 83443,127.76701961,14.1,2.985628,Radial Velocity,2002,5442.0,0.94
WASP-106 b,WASP-106,613.40882551,12.10569916,9.28969,Transit,2014,6002.0,1.47
HD 93083 b,HD 93083,143.34061156,14.3,144.72,Radial Velocity,2005,5033.8,0.837
TOI-1259 A b,TOI-1259 A,141.0,11.6,3.4779792,Transit,2021,4775.0,0.715
HD 133131 A b,HD 133131 A,451.3186,13.6,649.0,Radial Velocity,2016,5799.0,0.955014
KOINTREAU-4 b,2MASS J16262785-2625152,4862.7746271,12.2,,Imaging,2026,3252.0,
HD 214823 b,HD 214823,5914.78665427,12.1,1854.84424,Radial Velocity,2016,6215.0,2.04
K2-181 b,K2-181,7.7,2.69,6.8941,Transit,2018,5528.0,1.06
Kepler-1039 b,Kepler-1039,2.73,1.46,0.934884242,Transit,2016,4870.0,0.74
Kepler-206 c,Kepler-206,3.78,1.77,13.137471,Transit,2014,5764.0,1.185
Kepler-1090 c,Kepler-1090,10.9,3.29265785,42.42720032,Transit,2021,5330.0,1.013
HAT-P-60 b,HAT-P-60,182.43350562,18.28184752,4.7947813,Transit,2021,6212.0,2.197
K2-239 c,K2-239,0.972,1.0,7.775,Transit,2018,3420.0,0.36
HD 88986 b,HD 88986,17.2,2.49,146.05,Radial Velocity,2023,5861.0,1.543
Kepler-976 b,Kepler-976,14.9,3.96,105.9564148,Transit,2016,5232.0,0.83
Kepler-1694 b,Kepler-1694,1.76,1.17986031,3.89526,Transit,2020,4954.0,0.756284
Kepler-1776 b,Kepler-1776,7.33,2.61157023,35.01190186,Transit,2021,5872.0,1.153
HD 18143 c,HD 18143,3177.64841319,12.5,28982.41764,Radial Velocity,2022,5078.0,0.87
HD 219134 d,HD 219134,16.17,1.61,46.859,Radial Velocity,2015,4699.0,0.778
KIC 8540376 b,KOI-7892,15.8,4.1,31.8099,Transit,2015,6474.0,1.26
WASP-123 b,WASP-123,285.72917,15.13212395,2.97764359,Transit,2016,5740.0,1.285
TOI-824 b,TOI-824,18.467,2.926,1.392978,Transit,2020,4600.0,0.695
Kepler-221 e,Kepler-221,7.86706,2.63,18.369917,Transit,2014,5243.0,0.821
Kepler-280 b,Kepler-280,2.7,1.45,2.139542,Transit,2014,5744.0,0.886
TOI-2202 c,TOI-2202,117.27868218,13.4,24.6744,Transit Timing Variations,2021,5144.0,0.794
Kepler-411 b,Kepler-411,25.6,2.401,3.005156,Transit,2013,4974.0,0.82
Kepler-1358 b,Kepler-1358,1.46,1.12,7.06317341,Transit,2016,5181.0,0.79
TOI-791 b,TOI-791,9.5,11.13051784,139.29931,Transit,2026,6294.0,1.474
HD 87816 b,HD 87816,2142.16346318,12.7,484.17,Radial Velocity,2025,4989.0,9.0
K2-316 b,K2-316,2.33,1.33,1.133,Transit,2020,3436.0,0.379
HD 360 b,HD 360,238.37130525,14.0,273.1,Radial Velocity,2021,4770.0,10.86
GJ 273 c,GJ 273,1.18,1.06,4.7234,Radial Velocity,2017,3382.0,0.293
TOI-4030 b,TOI-4030,28.8,5.8462559,2.50900199461,Transit,2026,5640.37,0.991737
EPIC 206215704 b,EPIC 206215704,0.972,1.0,2.255436,Transit,2019,3297.0,0.25
TIC 161045582 b,TIC 161045582,5.67,2.24566738,8.85577189959,Transit,2026,5683.87,1.07976
Kepler-1436 b,Kepler-1436,2.27,1.31,9.705716,Transit,2016,5972.0,1.09
TOI-813 b,TOI-813,36.4,6.71,83.8911,Transit,2020,5907.0,1.94
NGC 2682 Sand 978 b,NGC 2682 Sand 978,692.8694,13.3,511.21,Radial Velocity,2017,4200.0,21.017414
Kepler-1571 b,Kepler-1571,2.92,1.52,3.38555488,Transit,2016,6297.0,1.39
HAT-P-41 b,HAT-P-41,378.2177,22.97845,2.69405,Transit,2012,6390.0,2.05
TOI-1227 b,TOI-1227,66.5,9.57246952,27.36397,Transit,2022,3072.0,0.56
HD 185283 b,HD 185283,413.1769291,13.6,4060.0,Radial Velocity,2023,4848.0,0.743303
HD 41004 A b,HD 41004 A,807.25,13.2,963.0,Radial Velocity,2004,5310.0,0.85
MOA-2010-BLG-477L b,MOA-2010-BLG-477L,480.0,13.6,,Microlensing,2012,5950.0,
HIP 54373 b,HIP 54373,8.62,2.87,7.76,Radial Velocity,2019,4021.0,0.564998
Kepler-598 b,Kepler-598,2.86,1.5,3.70175428,Transit,2016,5307.0,0.86
Kepler-1028 b,Kepler-1028,2.33,1.33,2.51462432,Transit,2016,5522.0,0.87
CoRoT-14 b,CoRoT-14,2415.4,12.22,1.51214,Transit,2010,6035.0,1.21
HD 9446 b,HD 9446,222.472,14.0,30.052,Radial Velocity,2009,5793.0,1.0
Kepler-1627 b,Kepler-1627,13.2,3.69,7.20283653,Transit,2016,5445.0,0.84
Kepler-1920 b,Kepler-1920,9.03,2.95415848,30.2541008,Transit,2021,6277.0,1.161
Kepler-1155 b,Kepler-1155,4.78,2.03,33.469743,Transit,2016,5842.0,1.03
Kepler-1171 b,Kepler-1171,7.08,2.56,1.44259224,Transit,2016,7044.0,1.95
HD 65216 b,HD 65216,411.58985,13.6,577.6,Radial Velocity,2003,5612.0,0.88
HIP 90988 b,HIP 90988,668.07531151,13.4,455.73816,Radial Velocity,2021,4883.0,3.94
47 UMa c,47 UMa,171.621,14.2,2391.0,Radial Velocity,2001,5872.0,1.21334
Kepler-436 c,Kepler-436,6.04,2.33,16.79713874,Transit,2016,4685.0,0.71
HD 175167 b,HD 175167,4703.8604236,12.3,1175.0,Radial Velocity,2009,5635.0,1.75
Kepler-1743 b,Kepler-1743,3.18,1.59887007,7.649710178,Transit,2021,5855.0,1.613
Kepler-721 b,Kepler-721,7.46,2.64,5.392025388,Transit,2016,5075.0,0.78
Kepler-314 c,Kepler-314,8.75,2.9,5.960392,Transit,2014,5378.0,0.95
HAT-P-31 b,HAT-P-31,721.4741,12.21781,5.00542,Transit,2011,6065.0,1.39
K2-173 b,K2-173,3.22,1.60826194,5.868699,Transit,2018,5580.0,0.843154
HD 11964 b,HD 11964,198.0,14.1,1945.0,Radial Velocity,2005,5303.0,2.00971
K2-211 b,K2-211,2.33,1.33162691,0.669561,Transit,2018,5117.0,0.818
TOI-4029 b,TOI-4029,36.6,6.73756618,5.88498234631,Transit,2026,5662.53,1.17834
Kepler-2001 b,Kepler-2001,1.12,1.04,1.090011003,Transit,2023,5081.0,0.77
TOI-238 b,TOI-238,3.37,1.559,1.273099,Transit,2024,5059.0,0.756
Kepler-1817 b,Kepler-1817,5.79,2.27349126,44.29919815,Transit,2021,5316.0,0.915
HD 220197 b,HD 220197,63.566,9.32,1728.0,Radial Velocity,2018,5683.0,0.98
Kepler-1247 b,Kepler-1247,6.04,2.33,13.71220213,Transit,2016,5303.0,0.82
HD 154345 b,HD 154345,376.9444907,13.7,3280.0,Radial Velocity,2006,5468.0,0.85
Kepler-243 b,Kepler-243,6.57,2.45,5.715442,Transit,2014,5228.0,0.842
Kepler-308 b,Kepler-308,5.14,2.12,9.694928,Transit,2014,5895.0,0.941
Teegarden's Star d,Teegarden's Star,0.82,0.954,26.13,Radial Velocity,2024,3034.0,0.12
Kepler-254 d,Kepler-254,6.8,2.5,18.746477,Transit,2014,5957.0,0.91
K2-19 b,K2-19,30.8,7.0,7.9193,Transit,2015,5322.0,0.82
TCP J05074264+2447555 b,TCP J05074264+2447555,20.0,4.72,,Microlensing,2018,5805.0,1.42487
HD 30177 b,HD 30177,2622.08435775,12.6,2539.0,Radial Velocity,2002,5680.0,1.019
Kepler-1475 b,Kepler-1475,8.85,2.92,82.177374,Transit,2016,6214.0,1.28
K2-111 c,K2-111,11.1,3.34,15.6748,Radial Velocity,2020,5775.0,1.25
HAT-P-67 b,HAT-P-67,143.02278315,23.9872187,4.8101069,Transit,2017,6640.0,2.62
TOI-2459 b,TOI-2459,9.03,2.9531,19.104718,Transit,2023,4195.0,0.6751
TOI-2373 b,TOI-2373,2955.8041851,10.42435205,13.33668,Transit,2023,5651.0,1.102
Kepler-1530 d,Kepler-1530,10.8,3.27870115,9.20761013,Transit,2021,5678.0,1.303
TOI-1288 b,TOI-1288,44.1,4.96846551,2.6998279,Transit,2022,5388.0,0.9583
Kepler-660 b,Kepler-660,7.13,2.57,9.27358194,Transit,2016,4779.0,0.71
Kepler-760 b,Kepler-760,9.59,3.06,8.70419416,Transit,2016,5322.0,0.85
TRAPPIST-1 c,TRAPPIST-1,1.308,1.097,2.421937,Transit,2016,2566.0,0.1192
Kepler-1712 b,Kepler-1712,5.83,2.28372556,13.81499958,Transit,2021,3732.0,0.509
Kepler-784 b,Kepler-784,3.12,1.58,31.5922646,Transit,2016,5674.0,1.32
Kepler-1612 b,Kepler-1612,1.08,1.03,3.91795101,Transit,2016,5643.0,0.94
TOI-1246 e,TOI-1246,14.5,3.5141875,37.92548,Transit,2022,5213.0,0.8649
K2-157 b,K2-157,1.14,0.935,0.3652575,Transit,2018,5334.0,0.86
Kepler-1335 b,Kepler-1335,2.7,1.45,6.26406846,Transit,2016,4903.0,0.74
Kepler-612 b,Kepler-612,8.45,2.84,3.722156413,Transit,2016,5693.0,0.96
KMT-2023-BLG-1642L b,KMT-2023-BLG-1642L,343.25467956,13.8,,Microlensing,2024,,
Kepler-20 f,Kepler-20,1.4,0.952,19.578328,Transit,2011,5495.0,0.9164
CoRoT-32 b,CoRoT-32,47.6745,6.38913,6.71837,Transit,2018,5970.0,0.79
Kepler-289 d,Kepler-289,5.33,3.03,66.0282,Transit,2014,5990.0,1.0
Kepler-383 c,Kepler-383,2.07,1.24,31.200751,Transit,2014,4710.0,0.672
Kepler-228 c,Kepler-228,7.75,2.7,4.134444,Transit,2014,6043.0,1.014
K2-32 b,K2-32,15.0,5.299,8.992,Transit,2016,5271.0,0.86
GJ 2030 c,GJ 2030,4069.15709482,12.3,25533.11353,Radial Velocity,2022,5485.0,2.24104
Kepler-1882 b,Kepler-1882,2.81,1.48674404,13.78730011,Transit,2021,5691.0,1.458
Kepler-664 b,Kepler-664,7.56,2.66,2.525593315,Transit,2016,5754.0,1.02
K2-25 b,K2-25,24.5,3.44,3.48456408,Transit,2015,3207.0,0.2932
Kepler-450 b,Kepler-450,19.4,6.14,28.454851,Transit,2015,6197.21,1.64162
Kepler-1054 b,Kepler-1054,7.41,2.63,4.30655689,Transit,2016,6209.0,1.34
TOI-5386 A b,TOI-5386 A,155.10026262,14.70618268,3.62156552,Transit,2025,6094.0,1.245
Kepler-387 c,Kepler-387,0.64,0.89,11.837549,Transit,2014,5774.0,1.046
Kepler-157 c,Kepler-157,5.65,2.24,13.5405,Transit,2014,5774.0,1.044
OGLE-2012-BLG-0838L b,OGLE-2012-BLG-0838L,53.1,8.39,,Microlensing,2020,,
Kepler-680 b,Kepler-680,6.44,2.42,3.689926291,Transit,2016,5890.0,1.11
Kepler-697 b,Kepler-697,16.0,4.13,3.709870645,Transit,2016,5513.0,0.88
Kepler-616 b,Kepler-616,6.48,2.43,9.99761851,Transit,2016,5753.0,0.97
Kepler-202 c,Kepler-202,4.08,1.85,16.282493,Transit,2014,4668.0,0.667
K2-339 b,K2-339,4.35,1.92,19.507428,Transit,2021,4857.0,0.72
HD 141399 e,HD 141399,209.7678,14.1,5000.0,Radial Velocity,2014,5600.0,1.387236
TOI-2449 b,TOI-2449,222.0,11.24,106.14468,Transit,2025,6021.0,1.065
Kepler-338 e,Kepler-338,8.5,1.56,9.341,Transit Timing Variations,2014,5999.0,1.735
K2-229 c,K2-229,7.0,2.03,8.32727,Transit,2018,5315.0,0.79
tau Cet h,tau Cet,1.83,1.19,49.41,Radial Velocity,2017,5310.0,0.83
Kepler-1749 b,Kepler-1749,3.23,1.61301783,14.53409958,Transit,2021,3957.0,0.553
HD 3167 d,HD 3167,7.3,2.61,8.3967,Radial Velocity,2017,5338.0,0.871
HIP 63242 b,HIP 63242,2917.56,12.5,124.6,Radial Velocity,2013,4830.0,10.275655
Kepler-1793 b,Kepler-1793,13.8,3.79037518,8.779999733,Transit,2021,5191.0,0.764
TOI-1203 b,TOI-1203,3.51,1.52,4.1572888,Radial Velocity,2025,5737.0,1.179
OGLE-2017-BLG-0173L b,OGLE-2017-BLG-0173L,3.269,1.62,,Microlensing,2018,,
Kepler-1107 b,Kepler-1107,2.36,1.34,0.571038518,Transit,2016,5268.0,0.82
HD 457 b,HD 457,8445.3364308,11.9,20324.58153,Radial Velocity,2022,6114.04,1.28194
Kepler-80 g,Kepler-80,0.065,1.13,14.64558,Transit,2017,4540.0,0.678
HD 112640 b,HD 112640,1589.15,12.9,613.2,Radial Velocity,2020,4155.0,39.0
Kepler-166 c,Kepler-166,6.26,2.38,34.260281,Transit,2014,5413.0,0.742
Kepler-1647 b,Kepler-1647,483.0,11.8739,1107.5923,Transit,2016,6210.0,1.7903
HD 181234 b,HD 181234,2980.91262925,12.5,7593.40512,Radial Velocity,2019,5386.0,1.059423
Kepler-349 b,Kepler-349,94.5,1.9,5.929778,Transit,2014,5956.0,0.927
OGLE-2013-BLG-1761L b,OGLE-2013-BLG-1761L,860.0,13.2,,Microlensing,2017,,
Kepler-1815 b,Kepler-1815,7.99,2.7489262,12.19139957,Transit,2021,5516.0,0.967
MOA-2010-BLG-117L b,MOA-2010-BLG-117L,170.0,14.2,,Microlensing,2018,,
TOI-907.01,TOI-907,67.0,9.6158851,4.5849129,Transit,2024,6272.0,2.059789
Kepler-1417 b,Kepler-1417,0.972,1.0,20.3505213,Transit,2016,5839.0,1.02
Kepler-56 b,Kepler-56,22.1,6.51,10.5016,Transit,2012,4840.0,4.23
TOI-4363 b,TOI-4363,3.77,1.76689273,2.11867592279,Transit,2026,4278.45,0.69132
HD 41004 B b,HD 41004 B,5838.29,12.1,1.3283,Radial Velocity,2003,5036.0,1.04137
Kepler-1197 b,Kepler-1197,2.1,1.25,2.03231845,Transit,2016,4708.0,0.72
Kepler-1921 b,Kepler-1921,8.72,2.89459458,20.03479958,Transit,2021,6120.0,2.0
Kepler-1484 b,Kepler-1484,5.1,2.11,30.4549136,Transit,2016,5730.0,0.92
HD 47366 c,HD 47366,483.73483545,13.5,677.53,Radial Velocity,2016,4866.0,7.3
Kepler-1210 b,Kepler-1210,3.53,1.7,8.07124073,Transit,2016,5568.0,0.92
K2-245 b,K2-245,17.4,4.34,11.89307,Transit,2018,5793.0,1.25
Kepler-159 b,Kepler-159,6.26,2.38,10.139623,Transit,2014,4625.0,0.663
Kepler-91 b,Kepler-91,257.4423,15.322703,6.24658,Transit,2013,4550.0,6.3
Kepler-354 b,Kepler-354,4.04,1.84,5.47666,Transit,2014,4648.0,0.674
K2-290 b,K2-290,10.9,3.06,9.21165,Transit,2019,6302.0,1.511
Kepler-1766 b,Kepler-1766,5.81,2.27904508,105.0149994,Transit,2021,5868.0,1.042
Kepler-774 b,Kepler-774,10.2,3.17,11.0895723,Transit,2016,6403.0,2.42
Kepler-859 b,Kepler-859,9.75,3.09,20.38177573,Transit,2016,5020.0,0.77
UCAC3 113-933 b,UCAC3 113-933,6674.396547,12.1,,Imaging,2024,3864.0,0.564484
TIC 231949697 b,TIC 231949697,2.95,1.52831855,0.90720448719,Transit,2026,3451.32,0.492584
Kepler-1972 c,Kepler-1972,2.11,0.868,11.3295,Transit,2022,5818.0,1.384
Kepler-1833 b,Kepler-1833,2.24,1.30027362,6.892129898,Transit,2021,6164.0,1.446
Kepler-401 d,Kepler-401,5.77,2.27,184.256405,Transit,2016,6184.0,1.29
TRAPPIST-1 f,TRAPPIST-1,1.039,1.045,9.20754,Transit,2017,2566.0,0.1192
TOI-4458 b,TOI-4458,552.06794296,12.40834163,3.9393792,Transit,2026,6151.0,1.96
OGLE-2017-BLG-1099L b,OGLE-2017-BLG-1099L,959.84178914,13.1,,Microlensing,2021,,
K2-219 b,K2-219,2.38,1.34762583,3.901287,Transit,2018,5753.0,1.189232
GJ 667 C b,GJ 667 C,5.68,2.25,7.203,Radial Velocity,2012,3350.0,
Kepler-1621 b,Kepler-1621,5.31,2.16,92.263714,Transit,2016,6158.0,1.24
HD 206893 b,HD 206893,6197.6539365,14.01122587,11100.0,Imaging,2021,6500.0,1.31116
HD 238090 b,HD 238090,6.89,2.52,13.671,Radial Velocity,2020,3933.0,0.57
Kepler-1840 b,Kepler-1840,8.13,2.77771129,131.1900024,Transit,2021,4898.0,0.803
Kepler-1362 b,Kepler-1362,7.27,2.6,136.205626,Transit,2016,4857.0,0.74
OGLE-2006-BLG-109L b,OGLE-2006-BLG-109L,231.0,14.0,1788.5,Microlensing,2008,,
KOI-984 b,KOI-984,17.1,4.3,4.2881785,Transit,2022,5295.0,0.818
TOI-1420 b,TOI-1420,25.1,11.89,6.9561063,Transit,2023,5510.0,0.923
Kepler-37 c,Kepler-37,1.3,0.755,21.301848,Transit,2013,5357.0,0.789
Kepler-717 b,Kepler-717,6.44,2.42,4.40840023,Transit,2016,5485.0,0.85
K2-188 c,K2-188,8.4,2.83,7.810253,Transit,2018,5977.0,1.19
K2-148 d,K2-148,3.33,1.64,9.7579,Transit,2018,4079.0,0.632
TOI-4791 b,TOI-4791,734.18362017,12.44196858,4.28088,Transit,2023,6058.0,1.409
Kepler-1566 b,Kepler-1566,0.418,0.79,0.539915238,Transit,2016,5254.0,0.81
kap And b,kap And,5498.4314411,15.91675259,,Imaging,2012,11327.0,2.109
Kepler-1751 b,Kepler-1751,3.98,1.82417378,7.017310143,Transit,2021,6052.0,0.967
WASP-132 d,WASP-132,1639.99458012,12.8,1816.6,Radial Velocity,2024,4686.0,0.758
Kepler-704 b,Kepler-704,7.32,2.61,3.76182115,Transit,2016,5616.0,0.96
TIC 147027702 b,TIC 147027702,346.43296363,10.92875618,44.40523,Transit,2026,6410.0,2.136
K2-156 b,K2-156,1.37,1.1,0.813143,Transit,2018,4460.0,0.62
HATS-56 b,HATS-56,191.33366,18.920792,4.324799,Transit,2019,6536.0,2.201
K2-385 b,K2-385,2.98,1.539,2.380867,Transit,2022,4844.0,0.761
K2-334 b,K2-334,27.2,5.65,5.113981,Transit,2021,6502.0,1.49
WASP-154 b,WASP-154,198.96058278,10.76062147,3.811678,Transit,2025,4774.0,0.823
Kepler-150 f,Kepler-150,12.9,3.64,637.2093,Transit,2017,5528.0,0.905339
Kepler-304 c,Kepler-304,5.35,2.17,5.315946,Transit,2014,4731.0,0.687
HAT-P-43 b,HAT-P-43,210.395,13.63,3.3326414,Transit,2012,5693.0,1.08
Kepler-279 d,Kepler-279,37.5,3.1,54.414,Transit,2013,6689.45,1.07
NGTS-38 b,NGTS-38,1516.04150139,12.11690814,180.52797,Transit,2026,6310.0,1.88
Kepler-49 e,Kepler-49,1.03815,1.56,18.596108,Transit,2014,4252.0,0.559
Kepler-1432 b,Kepler-1432,5.56,2.22,23.9109011,Transit,2016,6031.0,1.13
HAT-P-42 b,HAT-P-42,331.801,14.348,4.641878,Transit,2012,5743.0,1.53
Kepler-355 c,Kepler-355,7.8,2.71,25.762294,Transit,2014,6184.0,1.066
TOI-6324 b,TOI-6324,1.17,1.059,0.279221,Transit,2025,3247.0,0.293
Kepler-326 c,Kepler-326,17.4,1.4,4.580358,Transit,2014,5105.0,0.801
Kepler-1299 b,Kepler-1299,9.17,2.98,19.9400874,Transit,2016,5609.0,0.91
K2-346 b,K2-346,5.73,2.26,26.201446,Transit,2021,4801.0,0.7
TOI-172 b,TOI-172,1722.6386,10.816685,9.47725,Transit,2019,5645.0,1.777
Kepler-741 b,Kepler-741,9.11,2.97,7.03902374,Transit,2016,6129.0,1.24
Kepler-1806 b,Kepler-1806,6.15,2.35560189,9.033320427,Transit,2021,5311.0,0.788
Kepler-353 c,Kepler-353,2.48,1.38,8.410894,Transit,2014,3903.0,0.504
HD 2952 b,HD 2952,284.77425267,13.9,312.08,Radial Velocity,2013,4853.0,10.9
TOI-375 c,TOI-375,669.34662514,13.4,115.5,Radial Velocity,2026,5259.9,2.9
Kepler-1226 b,Kepler-1226,2.7,1.45,17.2923453,Transit,2016,5923.0,1.02
Kepler-560 b,Kepler-560,3.61,1.72,18.47764449,Transit,2016,3556.0,0.33
PZ Tel b,PZ Tel,8581.366989,11.9,44000.0,Imaging,2023,5169.0,1.25646
HD 164604 c,HD 164604,3019.3698665,12.5,5387.0,Radial Velocity,2026,4663.0,0.78
Kepler-1048 b,Kepler-1048,3.22,1.61,6.92101021,Transit,2016,4651.0,0.7
Kepler-1422 b,Kepler-1422,4.74,2.02,18.6051942,Transit,2016,6194.0,1.23
Kepler-1094 b,Kepler-1094,10.2,3.18,78.1000231,Transit,2016,6112.0,1.21
HD 69830 c,HD 69830,11.8,3.46,31.56,Radial Velocity,2006,5385.0,0.886947
HD 82943 c,HD 82943,622.603,13.4,220.078,Radial Velocity,2003,5935.0,1.1826
TOI-1749 d,TOI-1749,15.0,2.52,9.0497,Transit,2021,3985.0,0.55
EPIC 206042996 c,EPIC 206042996,1.87,1.2,0.354884,Transit,2021,4114.0,0.5
Kepler-954 b,Kepler-954,5.99,2.32,16.78176602,Transit,2016,4990.0,0.76
HATS-38 b,HATS-38,23.51942,6.882326,4.375021,Transit,2020,5732.0,1.105
K2-36 c,K2-36,7.9,3.2,5.340888,Transit,2016,4916.0,0.718
Kepler-1388 c,Kepler-1388,5.73,2.26,5.53608151,Transit,2016,4098.0,0.61
TIC 178172313 b,TIC 178172313,8.27,2.80405322,4.3731816136,Transit,2026,5405.59,0.84345
Kepler-416 b,Kepler-416,58.2,2.48,6.319,Transit Timing Variations,2014,5718.0,1.075
OGLE-2012-BLG-0406L b,OGLE-2012-BLG-0406L,868.0,13.2,,Microlensing,2013,,
Kepler-1567 b,Kepler-1567,7.9,2.73,153.979578,Transit,2016,5655.0,0.93
HD 147873 c,HD 147873,731.009,13.3,491.54,Radial Velocity,2016,5972.0,2.29
Kepler-290 b,Kepler-290,5.69,2.25,14.589347,Transit,2014,5147.0,0.743
Kepler-1212 b,Kepler-1212,5.22,2.14,12.94130146,Transit,2016,6051.0,1.15
Kepler-857 b,Kepler-857,37.2,6.8,85.35129427,Transit,2016,5773.0,0.99
Kepler-1626 b,Kepler-1626,4.74,2.02,4.13962966,Transit,2016,6826.0,1.85
TOI-1836 c,TOI-1836,8.0,2.59987579,1.7727471,Transit,2024,6237.0,1.6454
K2-64 b,K2-64,4.94,2.07,6.53044,Transit,2016,5312.0,0.726
Kepler-1336 b,Kepler-1336,4.58,1.98,23.198681,Transit,2016,5512.0,1.3
Kepler-872 b,Kepler-872,4.62,1.99,2.578855068,Transit,2016,5902.0,1.08
Kepler-1656 b,Kepler-1656,47.8,4.574,31.562,Transit,2018,5569.0,1.1
POTS-1 b,POTS-1,734.16,10.548,3.1606296,Transit,2013,4400.0,0.588
Kepler-68 e,Kepler-68,86.4493267,11.2,3455.0,Radial Velocity,2023,5847.0,1.2564
HD 85426 c,TOI-1774,10.3,3.19,35.73,Radial Velocity,2026,5746.0,1.1303
Kepler-1406 b,Kepler-1406,1.37,1.1,11.62905828,Transit,2016,5892.0,1.12
Kepler-758 e,Kepler-758,2.96,1.53,8.1934719,Transit,2016,6228.0,1.42
Kepler-675 b,Kepler-675,6.53,2.44,2.33743801,Transit,2016,4945.0,0.75
Kepler-77 b,Kepler-77,136.661,10.761,3.57878087,Transit,2013,5520.0,0.99
Kepler-679 b,Kepler-679,9.32,3.01,12.39358604,Transit,2016,5403.0,0.84
K2-265 b,K2-265,7.3418362,1.70824866,2.36902,Transit,2018,5420.0,0.92
Kepler-1682 b,Kepler-1682,8.7,2.88940836,14.8334,Transit,2020,5619.12,0.842301
Kepler-1907 c,Kepler-1907,1.63,1.15547044,14.86390018,Transit,2021,5159.0,0.8
Kepler-996 b,Kepler-996,4.58,1.98,3.770590584,Transit,2016,6014.0,1.14
Kepler-174 d,Kepler-174,5.43,2.19,247.35373,Transit,2014,4880.0,0.622
Kepler-282 d,Kepler-282,61.0,2.46,24.806,Transit,2013,5656.0,0.89
HD 219828 c,HD 219828,5102.41724598,12.2,4789.87297,Radial Velocity,2016,5891.0,1.56
Kepler-758 d,Kepler-758,5.14,2.12,20.4966197,Transit,2016,6228.0,1.42
K2-85 b,K2-85,3.2,1.4,0.68453862616,Transit,2016,4232.0,0.71
TOI-2076 b,TOI-2076,6.7,2.59,10.35504,Transit,2021,5187.0,0.758
K2-3 d,K2-3,2.2,1.458,44.55603,Transit,2015,3844.0,0.546
HAT-P-47 b,HAT-P-47,65.47265184,14.71739166,4.73217441,Transit,2026,6703.0,1.515
Kepler-360 b,Kepler-360,3.36,1.65,3.289672,Transit,2014,6053.0,1.058
TOI-3664 b,TOI-3664,114.41822652,13.69737442,3.2974839,Transit,2026,5593.0,1.11
Kepler-293 b,Kepler-293,9.64,3.07,19.254196,Transit,2014,5804.0,0.957
HD 135625 b,HD 135625,731.0053361,13.3,4055.0,Radial Velocity,2023,6040.64,1.35743
K2-419 A b,K2-419 A,196.0,10.55,20.35847252,Transit,2024,3711.0,0.541
HD 126105 b,HD 126105,530.77343969,13.5,524.0,Radial Velocity,2026,4875.0,4.21
TOI-756 b,TOI-756,9.83,2.81,1.2392495,Transit,2025,3657.0,0.505
TOI-4794 b,TOI-4794,308.29355479,14.35870428,3.5658116,Transit,2025,6390.0,1.451
HD 52265 b,HD 52265,384.5743,13.7,119.27,Radial Velocity,2000,6136.0,1.32
TOI-451 d,TOI-451,10.2,3.93,16.364962,Transit,2020,5490.0,0.85
Kepler-974 b,Kepler-974,3.09,1.57,4.194496514,Transit,2016,3687.0,0.5
TOI-5205 b,TOI-5205,343.0,11.6,1.630757,Transit,2023,3430.0,0.394
Kepler-1008 b,Kepler-1008,2.18,1.28,12.43931193,Transit,2016,5066.0,0.78
Kepler-1373 b,Kepler-1373,1.65,1.16,1.29123275,Transit,2016,6299.0,1.33
Kepler-172 e,Kepler-172,8.05,2.76,35.118736,Transit,2014,5526.0,1.085
TOI-1670 b,TOI-1670,41.31769291,2.06,10.98462,Transit,2022,6170.0,1.316
TOI-2338 b,TOI-2338,1900.61387386,11.2089807,22.65398,Transit,2023,5581.0,1.05
Kepler-275 d,Kepler-275,11.1,3.33,35.676062,Transit,2014,6165.0,1.383
Kepler-305 e,Kepler-305,3.87,1.7938153,3.20538,Transit,2020,4974.0,0.827279
TOI-2133 b,TOI-2133,6.21,2.37,3.8266472,Transit,2026,4250.0,0.62
K2-188 b,K2-188,2.39,1.35,1.742169,Transit,2018,5977.0,1.19
Kepler-32 d,Kepler-32,39.9089,2.7,22.7802,Transit,2012,3900.0,0.53
Qatar-3 b,Qatar-3,1369.8473,12.285064,2.5079204,Transit,2017,6007.0,1.272
Kepler-1787 b,Kepler-1787,5.99,2.31898181,39.31370163,Transit,2021,6060.0,0.925
GJ 849 c,GJ 849,314.65012293,13.8,5990.0,Radial Velocity,2014,3467.0,0.45
Kepler-231 c,Kepler-231,24.1,1.93,19.271566,Transit,2014,3767.0,0.49
HD 153557 b,HD 153557,20.34101805,4.77,7.29903,Radial Velocity,2022,4837.0,0.745171
Kepler-1939 b,Kepler-1939,1.68,1.16480773,2.790659904,Transit,2021,4353.0,0.603
Kepler-1170 b,Kepler-1170,6.39,2.41,9.98969327,Transit,2016,5069.0,0.76
Kepler-245 e,Kepler-245,1806.36,1.75,3.219821056,Transit,2016,5174.0,0.8
HD 128356 b,HD 128356,282.8687,13.9,298.2,Radial Velocity,2016,4875.0,0.85
K2-384 d,K2-384,2.52,1.392,6.679582,Transit,2022,3623.0,0.348
HD 219134 f,HD 219134,7.3,1.31,22.717,Radial Velocity,2015,4699.0,0.778
Kepler-487 c,Kepler-487,7.65,2.68,38.6519976,Transit,2016,5444.0,0.88
Kepler-157 b,Kepler-157,2.3,1.32,1.732342,Transit,2014,5774.0,1.044
HD 20794 e,HD 20794,4.77,2.03,147.02,Radial Velocity,2017,5401.0,0.93
TIC 117642575 b,TIC 117642575,8.38,2.82716337,4.94459060181,Transit,2026,5719.98,1.08102
Kepler-40 b,Kepler-40,699.2,13.11,6.87349,Transit,2010,6510.0,2.13
Kepler-621 b,Kepler-621,5.9,2.3,2.628113746,Transit,2016,4521.0,0.68
Kepler-323 b,Kepler-323,3.9,1.381,1.678328,Transit,2014,6004.0,1.12
OGLE-2018-BLG-0567L b,OGLE-2018-BLG-0567L,101.70509024,12.3,,Microlensing,2021,,
TOI-6651 b,TOI-6651,61.0,5.09,5.056973,Transit,2024,5940.0,1.721
TOI-908 b,TOI-908,16.137,3.186,3.183792,Transit,2023,5626.0,1.028
Kepler-1582 b,Kepler-1582,2.83,1.49,4.83817712,Transit,2016,3208.0,0.3
HD 177565 b,HD 177565,15.1,4.0,44.505,Radial Velocity,2017,5627.0,0.971489
WASP-90 b,WASP-90,200.2329,18.27067,3.916243,Transit,2016,6430.0,1.98
HD 211810 b,HD 211810,212.9461,14.0,1558.0,Radial Velocity,2018,5652.0,1.13
K2-133 d,K2-133,4.67,2.003,11.02454,Transit,2017,3655.0,0.455
GJ 96 b,GJ 96,19.66,4.67,73.94,Radial Velocity,2018,3785.0,0.580612
K2-165 b,K2-165,2.17,1.27443657,2.354992,Transit,2018,5185.0,0.803827
Kepler-512 b,Kepler-512,7.7,2.69,34.43587975,Transit,2016,5997.0,1.3
K2-138 b,K2-138,3.1,1.51,2.35309,Transit,2017,5356.3,0.863
K2-170 c,K2-170,3.9,1.8017647,12.400047,Transit,2018,5748.0,0.981614
HD 191939 e,HD 191939,112.2,13.0,101.12,Radial Velocity,2022,5348.0,0.94
Kepler-298 c,Kepler-298,4.38,1.93,22.92881,Transit,2014,4465.0,0.582
GJ 896 A b,GJ 896 A,718.29219982,13.3,284.39,Astrometry,2022,3345.0,0.394682
HD 72490 b,HD 72490,561.92344,13.5,858.0,Radial Velocity,2018,4934.0,4.96
K2-63 b,K2-63,10.5,3.22,20.257,Transit,2016,6771.0,1.63
GJ 433 c,GJ 433,32.422,6.27,5094.105,Radial Velocity,2014,3461.0,0.5
KMT-2021-BLG-0909L b,KMT-2021-BLG-0909L,400.46379282,13.7,,Microlensing,2023,,
HD 12661 c,HD 12661,899.45439181,13.2,1708.0,Radial Velocity,2002,5748.0,1.11
KMT-2024-BLG-2087L b,KMT-2024-BLG-2087L,1395.26670673,12.9,,Microlensing,2026,,
KOI-351 g,KOI-351,15.0,7.718,210.73514,Transit,2013,6031.13,1.185
KMT-2018-BLG-1025L b,KMT-2018-BLG-1025L,6.059,2.34,,Microlensing,2021,,
Kepler-1931 b,Kepler-1931,7.53,2.65323514,38.5760994,Transit,2021,6167.0,1.221
TOI-519 b,TOI-519,147.15455244,11.54525012,1.2652328,Transit,2021,3322.0,0.35
Kepler-287 c,Kepler-287,66.0,3.26,44.851896,Transit,2014,5806.0,1.032
TOI-2578 b,TOI-2578,167.17774208,19.66055215,3.4579667,Transit,2026,6333.0,1.64
HD 80653 b,HD 80653,5.72,1.613,0.719573,Transit,2020,5959.0,1.22
Kepler-1067 b,Kepler-1067,0.437,0.8,0.762129261,Transit,2016,5592.0,0.93
Kepler-1753 b,Kepler-1753,5.59,2.22678077,16.00460052,Transit,2021,5180.0,0.769
K2-219 d,K2-219,7.16,2.57634456,11.137278,Transit,2018,5753.0,1.189232
Kepler-570 b,Kepler-570,6.57,2.45,4.301662003,Transit,2016,5496.0,0.9
Kepler-1049 b,Kepler-1049,0.809,0.95,3.273460736,Transit,2016,3864.0,0.49
Kepler-663 b,Kepler-663,7.27,2.6,4.99678284,Transit,2016,5264.0,0.82
TOI-2498 b,TOI-2498,34.62,6.06,3.738252,Transit,2023,5905.0,1.26
CoRoT-30 b,CoRoT-30,921.707,11.309881,9.06005,Transit,2020,5650.0,0.91
WASP-98 b,WASP-98,293.03926,12.823096,2.96264036,Transit,2014,5473.0,0.741
Kepler-10 c,Kepler-10,11.29,2.355,45.294301,Transit,2011,5708.0,1.065
Kepler-337 b,Kepler-337,2.99,1.54,3.292781,Transit,2014,5684.0,1.761
Kepler-108 b,Kepler-108,56.0,8.65,49.183921,Transit,2014,5854.0,2.192
2MASS J21252752-8138278 b,2MASS J21252752-8138278,3813.940884,12.4,,Imaging,2024,3592.0,0.672832
Kepler-707 b,Kepler-707,2.33,1.33,2.237492751,Transit,2016,5099.0,0.76
Luhman 16 b,Luhman 16 A,9344.1551658,11.9,9697.0,Imaging,2017,,
OGLE-2018-BLG-0677L b,OGLE-2018-BLG-0677L,3.96,1.82,,Microlensing,2020,,
Kepler-284 b,Kepler-284,5.65,2.24,12.699149,Transit,2014,5615.0,0.814
Kepler-135 c,Kepler-135,1.65,1.16,11.448708,Transit,2014,6090.0,1.275
GJ 3634 b,GJ 3634,8.4,2.83,2.64561,Radial Velocity,2010,3517.0,0.43
MOA-2009-BLG-387L b,MOA-2009-BLG-387L,830.0,13.2,1980.0,Microlensing,2010,,
KMT-2017-BLG-0673L b,KMT-2017-BLG-0673L,1166.43025369,13.0,,Microlensing,2022,,
Kepler-950 b,Kepler-950,59.6,8.98,98.7180406,Transit,2016,5857.0,1.02
HD 73526 b,HD 73526,978.9164,13.1,188.3,Radial Velocity,2002,5601.0,1.53
Kepler-102 d,Kepler-102,3.0,1.154,10.311767,Transit,2014,4909.0,0.724
WASP-47 d,WASP-47,15.5,3.65,9.030501,Transit,2015,5565.0,1.156
Kepler-959 b,Kepler-959,17.6,4.38,14.80074836,Transit,2016,7005.0,2.01
K2-243 b,K2-243,5.35,2.17,11.54182,Transit,2018,6570.0,1.39
K2-133 c,K2-133,3.2,1.603,4.86784,Transit,2017,3655.0,0.455
Kepler-1310 b,Kepler-1310,2.67,1.44,0.679336272,Transit,2016,5549.0,0.88
HIP 74890 b,HIP 74890,762.792,13.3,822.3,Radial Velocity,2016,4850.0,5.77
GJ 15 A c,GJ 15 A,36.0,6.67,7600.0,Radial Velocity,2018,3607.0,0.38
Kepler-1509 b,Kepler-1509,4.08,1.85,25.4338197,Transit,2016,5780.0,0.99
Kepler-749 b,Kepler-749,9.8,3.1,17.31716585,Transit,2016,5009.0,0.75
HD 102329 b,HD 102329,2593.4928,12.6,778.09998,Radial Velocity,2011,4745.0,9.82
TOI-1194 b,TOI-1194,120.0,8.71664516,2.3106446,Transit,2023,5394.0,0.9608
Barnard d,Barnard's star,0.263,0.694,2.3402,Radial Velocity,2025,3195.0,0.185
K2-398 b,K2-398,5.79,2.274,6.393025,Transit,2022,5946.0,1.239
Kepler-1951 b,Kepler-1951,6.0,2.32107188,20.65780067,Transit,2021,5468.0,1.306
GJ 180 b,GJ 180,6.49,2.43,17.133,Radial Velocity,2014,3371.0,0.413049
Kepler-389 b,Kepler-389,2.89,1.51,3.244107,Transit,2014,5376.0,0.792
HD 20794 d,HD 20794,4.8,2.04,89.68,Radial Velocity,2011,5368.0,0.93
HU Aqr AB c,HU Aqr,1430.235,12.9,4368.0,Eclipse Timing Variations,2011,5952.0,
TOI-837 b,TOI-837,120.45696625,9.16894621,8.3249113,Transit,2020,5995.0,1.052
Kepler-1877 b,Kepler-1877,0.179,0.624086,2.377569914,Transit,2021,5615.0,0.936
Kepler-543 b,Kepler-543,6.8,2.5,13.89961966,Transit,2016,4671.0,0.67
HD 74698 b,HD 74698,23.0,5.12,15.017,Radial Velocity,2023,5783.0,1.333
Kepler-152 c,Kepler-152,6.3,2.39,88.255055,Transit,2014,5088.0,0.724
Gliese 12 b,Gliese 12,0.95,0.93,12.761418,Transit,2024,3328.0,0.265
Kepler-266 c,Kepler-266,14.4,3.89,107.723601,Transit,2014,5885.0,1.028
TOI-6130 b,TOI-6130,333.71982735,14.3474953,2.392679,Transit,2024,6110.0,1.51
rho CrB b,rho CrB,347.995,13.7,39.849,Radial Velocity,1997,5817.0,1.3617
Kepler-1531 b,Kepler-1531,1.41,1.11,1.138543376,Transit,2016,6260.0,1.27
K2-12 b,K2-12,5.2,2.44,8.28246,Transit,2015,5672.0,1.117
GJ 581 b,GJ 581,20.5,4.79,5.3686,Radial Velocity,2005,3500.0,0.302
Kepler-84 c,Kepler-84,20.2,2.36,12.883,Transit,2012,6039.0,1.43
TOI-5210 b,TOI-5210,81.99972901,10.72699453,4.5661061,Transit,2025,5723.0,1.209
NGTS-30 b,NGTS-30,305.11527072,10.40193409,98.29838,Transit,2024,5455.0,0.913
K2-413 c,K2-413,2.05,1.2327,5.3301,Transit,2022,4116.0,0.7
K2-353 b,K2-353,26.3,5.55,15.466805,Transit,2021,5698.0,0.99
CoRoT-16 b,CoRoT-16,170.032,13.11,5.35227,Transit,2011,5650.0,1.19
HD 94890 b,HD 94890,676.97450691,13.3,824.61,Radial Velocity,2025,4867.0,10.71
TOI-1533 b,TOI-1533,28.1,2.89,3.6457974,Transit,2026,5146.0,0.849
HD 31253 b,HD 31253,197.0546,14.1,466.0,Radial Velocity,2010,6130.0,1.75
HD 208527 b,HD 208527,3146.4,12.5,875.5,Radial Velocity,2012,4035.0,51.1
Kepler-326 b,Kepler-326,44.6,1.52,2.248329,Transit,2014,5105.0,0.801
HD 153557 d,HD 153557,8725.66108578,11.9,40654.64809,Radial Velocity,2022,4837.0,0.745171
Kepler-1573 b,Kepler-1573,1.87,1.2,2.6157554,Transit,2016,5808.0,1.0
HD 70642 b,HD 70642,1239.5307873,13.0,2124.54,Radial Velocity,2003,5732.0,0.984
PSR B1620-26 b,PSR B1620-26,794.575,13.3,,Pulsar Timing,2003,,
Kepler-175 b,Kepler-175,7.08,2.56,11.903515,Transit,2014,6064.0,1.01
Kepler-375 c,Kepler-375,7.51,2.65,19.986326,Transit,2014,5826.0,0.837
LP 890-9 c,LP 890-9,25.3,1.367,8.457463,Transit,2022,2850.0,0.1556
GJ 3998 d,GJ 3998,6.07,2.34,41.78,Radial Velocity,2025,3726.0,0.5
HD 39194 c,HD 39194,7.49,2.65,14.0309,Radial Velocity,2021,5205.0,0.783742
Kepler-1044 b,Kepler-1044,7.61,2.67,6.77408868,Transit,2016,5985.0,1.11
K2-189 c,K2-189,5.95,2.31,6.67932,Transit,2018,5442.0,0.879
HD 205158 b,HD 205158,124.58873554,13.9,25.33798,Radial Velocity,2022,6133.55,1.87741
Kepler-1489 c,Kepler-1489,0.087,0.51,0.680741,Transit,2024,5565.53,0.957
Kepler-1714 b,Kepler-1714,10.7,3.26437302,10.27530003,Transit,2021,6150.0,2.086
HD 219134 h,HD 219134,108.0622,12.7,2247.0,Radial Velocity,2015,4913.0,0.77
TOI-470 b,TOI-470,17.4,4.34,12.19148,Transit,2023,5190.0,0.831
Kepler-1241 b,Kepler-1241,7.41,2.63,18.5525701,Transit,2016,5261.0,0.8
Kepler-164 b,Kepler-164,2.57,1.41,5.03503,Transit,2014,5888.0,1.148
WASP-116 b,WASP-116,203.41018048,13.67495645,6.6132,Transit,2025,6250.0,1.426
WASP-193 b,WASP-193,35.59678158,14.78464554,6.2463475,Transit,2023,6080.0,1.213
TOI-1898 b,TOI-1898,129.0,9.39553231,45.52234,Transit,2024,6241.0,1.6131
Kepler-1820 b,Kepler-1820,9.9,3.11883067,31.03249931,Transit,2021,5841.0,0.931
K2-209 b,K2-209,0.586,0.86850263,2.080615,Transit,2018,4720.0,0.712365
HIP 8152 b,HIP 8152,8.9,2.53625843,10.751014,Transit,2023,5618.0,0.9603
Kepler-1722 b,Kepler-1722,8.58,2.86719266,9.178569794,Transit,2021,5506.0,0.788
TOI-1937 A b,TOI-1937 A,638.83509807,13.97759893,0.94667944,Transit,2023,5814.0,1.08
Kepler-1388 d,Kepler-1388,8.55,2.86,20.9568158,Transit,2016,4098.0,0.61
Kepler-1130 c,Kepler-1130,0.422,0.79239584,3.266639948,Transit,2021,5450.0,0.842
Kepler-114 b,Kepler-114,1.09,1.26,5.188549,Transit,2014,4605.0,0.667
MOA-2013-BLG-220L b,MOA-2013-BLG-220L,871.0,13.2,,Microlensing,2014,,
HD 20782 b,HD 20782,472.83,13.6,597.0643,Radial Velocity,2006,5782.13,1.12681
Kepler-410 A b,Kepler-410 A,8.44,2.838,17.833648,Transit,2013,6273.0,1.352
Kepler-254 b,Kepler-254,14.3,3.87,5.826662,Transit,2014,5957.0,0.91
Kepler-1113 b,Kepler-1113,8.3,2.81,42.3004954,Transit,2016,5931.0,1.17
Kepler-841 b,Kepler-841,23.8,5.23,124.4198398,Transit,2016,5324.0,0.81
Kepler-331 b,Kepler-331,3.97,1.82,8.457496,Transit,2014,4347.0,0.492
Kepler-25 d,Kepler-25,71.9,10.0,122.4,Radial Velocity,2014,6354.0,1.316
Kepler-1792 b,Kepler-1792,6.89,2.51990972,4.1957798,Transit,2021,5229.0,1.005
HD 136418 b,HD 136418,680.1562,13.3,464.29999,Radial Velocity,2009,4989.0,3.78
Kepler-1485 b,Kepler-1485,2.76,1.47,19.9157725,Transit,2016,6087.0,1.12
HD 16417 b,HD 16417,22.1,5.0,17.24,Radial Velocity,2008,5841.0,1.639984
Kepler-142 b,Kepler-142,4.62,1.99,2.024152,Transit,2014,5790.0,1.269
EPIC 201754305 d,K2-16,1.08,1.03,2.71578,Transit,2019,4761.0,0.544
TOI-1288 c,TOI-1288,85.7,11.1,416.0,Radial Velocity,2022,5388.0,0.9583
Kepler-103 b,Kepler-103,11.67,3.4857,15.9653287,Transit,2014,6047.0,1.492
Kepler-1415 b,Kepler-1415,2.21,1.29,0.63642408,Transit,2016,5267.0,0.84
GJ 1002 c,GJ 1002,1.36,1.1,21.202,Radial Velocity,2022,3024.0,0.137
TOI-1338 b,TOI-1338 A,11.3,7.661,95.4001,Transit,2020,5723.2,1.313
Kepler-662 b,Kepler-662,5.39,2.18,21.67697486,Transit,2016,4897.0,0.74
TOI-1235 b,TOI-1235,6.69,1.69,3.444714,Transit,2020,3997.0,0.619
OGLE-2017-BLG-0406L b,OGLE-2017-BLG-0406L,130.0,14.2,,Microlensing,2020,,
HD 68475 b,HD 68475,1639.99458012,12.8,7832.0,Radial Velocity,2026,5022.0,0.79099
TOI-663 d,TOI-663,5.2,1.92,7.1027268,Transit,2024,3681.0,0.512
Kepler-754 b,Kepler-754,4.7,2.01,14.5596237,Transit,2016,5935.0,1.08
HD 207897 b,HD 207897,14.8,2.34302132,16.20166,Transit,2021,5106.0,0.7827
Kepler-1667 b,Kepler-1667,9.19,2.98385261,83.5781,Transit,2020,5941.54,1.08751
TOI-905 b,TOI-905,211.99261,13.125739,3.739494,Transit,2020,5570.0,0.918
Kepler-1468 d,Kepler-1468,11.1,3.33187146,19.59059906,Transit,2021,5794.0,1.496
TOI-2267 c,TOI-2267 A,1.55,1.14,3.4950412,Transit,2025,3030.0,0.2075
TOI-2000 c,TOI-2000,81.7,8.14,9.127055,Transit,2023,5611.0,1.134
TOI-1333 b,TOI-1333,753.2571,15.647764,4.720219,Transit,2021,6274.0,1.925
HD 75898 b,HD 75898,810.46243785,13.2,422.82,Radial Velocity,2007,6122.0,1.55
Kepler-275 c,Kepler-275,11.4,3.38,16.088134,Transit,2014,6165.0,1.383
Kepler-1459 b,Kepler-1459,2.42,1.36,62.8691611,Transit,2016,4828.0,0.74
BD-210397 c,BD-210397,1525.5763536,12.9,6240.0,Radial Velocity,2023,4051.0,0.747
Kepler-671 b,Kepler-671,7.7,2.69,4.280958588,Transit,2016,5624.0,0.95
Kepler-519 b,Kepler-519,5.06,2.1,24.3078946,Transit,2016,5260.0,0.8
K2-24 b,K2-24,19.0,5.4,20.88977,Transit,2016,5625.0,1.16
HD 1397 b,HD 1397,131.89945,11.500434,11.53533,Transit,2018,5521.0,2.336
Kepler-320 b,Kepler-320,1.55,1.14,8.371554,Transit,2014,6435.0,1.108
Kepler-1769 b,Kepler-1769,18.2,4.465,89.1934967,Transit,2021,6071.0,1.295
Kepler-1726 b,Kepler-1726,6.84,2.50861954,18.39629936,Transit,2021,5316.0,0.804
HD 42618 b,HD 42618,14.4,3.89,149.61,Radial Velocity,2016,5727.0,0.999
GJ 338 B b,GJ 338 B,10.6,3.25,24.422,Radial Velocity,2020,4014.0,0.58
KMT-2018-BLG-1976L b,KMT-2018-BLG-1976L,705.57906354,13.3,,Microlensing,2021,,
GJ 1132 c,GJ 1132,2.91,1.52,8.929,Radial Velocity,2018,3090.0,0.226
K2-183 c,K2-183,5.9,2.3,10.787992,Transit,2018,5482.0,0.87
Kepler-1772 b,Kepler-1772,7.68,2.68609988,3.215090036,Transit,2021,5541.0,0.934
Kepler-1396 b,Kepler-1396,4.94,2.07,18.2206421,Transit,2016,6195.0,1.27
Kepler-1165 c,Kepler-1165,11.2,3.36093385,29.96870041,Transit,2021,6249.0,1.076
TOI-4582 b,TOI-4582,168.44905571,10.53644186,31.034,Transit,2023,5190.0,2.5
NGTS-21 b,NGTS-21,750.07504052,14.90794433,1.5433897,Transit,2022,4660.0,0.86
K2-330 b,K2-330,8.1,2.77,13.774798,Transit,2021,6232.0,1.5
Kepler-1519 b,Kepler-1519,39.6,7.06,240.7989397,Transit,2016,5644.0,0.91
TOI-2545 b,TOI-2545,8.0,2.75,7.994037,Transit,2022,5846.29,1.25324
Kepler-338 d,Kepler-338,9.27,3.0,44.431014,Transit,2014,5923.0,1.735
Kepler-121 c,Kepler-121,5.77,2.27,41.008011,Transit,2014,5311.0,0.701
K2-154 c,K2-154,4.94,2.07,7.95486,Transit,2018,4097.0,0.63
KELT-9 b,KELT-9,915.34581216,21.70058664,1.4811235,Transit,2017,9270.0,2.418
Kepler-262 b,Kepler-262,2.42,1.36,13.060855,Transit,2014,5841.0,0.881
WASP-11 b,WASP-11,251.0857,12.44199,3.72247,Transit,2008,4800.0,0.89
KMT-2022-BLG-1551L b,KMT-2022-BLG-1551L,940.77208472,13.2,,Microlensing,2026,,
TOI-2211.01,TOI-2211,3.06,1.561,3.092686757,Transit,2024,5253.0,0.834
Kepler-1821 b,Kepler-1821,7.24,2.59248115,16.45809937,Transit,2021,5475.0,0.884
PH2 b,PH2,87.08498352,9.33708092,282.52542,Transit,2013,5734.0,0.949
Kepler-124 b,Kepler-124,0.315,0.73,3.410493,Transit,2014,4984.0,0.636
Kepler-380 b,Kepler-380,1.81,1.19,3.930821,Transit,2014,6045.0,1.224
TOI-5777 b,TOI-5777,9.78,3.09551273,6.91716177373,Transit,2026,4408.03,0.671912
Kepler-1259 b,Kepler-1259,2.63,1.43,0.663085258,Transit,2016,5053.0,0.77
TOI-2518 b,TOI-2518,5.77,2.26838675,6.89797425216,Transit,2026,5751.2,0.993374
TIC 206466666 b,TIC 206466666,5.26,2.14817673,9.10486865159,Transit,2026,4620.3,0.667193
Kepler-156 c,Kepler-156,7.04,2.55,15.906801,Transit,2014,5094.0,0.807
Kepler-406 b,Kepler-406,6.35,1.43,2.42629,Transit,2014,5538.0,1.07
HD 18143 b,HD 18143,10.80616584,3.28,10.2851,Radial Velocity,2022,5078.0,0.87
Kepler-286 e,Kepler-286,3.78,1.77,29.221289,Transit,2014,5580.0,0.863
HD 82886 b,HD 82886,740.5439,13.3,705.0,Radial Velocity,2011,4953.0,5.26
CoRoT-11 b,CoRoT-11,740.51,16.03,2.99433,Transit,2010,6440.0,1.37
HD 154857 b,HD 154857,778.6835,13.3,408.60001,Radial Velocity,2004,5589.0,2.3
Kepler-624 b,Kepler-624,5.95,2.31,14.58649607,Transit,2016,6117.0,1.18
Kepler-1530 c,Kepler-1530,3.36,1.65,5.3227406,Transit,2016,5477.0,0.88
TOI-5349 b,TOI-5349,127.4,10.2,3.317921,Transit,2026,3751.0,0.58
HD 108202 b,HD 108202,953.485221,13.1,2990.0,Radial Velocity,2023,4556.03,0.66355
K2-321 b,K2-321,4.86,2.05124347,2.2979749,Transit,2020,3750.0,0.595
Kepler-14 b,Kepler-14,2669.66,12.733,6.790123,Transit,2011,6395.0,2.048
Kepler-448 c,KOI-12,6992.26,12.0,2500.0,Transit Timing Variations,2017,6635.0,1.4
Kepler-1047 c,Kepler-1047,0.937,0.99,3.18897601,Transit,2016,5754.0,1.13
TOI-1294 c,TOI-1294,147.0,14.3,159.9,Radial Velocity,2024,5718.0,1.5566
BD+49 828 b,BD+49 828,508.5,13.5,2590.0,Radial Velocity,2015,4943.0,7.6
OGLE-2007-BLG-349L AB c,OGLE-2007-BLG-349L A,80.0,10.7,2557.0,Microlensing,2016,,
TOI-1117 b,TOI-1117,8.9,2.46,2.22816,Transit,2025,5635.0,1.05
Kepler-106 b,Kepler-106,5.3,0.82,6.16486,Transit,2014,5858.0,1.04
TOI-4406 b,TOI-4406,95.3485221,11.2089807,30.08364,Transit,2023,6219.0,1.29
HD 108147 b,HD 108147,82.95,10.9,10.8985,Radial Velocity,2002,6255.73,1.20664
Kepler-1430 b,Kepler-1430,1.76,1.18,2.46050993,Transit,2016,4796.0,0.72
Kepler-1388 e,Kepler-1388,6.62,2.46,37.6327084,Transit,2016,4098.0,0.61
TOI-2322 b,TOI-2322,2.31,0.994,11.30717,Transit,2025,4664.0,0.662
Kepler-1311 b,Kepler-1311,2.07,1.24,11.1726994,Transit,2016,5748.0,1.4
CoRoT-6 b,CoRoT-6,940.74,13.068,8.886593,Transit,2009,6090.0,1.025
K2-58 c,K2-58,3.26,1.62,2.53726,Transit,2016,5413.0,0.86
K2-182 b,K2-182,20.97667486,2.71257333,4.7369696,Transit,2018,5128.0,0.789
Kepler-1991 c,Kepler-1991,7.13,2.57,22.79020351,Transit,2023,5478.0,1.053
TOI-2345 c,TOI-2345,7.27,2.451,21.064302,Transit,2025,4687.0,0.729
Kepler-126 d,Kepler-126,54.59018723,2.5,100.283134,Transit,2014,6239.0,1.358
HD 145377 b,HD 145377,1913.3366,12.8,103.95,Radial Velocity,2008,6014.0,1.05
Kepler-445 c,Kepler-445,6.85,2.51,4.871229,Transit,2015,3157.0,0.21
KMT-2021-BLG-0736L b,KMT-2021-BLG-0736L,21.0,4.86,,Microlensing,2025,,
HD 25912 c,HD 25912,5252.75008249,12.2,26308.65619,Radial Velocity,2022,5920.58,0.995896
Kepler-1635 b,Kepler-1635,12.9,3.64,469.63111,Transit,2016,5347.0,0.85
Kepler-1709 b,Kepler-1709,9.93,3.12424875,65.70459747,Transit,2021,5918.0,1.043
Kepler-611 b,Kepler-611,3.36,1.65,2.437033302,Transit,2016,5761.0,1.01
Kepler-1904 b,Kepler-1904,2.51,1.3904994,4.577020168,Transit,2021,3805.0,0.497
Kepler-473 b,Kepler-473,15.6,4.08,14.55731705,Transit,2016,5816.0,1.34
Kepler-1061 b,Kepler-1061,4.58,1.98,2.757982666,Transit,2016,6067.0,1.07
Kepler-9 d,Kepler-9,8.41466053,1.64,1.592851,Transit,2010,5777.0,1.02
DMPP-6 b,DMPP-6,5.8,2.28,7.6027,Radial Velocity,2026,6182.09,1.27
TOI-7510 d,TOI-7510,190.0,10.52,48.864468,Transit,2025,5720.0,1.035
HD 83443 c,HD 83443,476.7426105,13.6,8241.0,Radial Velocity,2022,5442.0,0.94
Kepler-802 b,Kepler-802,12.3,3.54,40.0587473,Transit,2016,5507.0,0.9
Kepler-865 c,Kepler-865,0.64,0.89,6.20920207,Transit,2023,5440.0,0.885
Kepler-316 b,Kepler-316,1.2,1.06,2.240508,Transit,2014,4204.0,0.52
Kepler-329 b,Kepler-329,2.54,1.4,7.416397,Transit,2014,4257.0,0.523
Kepler-1085 c,Kepler-1085,10.7,3.26817741,56.7771,Transit,2020,5816.0,1.0783
Pr0211 c,Pr0211,2475.8957,12.6,4850.0,Radial Velocity,2016,5300.0,0.827
UCAC4 328-061594 b,UCAC4 328-061594,6674.396547,12.1,,Imaging,2024,,
Kepler-1068 b,Kepler-1068,12.8,3.63,16.92344113,Transit,2016,5806.0,1.01
Kepler-1856 b,Kepler-1856,3.66,1.73447868,1.302000046,Transit,2021,4948.0,0.816
Kepler-7 b,Kepler-7,140.16303,18.180998,4.8854892,Transit,2009,5933.0,1.966
Kepler-1799 b,Kepler-1799,15.9,4.12801189,11.9296999,Transit,2021,5831.0,0.921
KMT-2023-BLG-1454L b,KMT-2023-BLG-1454L,200.23189641,14.1,,Microlensing,2024,,
K2-146 c,K2-146,7.49,2.19,4.00498,Transit,2019,3385.0,0.33
HIP 114933 b,HIP 114933,616.58710958,13.4,1481.6,Radial Velocity,2021,4823.0,5.27
Kepler-1305 b,Kepler-1305,4.19,1.88,13.5630972,Transit,2016,5701.0,0.96
11 Com b,11 Com,4914.89848585,12.2,323.21,Radial Velocity,2007,4874.0,13.76
Kepler-1144 b,Kepler-1144,4.62,1.99,17.14647302,Transit,2016,5753.0,0.96
Kepler-1162 c,Kepler-1162,3.93,1.81,59.284064,Transit,2023,5225.0,0.859
HD 224693 b,HD 224693,222.481,14.0,26.6904,Radial Velocity,2006,5894.0,1.93
PSR B1257+12 c,PSR B1257+12,4.3,1.91,66.5419,Pulsar Timing,1992,,
Kepler-1088 b,Kepler-1088,2.6,1.42,23.12748644,Transit,2016,5975.0,1.08
Kepler-393 c,Kepler-393,2.33,1.33,14.613612,Transit,2014,6189.0,1.382
HD 202772 A b,HD 202772 A,323.54931833,18.2370116,3.3088775,Transit,2019,6442.0,2.554
Kepler-1597 b,Kepler-1597,1.2,1.06,2.94654179,Transit,2016,6377.0,1.39
KMT-2025-BLG-0481L b,KMT-2025-BLG-0481L,187.51876013,14.1,,Microlensing,2026,,
TOI-480 b,TOI-480,20.8,2.85372018,6.866196,Transit,2024,6174.0,1.4877
Kepler-1560 b,Kepler-1560,0.64,0.89,3.03195744,Transit,2016,5815.0,1.02
Kepler-1440 b,Kepler-1440,2.13,1.26,39.859484,Transit,2016,5698.0,0.96
WASP-130 b,WASP-130,390.9309,9.97601,11.55098,Transit,2016,5625.0,0.96
HD 162020 b,HD 162020,3127.4472,12.5,8.4282,Radial Velocity,2002,4723.0,0.75
WASP-157 b,WASP-157,182.43442,11.19,3.951623,Transit,2016,5772.0,1.1
OGLE-2017-BLG-1522L b,OGLE-2017-BLG-1522L,240.0,14.0,,Microlensing,2018,,
Kepler-188 b,Kepler-188,3.46,1.68,2.061897,Transit,2014,6021.0,1.141
HD 136352 b,HD 136352,4.72,1.664,11.57797,Radial Velocity,2019,5664.0,1.058
Kepler-588 b,Kepler-588,7.41,2.63,4.221625357,Transit,2016,5835.0,1.0
HD 156279 b,HD 156279,2997.75753482,12.5,133.40355,Radial Velocity,2011,5453.0,0.95
Kepler-693 b,Kepler-693,73.8,10.18,15.37563332,Transit,2016,4881.0,0.72
Kepler-1380 b,Kepler-1380,2.63,1.43,10.3108245,Transit,2016,5570.0,0.94
Kepler-387 b,Kepler-387,1.08,1.03,6.791636,Transit,2014,5774.0,1.046
K2-54 b,K2-54,7.33,2.6116925,9.7833,Transit,2016,3990.0,0.643
Kepler-1126 c,Kepler-1126,2.7,1.45,199.66876,Transit,2023,5678.0,0.921
K2-263 b,K2-263,15.4,2.513,50.819172,Transit,2018,5368.0,0.85
Kepler-1469 b,Kepler-1469,8.25,2.8,21.8635301,Transit,2016,5507.0,0.89
Kepler-462 b,Kepler-462,53.9,3.0,84.6866,Transit,2016,7500.0,1.57
Kepler-1183 b,Kepler-1183,8.35,2.82,28.5057189,Transit,2016,5765.0,0.99
TOI-1443 b,TOI-1443,30.0,2.30381001,23.540678,Transit,2024,5224.0,0.7511
Kepler-1900 b,Kepler-1900,3.27,1.62314676,2.986229897,Transit,2021,6173.0,1.041
47 UMa d,47 UMa,521.22,13.5,14002.0,Radial Velocity,2009,5872.0,1.21334
TOI-5624 b,TOI-5624,9.4,2.314,3.3903473,Transit,2026,5327.0,0.82
Kepler-739 b,Kepler-739,11.0,3.32,12.53248465,Transit,2016,5601.0,0.9
GJ 9066 c,GJ 9066,66.74396547,9.6,771.36,Radial Velocity,2020,3154.0,0.164
K2-384 e,K2-384,2.37,1.345,9.715043,Transit,2022,3623.0,0.348
gam Lib c,gam Lib,1662.56039702,12.8,966.49,Radial Velocity,2018,4879.0,12.38
Kepler-261 b,Kepler-261,5.39,2.18,10.381227,Transit,2014,5098.0,0.794
TrES-5 b,TrES-5,568.9157,13.383546,1.48224686,Transit,2011,5171.0,0.868
HD 204313 b,HD 204313,1466.7780983,12.9,2041.11539,Radial Velocity,2010,5767.0,1.1
Kepler-18 b,Kepler-18,6.9,2.0,3.504725,Transit,2011,5345.0,1.108
K2-205 b,K2-205,4.64,1.99552771,26.672263,Transit,2018,5890.0,1.077574
Kepler-1400 b,Kepler-1400,3.26,1.62,9.06689421,Transit,2016,5044.0,0.78
Kepler-84 d,Kepler-84,2.48,1.38,4.224537,Transit,2014,6031.0,1.169
TOI-561 c,TOI-561,5.93,2.865,10.778838,Transit,2020,5342.0,0.843
K2-258 b,K2-258,9.27,3.0,19.0921,Transit,2018,6351.0,1.31
Kepler-1855 b,Kepler-1855,1.96,1.216205,0.727330983,Transit,2021,3460.0,0.356
Kepler-1987 e,Kepler-1987,4.35,1.92,8.74292005,Transit,2023,4769.0,0.714
K2-276 b,K2-276,13.7,3.77,18.718269,Transit,2018,5139.0,0.85
LTT 1445 A c,LTT 1445 A,1.54,1.147,3.1239035,Transit,2022,3340.0,0.265
Kepler-415 c,Kepler-415,4.7,2.01,8.708,Transit Timing Variations,2014,4362.0,0.643
K2-127 b,K2-127,52.9,8.37,3.588163,Transit,2017,4575.0,0.66
WASP-119 b,WASP-119,390.9309,15.6926,2.49979,Transit,2016,5650.0,1.2
TOI-1782.02,TOI-1782,4.04,1.839,1.829024227,Transit,2024,4336.0,0.669
WTS-1 b,WTS-1,1274.44,16.7,3.352057,Transit,2012,6250.0,1.15
Kepler-893 b,Kepler-893,9.43,3.03,6.33855761,Transit,2016,5820.0,0.99
KMT-2022-BLG-0440L b,KMT-2022-BLG-0440L,15.4,4.05,,Microlensing,2023,,
HD 103949 b,HD 103949,11.2,3.35,120.878,Radial Velocity,2019,4792.0,0.753113
Kepler-1487 c,Kepler-1487,48.7,7.97,35.8007112,Transit,2023,5745.0,3.955
K2-155 b,K2-155,3.89,1.8,6.342,Transit,2018,4258.0,0.58
OGLE-2017-BLG-1049L b,OGLE-2017-BLG-1049L,1760.0,12.8,,Microlensing,2020,,
Kepler-1579 b,Kepler-1579,0.52,0.84,0.849907889,Transit,2016,4584.0,0.7
K2-264 b,K2-264,5.61,2.231,5.840002,Transit,2018,3660.0,0.473
Kepler-1351 b,Kepler-1351,0.208,0.65,0.916140768,Transit,2016,4439.0,0.67
Kepler-8 b,Kepler-8,187.5197,15.871944,3.5224991,Transit,2010,6213.0,1.486
K2-406 b,K2-406,19.2,4.602,22.549406,Transit,2022,5784.0,0.961
Kepler-1363 b,Kepler-1363,2.1,1.25,2.94194094,Transit,2016,4839.0,0.72
HD 221420 b,HD 221420,7278.2705203,12.0,10090.0,Radial Velocity,2019,5847.0,1.947
HD 109833 b,HD 109833,8.69,2.888,9.188526,Transit,2022,5881.0,1.0
HD 117207 b,HD 117207,669.34662514,13.4,2621.75,Radial Velocity,2004,5732.0,1.074
OGLE-2013-BLG-0341L B b,OGLE-2013-BLG-0341L B,1.66,1.16,,Microlensing,2014,,
TOI-700 d,TOI-700,1.25,1.073,37.42396,Transit,2020,3459.0,0.421
HIP 71135 b,HIP 71135,18.8,4.55,87.19,Radial Velocity,2019,4146.0,0.681296
HATS-51 b,HATS-51,244.09344,15.80469,3.3488702,Transit,2017,5758.0,1.44
Kepler-168 b,Kepler-168,2.73,1.46,4.425391,Transit,2014,6282.0,1.107
Kepler-382 c,Kepler-382,3.15,1.59,12.162701,Transit,2014,5600.0,0.945
K2-246 b,K2-246,12.0,3.49,5.76918,Transit,2018,5610.0,0.94
OGLE-2017-BLG-0448L b,OGLE-2017-BLG-0448L,15.6,4.08,,Microlensing,2024,,
HAT-P-15 b,HAT-P-15,616.5902,11.88154,10.8635,Transit,2010,5568.0,1.07
K2-238 b,K2-238,273.3338,14.5717,3.20466,Transit,2018,5630.0,1.59
Kepler-42 c,Kepler-42,60.337,0.73,0.45328509,Transit,2011,3068.0,0.17
HD 96700 c,HD 96700,3.5,1.69,19.88,Radial Velocity,2021,5845.0,1.16
K2-147 b,K2-147,2.77,1.47286006,0.961939,Transit,2018,3690.0,0.578
Kepler-725 b,Kepler-725,81.6,10.8,39.64372,Transit,2016,5395.0,0.88
CoRoT-5 b,CoRoT-5,148.42,15.558,4.0378962,Transit,2009,6100.0,1.186
Kepler-1819 b,Kepler-1819,14.5,3.90351256,16.48690033,Transit,2021,6090.0,1.071
CoRoT-29 b,CoRoT-29,270.1555,10.0881,2.85057,Transit,2015,5260.0,0.9
BD+48 738 b,BD+48 738,289.2253,13.9,392.6,Radial Velocity,2011,4414.0,11.0
TOI-757 b,TOI-757,10.5,2.5,17.46819,Transit,2024,5278.0,0.78
HD 156098 c,HD 156098,1661.6069118,12.8,7841.5839,Radial Velocity,2022,6419.19,2.75716
HD 56957 b,HD 56957,1880.90851263,12.8,5859.08992,Radial Velocity,2022,5743.0,1.77793
Kepler-1014 b,Kepler-1014,6.3,2.39,16.57110363,Transit,2016,5388.0,0.84
TOI-1453 b,TOI-1453,2.32,1.173,4.3135225,Transit,2025,4975.0,0.72
Kepler-437 b,Kepler-437,5.22,2.14,66.65062,Transit,2015,4551.0,0.68
Kepler-395 c,Kepler-395,2.3,1.32,34.989262,Transit,2014,4262.0,0.556
BD+20 2457 b,BD+20 2457,6807.63,12.1,379.63,Radial Velocity,2009,4137.0,49.0
Kepler-1609 b,Kepler-1609,5.56,2.22,114.34219,Transit,2016,6132.0,1.27
WASP-197 b,WASP-197,403.32424848,14.44837612,5.167228,Transit,2025,6050.0,2.112
TYC 8998-760-1 b,TYC 8998-760-1,6928.6592726,21.18497352,,Imaging,2020,4573.0,1.02
Kepler-281 b,Kepler-281,324.0,2.82,14.646008,Transit,2014,5723.0,0.899
Kepler-908 b,Kepler-908,1.98,1.22,1.340597468,Transit,2016,5973.0,1.12
K2-318 b,K2-318,3.39,1.66,7.01,Transit,2020,3851.0,0.552
Kepler-1449 b,Kepler-1449,3.46,1.68,13.2274528,Transit,2016,5979.0,1.1
TOI-451 c,TOI-451,3.7,2.93,9.192463,Transit,2020,5490.0,0.85
WASP-181 b,WASP-181,95.03117,13.271456,4.5195064,Transit,2019,5839.0,0.965
Kepler-1965 b,Kepler-1965,2.4,1.35415138,41.86869812,Transit,2021,5852.0,0.837
HIP 38594 b,HIP 38594,8.1,2.77,60.722,Radial Velocity,2020,4086.3,0.626646
HD 38801 b,HD 38801,3082.31534,12.5,685.25,Radial Velocity,2009,5338.0,2.029
55 Cnc e,55 Cnc,7.99,1.875,0.7365474,Radial Velocity,2004,5172.0,0.943
Kepler-241 b,Kepler-241,6.04,2.33,12.718092,Transit,2014,4699.0,0.668
Kepler-129 d,Kepler-129,2637.9757781,12.6,2646.0,Radial Velocity,2021,5770.0,1.653
HAT-P-69 b,HAT-P-69,1137.8314,18.786284,4.7869491,Transit,2019,7394.0,1.926
Kepler-389 c,Kepler-389,2.73,1.46,14.51143,Transit,2014,5376.0,0.792
Kepler-286 c,Kepler-286,2.45,1.37,3.468095,Transit,2014,5580.0,0.863
K2-158 c,K2-158,2.18,1.28,5.90279,Transit,2018,5503.0,0.95
Kepler-864 c,Kepler-864,3.26,1.62,2.42150341,Transit,2023,6213.0,1.195
Kepler-460 c,KIC 5437945,26.1,5.52,220.1303357,Transit,2016,6146.0,1.26
EPIC 220674823 b,EPIC 220674823,7.54,1.606,0.57130782,Transit,2016,5578.0,0.99
OGLE-TR-111 b,OGLE-TR-111,174.799,11.421971,4.0144463,Transit,2004,5040.0,0.83
6 Lyn b,6 Lyn,597.83523357,13.4,919.86,Radial Velocity,2008,4941.0,4.94
TOI-1630.01,TOI-1630,6.42,2.417,12.055734733,Transit,2024,5504.0,0.83
CWISEP J193518.59-154620.3 b,CWISEP J193518.59-154620.3,4926.3403085,12.2,,Imaging,2025,,
Kepler-1763 b,Kepler-1763,1.59,1.14651332,1.480280042,Transit,2021,5897.0,1.259
PSR B1257+12 d,PSR B1257+12,3.9,1.8,98.2114,Pulsar Timing,1992,,
Kepler-961 b,Kepler-961,7.04,2.55,16.87727414,Transit,2016,5582.0,0.9
TOI-1472 c,TOI-1472,21.13,3.334,15.5381747,Radial Velocity,2025,5100.0,0.84
TOI-5153 b,TOI-5153,1036.12060682,11.88151954,20.33003,Transit,2022,6300.0,1.4
Kepler-1239 b,Kepler-1239,8.75,2.9,5.19104016,Transit,2016,6564.0,1.57
KOI-7913 b,KOI-7913 A,6.08,2.34,24.278553,Transit,2022,4324.0,0.788
Kepler-1312 c,Kepler-1312,1.07,1.02732734,1.116119981,Transit,2021,5721.0,0.905
OGLE-2016-BLG-1227L b,OGLE-2016-BLG-1227L,250.0,13.9,,Microlensing,2020,,
Kepler-1902 b,Kepler-1902,1.74,1.17563613,3.822220087,Transit,2021,3729.0,0.514
TOI-5926 b,TOI-5926,44.6,7.56807148,3.81122794237,Transit,2026,5388.92,0.890046
Kepler-747 b,Kepler-747,24.1,5.27,35.61760587,Transit,2016,5096.0,0.78
K2-264 c,K2-264,7.6,2.668,19.660302,Transit,2018,3660.0,0.473
Kepler-297 b,Kepler-297,48.5,2.87,38.871826,Transit,2014,5619.0,0.915
Kepler-949 b,Kepler-949,8.8,2.91,8.689307296,Transit,2016,5403.0,0.86
TOI-5238 b,TOI-5238,23.7,5.22,4.872171,Transit,2022,5631.0,1.02283
HD 12648 b,HD 12648,622.9468,13.4,133.60001,Radial Velocity,2015,4835.0,11.02
Kepler-53 b,Kepler-53,111.0,2.89,18.6489525,Transit,2012,5858.0,0.89
HD 159243 b,HD 159243,359.13,13.7,12.62,Radial Velocity,2013,6123.0,1.12
HD 95127 b,HD 95127,3378.5329,12.4,482.0,Radial Velocity,2015,4218.0,41.01
Kepler-105 b,Kepler-105,10.8,2.53,5.4122034,Transit,2013,5933.0,1.026
GJ 876 d,GJ 876,6.83,2.51,1.93778,Radial Velocity,2005,3293.74,0.3
Kepler-1177 b,Kepler-1177,4.27,1.9,106.247547,Transit,2016,5712.0,0.97
TOI-1710 b,TOI-1710,19.1,5.06,24.28336,Transit,2022,5775.0,0.93
HD 145675 c,14 Her,2510.8444153,12.6,15732.45889,Radial Velocity,2021,5338.0,0.93
TOI-1899 b,TOI-1899,212.94503269,11.09689089,29.090312,Transit,2020,3926.0,0.607
BD+15 2940 b,BD+15 2940,352.78,13.7,137.48,Radial Velocity,2013,4796.0,14.7
OGLE-2017-BLG-1140L b,OGLE-2017-BLG-1140L,505.0,13.5,,Microlensing,2018,,
Kepler-1588 b,Kepler-1588,0.363,0.76,7.84931739,Transit,2016,5817.0,0.99
Kepler-226 b,Kepler-226,24.0,1.55,3.940997,Transit,2014,5571.0,0.802
Kepler-11 d,Kepler-11,7.3,3.12,22.6845,Transit,2010,5663.0,1.065
NGTS-14 A b,NGTS-14 A,29.24036,4.976796,3.5357173,Transit,2021,5187.0,0.842
K2-131 b,K2-131,7.9,1.69,0.3693038,Transit,2017,5120.0,0.7595
Kepler-937 c,Kepler-937,7.61,2.67,153.343364,Transit,2016,6095.0,1.22
Kepler-218 d,Kepler-218,7.56,2.66,124.5244647,Transit,2016,5542.0,1.02
TOI-6054.01,TOI-6054,12.5,2.64,7.501428,Transit,2024,6047.0,1.662
HD 97658 b,HD 97658,8.3,2.12,9.4897116,Radial Velocity,2010,5212.0,0.728
Kepler-135 b,Kepler-135,3.93,1.81,6.00253,Transit,2014,6090.0,1.275
Kepler-501 b,Kepler-501,17.1,4.3,5.640677572,Transit,2016,5904.0,1.04
K2-137 b,K2-137,158.915,0.64,0.179719,Transit,2017,3697.0,0.29
HD 208487 b,HD 208487,146.20106722,14.3,129.36,Radial Velocity,2004,6134.0,1.16
DMPP-8 b,DMPP-8,81.09,10.8,62.915,Radial Velocity,2026,6009.0,1.24
HAT-P-25 b,HAT-P-25,180.84527,12.722215,3.65281514,Transit,2012,5519.0,0.919
Kepler-1416 b,Kepler-1416,0.615,0.88,1.49514952,Transit,2016,6019.0,1.15
OGLE-2017-BLG-1434L b,OGLE-2017-BLG-1434L,4.43,1.94,,Microlensing,2018,,
Kepler-100 d,Kepler-100,3.0,1.61,35.3331,Transit,2014,5825.0,1.49
TOI-892 b,TOI-892,301.9385,11.99363,10.62656,Transit,2020,6261.0,1.39
Kepler-1466 b,Kepler-1466,3.02,1.55,31.1750448,Transit,2016,5884.0,1.02
HD 221287 b,HD 221287,982.05,13.1,456.1,Radial Velocity,2007,6304.0,1.13864
G 196-3 b,G 196-3,8263.538582,12.0,,Imaging,2024,3517.0,0.522432
K2-124 b,K2-124,8.75,2.9,6.413651,Transit,2017,3570.0,0.388
WASP-12 b,WASP-12,467.2101,22.02564708,1.091418901,Transit,2008,6265.0,1.69
TOI-1203 c,TOI-1203,5.46,2.2,13.0766,Radial Velocity,2025,5737.0,1.179
HD 145934 b,HD 145934,658.5404593,13.4,2751.53433,Radial Velocity,2015,4823.75,6.930587
Kepler-566 b,Kepler-566,5.27,2.15,18.42794624,Transit,2016,5132.0,0.79
Kepler-648 b,Kepler-648,10.5,3.22,17.4211749,Transit,2016,5741.0,0.98
TOI-5800 b,TOI-5800,9.5,2.46,2.6278838,Transit,2025,4850.0,0.773
Kepler-1224 b,Kepler-1224,2.33,1.33,13.32351601,Transit,2016,6155.0,1.22
TOI-1739 b,TOI-1739,4.45,1.946,8.303341406,Transit,2024,4814.0,0.781
TIC 88785435 b,TIC 88785435,22.3,5.03,10.508843,Transit,2025,3998.0,0.911
Kepler-770 c,Kepler-770,1.87,1.2,1.475322314,Transit,2016,5598.0,0.92
TOI-6707 b,TOI-6707,27.8,5.72673066,3.83479363758,Transit,2026,6289.49,1.58202
Kepler-1946 b,Kepler-1946,6.75,2.48812698,3.035190105,Transit,2021,5505.0,0.873
TOI-4507 b,TOI-4507,20.0,8.2,104.61611,Transit,2025,6260.0,1.04
TOI-3540 A b,TOI-3540 A,375.03752026,23.53885947,3.119999,Transit,2022,5810.0,1.228
TOI-2803 A b,TOI-2803 A,309.88269682,18.11371281,1.96229325,Transit,2023,6280.0,1.245
Kepler-274 c,Kepler-274,4.04,1.84,33.197861,Transit,2014,6023.0,1.007
TOI-262 b,TOI-262,4.94,2.07,11.14529,Transit,2023,5310.0,0.853
Kepler-1884 b,Kepler-1884,3.95,1.81406781,8.988320351,Transit,2021,5984.0,0.906
TOI-2420 b,TOI-2420,294.62693329,15.02003414,5.842641,Transit,2024,5707.0,2.369
Wolf 1061 c,Wolf 1061,3.41,1.66,17.8719,Radial Velocity,2015,3342.0,0.307
Kepler-1964 b,Kepler-1964,3.83,1.7810587,2.440829992,Transit,2021,4803.0,0.698
Kepler-1072 b,Kepler-1072,3.12,1.58,1.569066502,Transit,2016,6199.0,1.32
Kepler-1462 b,Kepler-1462,14.0,3.82,65.6488341,Transit,2016,5756.0,1.0
HATS-25 b,HATS-25,194.82979,14.12334,4.2986432,Transit,2016,5715.0,1.107
HAT-P-50 b,HAT-P-50,429.0705,14.437192,3.1220109,Transit,2015,6280.0,1.698
K2-233 c,K2-233,4.6,1.272,7.06024,Transit,2018,4796.0,0.71
Kepler-351 d,Kepler-351,7.85,2.72,142.544247,Transit,2016,5225.0,0.78
KMT-2022-BLG-1790L b,KMT-2022-BLG-1790L,549.84314411,13.5,,Microlensing,2025,,
KMT-2018-BLG-1996L b,KMT-2018-BLG-1996L,346.43296363,13.7,,Microlensing,2021,,
1RXS J160929.1-210524 b,1RXS J160929.1-210524,3000.0,18.647,,Imaging,2008,4060.0,1.31316
TOI-4465 b,TOI-4465,1872.00931723,14.01122587,101.94054,Transit,2025,5545.0,1.014
TOI-6255 b,TOI-6255,1.44,1.079,0.23818244,Transit,2024,3421.0,0.37
Kepler-1542 e,Kepler-1542,0.363,0.76,5.10115756,Transit,2016,5564.0,0.99
Kepler-789 b,Kepler-789,5.14,2.12,8.63847725,Transit,2016,5870.0,1.02
Kepler-328 c,Kepler-328,39.4,5.4,71.312,Transit,2013,6064.0,1.06
Kepler-311 d,Kepler-311,4.86,2.05,232.040326,Transit,2023,5903.0,1.156
KMT-2019-BLG-1216L b,KMT-2019-BLG-1216L,29.87587026,5.98,,Microlensing,2023,,
Kepler-285 b,Kepler-285,2.36,1.34,2.633867,Transit,2014,5411.0,0.808
Kepler-1073 d,Kepler-1073,2.82,1.48770949,2.504760027,Transit,2021,5509.0,1.116
Kepler-804 c,Kepler-804,1.55,1.14,9.65185017,Transit,2016,5817.0,1.05
Kepler-55 f,Kepler-55,3.15,1.59,10.198545,Transit,2014,4503.0,0.619
WASP-80 b,WASP-80,170.99254,11.197791,3.06785234,Transit,2012,4143.0,0.586
WASP-149 b,WASP-149,314.96795134,15.24421375,1.332813,Transit,2025,5750.0,1.08
K2-279 b,K2-279,1.92,1.21,7.122605,Transit,2018,5558.0,0.86
TOI-2274 b,TOI-2274,6.57,2.45,2.67963,Transit,2024,3943.0,0.631
Kepler-173 b,Kepler-173,2.21,1.29,4.263742,Transit,2014,6031.0,0.949
Kepler-1937 b,Kepler-1937,9.39,3.0229133,9.688599586,Transit,2021,6457.0,1.196
TOI-942 b,TOI-942,826.358,3.89,4.32421,Transit,2020,4969.0,0.894
Kepler-335 b,Kepler-335,11.4,3.39,6.562331,Transit,2014,5877.0,1.854
TOI-880.02,TOI-880,5.43,2.19,2.57571,Transit,2024,5050.0,0.83
TOI-4940 b,TOI-4940,89.0,6.61,25.867811,Transit,2025,5504.0,1.163
Kepler-1393 b,Kepler-1393,0.437,0.8,2.44357812,Transit,2016,5697.0,0.92
Kepler-1035 b,Kepler-1035,1.71,1.17,2.714077555,Transit,2016,5763.0,0.97
K2-315 b,K2-315,0.809,0.95,3.1443189,Transit,2020,3300.0,0.196
HD 109286 b,HD 109286,950.30693693,13.2,520.1,Radial Velocity,2021,5694.0,1.089
Kepler-1895 b,Kepler-1895,5.14,2.11934728,6.070290089,Transit,2021,5076.0,0.763
TOI-2049 b,TOI-2049,486.27746271,16.64533634,5.303468,Transit,2026,6164.0,3.2
TOI-5605 b,TOI-5605,6.92,2.52611303,5.91340454843,Transit,2026,4583.79,0.736044
Kepler-761 b,Kepler-761,4.78,2.03,10.12804789,Transit,2016,5706.0,0.93
Kepler-1985 b,Kepler-1985,5.77,2.27,3.42064689,Transit,2023,5370.0,0.966
Kepler-1607 b,Kepler-1607,0.721,0.92,13.6473676,Transit,2016,6116.0,1.21
Kepler-1464 c,Kepler-1464,0.972,1.0,5.32786292,Transit,2016,5828.0,1.01
Kepler-1898 b,Kepler-1898,0.76,0.93353523,4.765620232,Transit,2021,5702.0,1.125
Kepler-1801 c,Kepler-1801,8.8,2.91,116.583183,Transit,2023,5738.0,0.981
Kepler-1274 b,Kepler-1274,2.6,1.42,6.98152703,Transit,2016,6179.0,2.17
GJ 674 b,GJ 674,11.09,3.33,4.6938,Radial Velocity,2007,3600.0,0.36463
K2-73 b,K2-73,9.2,2.58,7.49556,Transit,2016,5867.0,1.058
Kepler-428 b,Kepler-428,403.63,12.11,3.52563254,Transit,2014,5150.0,0.8
HIP 10090 b,HIP 10090,1229.99593509,13.0,2960.0,Radial Velocity,2026,5661.0,1.38268
Kepler-1729 b,Kepler-1729,14.4,3.89404186,4.220970154,Transit,2021,3837.0,0.517
K2-31 b,K2-31,563.83042,11.88154,1.25785,Transit,2016,5280.0,0.78
Kepler-147 c,Kepler-147,6.48,2.43,33.416423,Transit,2014,6012.0,1.468
Kepler-1619 b,Kepler-1619,0.363,0.76,23.6225913,Transit,2016,5852.0,1.0
GJ 1265 b,GJ 1265,7.4,2.63,3.6511,Radial Velocity,2018,3236.0,0.192
KMT-2023-BLG-1592L b,KMT-2023-BLG-1592L,184.34047606,14.1,,Microlensing,2026,,
K2-133 e,K2-133,3.64,1.73,26.5841,Transit,2019,3655.0,0.455
HATS-47 b,HATS-47,117.27927,12.520453,3.9228038,Transit,2020,4512.0,0.6564
HD 1502 b,HD 1502,874.0325,13.2,428.5,Radial Velocity,2011,4947.0,4.67
G 9-40 b,G 9-40,4.0,1.9,5.7459982,Transit,2019,3395.0,0.3026
Kepler-604 b,Kepler-604,7.22,2.59,25.85501786,Transit,2016,5890.0,1.03
Kepler-220 d,Kepler-220,0.904,0.98,28.122397,Transit,2014,4632.0,0.666
HD 191939 b,HD 191939,10.0,3.41,8.8803256,Transit,2020,5348.0,0.94
Kepler-54 b,Kepler-54,0.98,2.1,8.0109434,Transit,2012,3705.0,0.5
OGLE-2019-BLG-1180L b,OGLE-2019-BLG-1180L,555.24622703,13.5,,Microlensing,2023,,
TOI-1107 b,TOI-1107,1064.72516345,14.57167491,4.0782387,Transit,2022,6311.0,1.81
TOI-6330 b,TOI-6330,3179.0,10.89,6.8500246,Transit,2025,3539.0,0.49
Kepler-111 c,Kepler-111,222.4798849,7.0840758,224.77833,Transit,2014,5914.0,1.145
GJ 3293 e,GJ 3293,3.28,1.63,13.2543,Radial Velocity,2017,3466.0,0.404
HIP 109384 b,HIP 109384,495.8148,13.5,499.48,Radial Velocity,2016,5180.0,0.831075
Kepler-890 b,Kepler-890,58.6,8.89,52.75875577,Transit,2016,5954.0,1.13
HD 212771 b,HD 212771,759.6137,13.3,380.7,Radial Velocity,2009,5003.0,5.27
Kepler-591 b,Kepler-591,11.4,3.39,81.1694299,Transit,2016,5677.0,0.94
K2-372 b,K2-372,8.98,2.945,9.844077,Transit,2022,5479.0,0.922
Kepler-65 e,Kepler-65,260.0,13.9,258.8,Radial Velocity,2019,6220.0,1.437
Kepler-1471 c,Kepler-1471,4.19,1.88,11.6044881,Transit,2023,5533.0,1.166
HD 147018 c,HD 147018,2080.0,12.7,1008.0,Radial Velocity,2009,5441.0,0.937948
Kepler-1695 b,Kepler-1695,1.46,1.11948901,4.7329,Transit,2020,5473.19,0.987155
Kepler-1728 b,Kepler-1728,9.04,2.95501875,4.782999992,Transit,2021,5170.0,0.807
Kepler-32 c,Kepler-32,158.9,2.0,8.7522,Transit,2011,3900.0,0.53
nu Oph c,nu Oph,7838.32346,12.0,3180.6,Radial Velocity,2012,4887.0,12.24
KELT-2 A b,KELT-2 A,540.311,15.13215,4.11379,Transit,2012,6327.0,1.93
TOI-1751 b,TOI-1751,19.5,2.9507845,37.46852,Transit,2024,5970.0,1.3137
TOI-1273 b,TOI-1273,70.55790635,11.09689089,4.631296,Transit,2024,5690.0,1.06
Kepler-1370 c,Kepler-1370,2.15,1.27,7.44142113,Transit,2016,6202.0,1.29
PH1 b,PH1,169.0,6.18,138.317,Transit,2012,6407.0,1.734
KOI-1599.02,KOI-1599,9.0,1.9,13.6088,Transit,2019,5833.0,0.972
TOI-260 b,TOI-260,4.23,1.71,13.475853,Transit,2024,4026.0,0.607
Kepler-510 b,Kepler-510,6.66,2.47,19.55659418,Transit,2016,5746.0,1.41
HD 81817 c,HD 81817,7185.78245386,12.0,622.97802,Radial Velocity,2022,4140.0,83.8
GJ 433 d,GJ 433,5.223,2.14,36.059,Radial Velocity,2020,3461.0,0.5
TOI-4487 A b,TOI-4487 A,397.28550875,14.60530185,3.9540709,Transit,2025,6206.0,1.634
TOI-2981 b,TOI-2981,638.0,13.4,3.601501,Transit,2024,5940.0,1.08
Kepler-145 b,Kepler-145,37.1,2.65,22.951,Transit,2013,6022.0,1.85
HIP 79431 b,HIP 79431,667.415,13.4,111.7,Radial Velocity,2009,3191.0,0.478625
GJ 3512 b,GJ 3512,146.51889563,14.3,203.109,Radial Velocity,2019,3141.0,0.139
HAT-P-56 b,HAT-P-56,734.1873,16.92559,2.79083,Transit,2015,6566.0,1.47
GJ 163 d,GJ 163,29.4,5.92,603.95116,Radial Velocity,2013,3500.0,0.409738
KMT-2017-BLG-2509L b,KMT-2017-BLG-2509L,664.26137063,13.4,,Microlensing,2021,,
HD 8574 b,HD 8574,645.1949,13.4,227.0,Radial Velocity,2002,6064.0,1.38
K2-138 e,K2-138,12.97,3.39,8.26146,Transit,2017,5356.3,0.863
Kepler-1317 b,Kepler-1317,3.05,1.56,0.568874427,Transit,2016,5144.0,0.79
HD 50554 b,HD 50554,1859.29618095,12.8,1293.0,Radial Velocity,2002,5987.0,1.02
CoRoT-20 c,CoRoT-20,5403.11,12.2,1675.0,Radial Velocity,2018,5880.0,1.02
Kepler-1477 b,Kepler-1477,1.76,1.18,11.55530021,Transit,2016,5100.0,0.78
WASP-168 b,WASP-168,133.4886,16.8135,4.153658,Transit,2018,6000.0,1.12
Kepler-1199 b,Kepler-1199,1.6,1.15,15.0447198,Transit,2016,5889.0,1.17
HATS-71 b,HATS-71,117.5971,11.478016,3.7955202,Transit,2020,3405.0,0.4783
Kepler-935 b,Kepler-935,2.39,1.35,4.88083852,Transit,2016,4830.0,0.73
KELT-6 b,KELT-6,165.2716,14.5717,7.8457,Transit,2014,6102.0,1.73
DH Tau b,DH Tau,3496.0,30.2643,,Imaging,2004,4371.0,0.27
K2-341 b,K2-341,10.4,3.21,36.552551,Transit,2021,5817.0,1.16
K2-72 c,K2-72,1.65,1.16,15.189034,Transit,2016,3360.47,0.330989
Kepler-15 b,Kepler-15,209.76,10.76,4.942782,Transit,2011,5515.0,0.992
HD 134606 f,HD 134606,5.63,2.24,26.915,Radial Velocity,2024,5576.0,1.158
WASP-114 b,WASP-114,562.24127,15.008851,1.5487743,Transit,2016,5940.0,1.43
Kepler-62 e,Kepler-62,36.0,1.61,122.3874,Transit,2013,4925.0,0.64
Kepler-1945 b,Kepler-1945,2.21,1.289,6.080039978,Transit,2021,4991.0,0.804
TOI-6002 b,TOI-6002,3.36,1.65,10.904821,Transit,2024,3229.0,0.2432
Kepler-192 c,Kepler-192,8.2,2.79,21.2234,Transit,2014,5479.0,1.007
K2-46 b,K2-46,4.86,2.05,19.1541,Transit,2016,6256.0,1.29
Kepler-1777 b,Kepler-1777,5.19,2.13189678,12.18420029,Transit,2021,5771.0,1.068
Kepler-1360 b,Kepler-1360,11.5,3.4,40.5286413,Transit,2016,6778.0,1.83
Kepler-746 b,Kepler-746,1.41,1.11,3.48159251,Transit,2016,5418.0,0.93
Kepler-270 b,Kepler-270,4.7,2.01,11.476094,Transit,2014,6067.0,1.461
Kepler-1668 b,Kepler-1668,17.4,4.34764405,15.434,Transit,2020,5542.0,1.01738
Kepler-319 b,Kepler-319,3.29,1.63,4.362705,Transit,2014,5526.0,0.903
K2-199 c,K2-199,12.4,2.85,7.3744897,Transit,2018,4491.0,0.682
TOI-1723 b,TOI-1723,10.4,3.435,13.727012643,Transit,2024,5777.0,1.09
TOI-2005 b,TOI-2005,2034.1018048,11.99360935,17.305904,Transit,2025,7130.0,2.02
Kepler-95 b,Kepler-95,13.0,3.42,11.5231,Transit,2014,5699.0,1.41
TOI-674 b,TOI-674,23.6,5.25,1.977143,Transit,2021,3514.0,0.42
Kepler-482 b,Kepler-482,6.17,2.36,56.35418576,Transit,2016,4871.0,0.72
Kepler-356 b,Kepler-356,3.09,1.57,4.612696,Transit,2014,6133.0,1.335
Kepler-1065 b,Kepler-1065,13.4,3.73,3.609308907,Transit,2016,5635.0,0.93
Kepler-2000 c,Kepler-2000,3.09,1.57,20.6180348,Transit,2023,3757.0,0.576
WASP-148 c,WASP-148,124.58873554,13.9,34.524,Radial Velocity,2020,5555.0,0.912
Kepler-511 b,Kepler-511,33.1,6.35,296.637865,Transit,2016,5770.0,1.2
Kepler-23 c,Kepler-23,7.81,3.005,10.74,Transit,2011,5828.0,1.548
HD 68402 b,HD 68402,2510.8444153,12.6,1103.0,Radial Velocity,2016,5950.0,1.02
TrES-1 b,TrES-1,266.9772,12.66617,3.03007,Transit,2004,5230.0,0.85
Gliese 48 b,Gliese 48,8.11,2.77,39.6299,Radial Velocity,2026,3450.0,0.463
TOI-444 b,TOI-444,8.1,2.77,17.9636,Transit,2023,5225.0,0.779
K2-368 b,K2-368,2.34,1.332,5.025598,Transit,2022,4663.0,0.663
Kepler-111 b,Kepler-111,3.12,1.58,3.341815,Transit,2014,5952.0,1.157
Kepler-119 c,Kepler-119,0.721,0.92,4.125103,Transit,2014,5595.0,0.839
TOI-2202 b,TOI-2202,287.31687993,10.95117414,11.9126075,Transit,2021,5169.0,0.808
OGLE-2018-BLG-0740L b,OGLE-2018-BLG-0740L,1500.0,12.9,5480.0,Microlensing,2019,5912.0,
Wendelstein-2 b,Wendelstein-2,232.33373,12.9934728,1.7522239,Transit,2020,4591.0,0.66
HD 112300 b,HD 112300,5031.22368281,12.2,466.63,Radial Velocity,2023,3657.0,65.8
Kepler-753 b,Kepler-753,4.31,1.91,5.747725012,Transit,2016,4346.0,0.65
TOI-5614 b,TOI-5614,10.4,3.21759316,4.17221328949,Transit,2026,4553.0,0.734919
Kepler-399 b,Kepler-399,0.84,0.96,14.425281,Transit,2014,5502.0,0.68
Kepler-466 b,Kepler-466,8.5,2.85,51.07926307,Transit,2016,5927.0,1.05
Kepler-593 b,Kepler-593,8.6,2.87,21.21708973,Transit,2016,5967.0,1.1
Kepler-793 b,Kepler-793,2.45,1.37,4.24153639,Transit,2016,5745.0,0.97
DMPP-7 b,DMPP-7,61.39,9.13,4.984,Radial Velocity,2026,5996.82,1.53949
Kepler-1967 b,Kepler-1967,0.315,0.73022577,7.281690121,Transit,2021,4970.0,1.806
Kepler-1006 b,Kepler-1006,2.99,1.54,19.76172042,Transit,2016,5328.0,0.74
Kepler-90 i,KOI-351,2.3,1.32,14.44912,Transit,2017,6015.0,1.29
HD 194490 b,HD 194490,3561.90295725,12.4,13092.18348,Radial Velocity,2022,5861.32,1.14911
Kepler-625 c,Kepler-625,1.16,1.05,4.1653651,Transit,2016,5789.0,0.96
K2-164 b,K2-164,10.6,3.24925008,17.355066,Transit,2018,5791.0,2.196069
LTT 1445 A b,LTT 1445 A,2.73,1.34,5.3587635,Transit,2019,3562.0,0.271
Kepler-130 c,Kepler-130,8.75,2.9,27.50868,Transit,2014,5879.0,1.17
Kepler-307 c,Kepler-307,3.64,2.2,13.0729,Transit,2013,5367.0,0.814
Kepler-393 b,Kepler-393,2.21,1.29,9.182417,Transit,2014,6189.0,1.382
Kepler-613 b,Kepler-613,5.86,2.29,15.77979614,Transit,2016,5723.0,0.96
HD 23472 f,HD 23472,0.77,1.137,12.1621839,Transit,2022,4684.0,0.71
Kepler-1903 b,Kepler-1903,5.85,2.28642395,17.0678997,Transit,2021,6347.0,0.996
HR 810 b,HR 810,1970.5361234,12.7,302.79999,Radial Velocity,1999,6167.0,1.13
K2-68 b,K2-68,3.12,1.58,8.05428,Transit,2016,4746.0,0.675
HIP 41378 d,HIP 41378,6.53,3.65,278.3618,Transit,2016,6290.0,1.3
Kepler-250 b,Kepler-250,1.51,1.13,4.148141,Transit,2014,5160.0,0.805
Kepler-695 b,Kepler-695,62.3,9.21,3.040330424,Transit,2016,5181.0,0.8
K2-84 c,K2-84,4.78,2.03,27.86,Transit,2016,5652.0,0.93
Kepler-1052 c,Kepler-1052,5.9,2.3,180.921729,Transit,2023,5818.0,0.848
OGLE-2019-BLG-0299L b,OGLE-2019-BLG-0299L,1976.89269154,12.7,,Microlensing,2021,,
K2-138 g,K2-138,4.32,3.013,41.96797,Transit,2021,5356.3,0.863
HD 62364 b,HD 62364,5965.63919939,12.1,5138.0,Radial Velocity,2022,6255.0,1.401
HD 128311 b,HD 128311,562.24127,13.5,453.019,Radial Velocity,2002,4965.0,0.76
TOI-1749 b,TOI-1749,57.0,1.39,2.38839,Transit,2021,3985.0,0.55
Kepler-20 b,Kepler-20,9.7,1.773,3.6961049,Transit,2011,5495.0,0.9164
CoRoT-4 b,CoRoT-4,228.83,13.34,9.20205,Transit,2008,6190.0,1.17
Kepler-53 d,Kepler-53,166.503,2.12,9.751962,Transit,2014,6085.0,0.958
NGTS-20 b,NGTS-20,947.12865286,11.99360935,54.18915,Transit,2022,5980.0,1.78
HD 63935 c,HD 63935,11.1,3.06451296,21.4027,Radial Velocity,2021,5513.0,0.9598
Kepler-58 e,Kepler-58,597.796,1.61,4.45814897,Transit,2023,6100.0,1.083
Kepler-1622 b,Kepler-1622,2.76,1.47,10.8118737,Transit,2016,6436.0,1.5
Kepler-1634 b,Kepler-1634,10.3,3.19,374.876239,Transit,2016,5474.0,0.89
Kepler-294 b,Kepler-294,3.78,1.77,3.701212,Transit,2014,5913.0,0.976
K2-331 b,K2-331,3.86,1.79,9.398977,Transit,2021,5994.0,1.06
GJ 581 e,GJ 581,2.48,1.38,3.1481,Radial Velocity,2009,3500.0,0.302
TOI-2427 b,TOI-2427,3.89,1.8,1.3060011,Transit,2022,4072.0,0.65
Kepler-1853 b,Kepler-1853,2.92,1.51862272,48.88819885,Transit,2021,4821.0,0.788
USco1621 b,USco1621 A,5085.28,12.2,,Imaging,2019,3460.0,0.710071
Kepler-445 d,Kepler-445,2.1,1.25,8.15275,Transit,2015,3157.0,0.21
Kepler-937 b,Kepler-937,13.4,3.72,67.668827,Transit,2016,6095.0,1.22
Kepler-1701 b,Kepler-1701,5.57,2.22186207,169.134,Transit,2020,5146.0,0.840217
Kepler-312 b,Kepler-312,2.21,1.29,1.772419,Transit,2014,6115.0,1.467
Kepler-200 b,Kepler-200,5.18,2.13,8.594805,Transit,2014,5678.0,0.944
TOI-1777.01,TOI-1777,5.67,2.246,14.650111974,Transit,2024,5859.0,0.98
HD 47186 b,HD 47186,22.2481,5.02,4.0845,Radial Velocity,2008,5657.0,1.08
Kepler-1024 b,Kepler-1024,14.5,3.91,66.4162133,Transit,2016,5143.0,0.78
HD 285968 b,HD 285968,8.4,2.83,8.7836,Radial Velocity,2008,3703.49,0.478214
HD 134606 e,HD 134606,2.34,1.33,4.3203,Radial Velocity,2024,5576.0,1.158
Kepler-1835 b,Kepler-1835,12.2,3.53387773,11.96409988,Transit,2021,5903.0,0.961
WASP-162 b,WASP-162,1652.716,11.209,9.62468,Transit,2018,5300.0,1.11
HD 108874 c,HD 108874,314.64,13.8,1624.0,Radial Velocity,2005,5551.0,1.05
TIC 172900988 b,TIC 172900988 Aa,942.0,11.25,200.452,Transit,2021,6050.0,1.3842
Kepler-1050 b,Kepler-1050,3.19,1.6,15.3787546,Transit,2016,6010.0,1.13
HD 93351 b,HD 93351,3.49611248,1.69,2.45946,Radial Velocity,2022,5408.0,0.911435
HD 28471 d,HD 28471,4.91,2.06,11.681,Radial Velocity,2025,5766.0,1.08
K2-294 b,K2-294,3.39,1.66,2.50387,Transit,2019,5612.0,1.2
Kepler-1545 b,Kepler-1545,7.75,2.7,163.692349,Transit,2016,5201.0,0.8
Kepler-1811 b,Kepler-1811,14.1,3.84829873,76.42230225,Transit,2021,5561.0,1.19
Kepler-1774 b,Kepler-1774,10.2,3.18179549,59.77080154,Transit,2021,6214.0,1.122
Kepler-771 b,Kepler-771,3.97,1.82,8.73485836,Transit,2016,5906.0,1.05
KOBE-1 b,KOBE-1,8.8,2.91,8.5399,Radial Velocity,2025,4135.0,0.619
Kepler-1196 b,Kepler-1196,5.6,2.23,66.1849031,Transit,2016,5756.0,0.97
Kepler-1277 b,Kepler-1277,3.19,1.6,40.8365012,Transit,2016,5578.0,0.92
CoRoT-3 b,CoRoT-3,6883.91,11.32,4.2568,Transit,2008,6740.0,1.56
Kepler-333 b,Kepler-333,28.2,1.32,12.551158,Transit,2014,4259.0,0.534
Kepler-562 b,Kepler-562,23.7,5.21,18.009314436,Transit,2016,5575.0,0.9
Kepler-1671 b,Kepler-1671,2.32,1.32557381,4.16787,Transit,2020,5135.55,0.929771
HIP 34222 b,HIP 34222,263.79757781,13.9,159.986,Radial Velocity,2021,4050.0,0.6186
TOI-1221 b,TOI-1221,1112.3994245,2.91,91.68278,Transit,2023,5592.0,1.031
Kepler-206 b,Kepler-206,1.87,1.2,7.781987,Transit,2014,5764.0,1.185
Kepler-1852 b,Kepler-1852,4.22,1.88610592,7.970940113,Transit,2021,5237.0,0.826
BD+37 3172 b,BD+37 3172,3368.9811142,12.4,1887.76,Radial Velocity,2023,4500.0,50.24
Kepler-881 b,Kepler-881,3.82,1.78,4.44448017,Transit,2016,5961.0,1.09
Kepler-185 b,Kepler-185,1.71,1.17,1.6329,Transit,2014,5208.0,0.806
Kepler-422 b,Kepler-422,136.66,12.89,7.8914483,Transit,2014,5972.0,1.24
Kepler-1294 b,Kepler-1294,10.3,3.19,115.6862258,Transit,2016,5776.0,0.97
HD 153557 c,HD 153557,17.48056238,4.36,15.27018,Radial Velocity,2022,4837.0,0.745171
Kepler-324 c,Kepler-324,6.2,3.15,51.805612,Transit,2014,5194.0,0.84
Gl 725 A b,Gl 725 A,2.78,1.48,11.2201,Radial Velocity,2025,3433.0,0.351
Kepler-1379 b,Kepler-1379,2.24,1.3,0.881841146,Transit,2016,5188.0,0.79
Kepler-1122 b,Kepler-1122,4.82,2.04,42.1917357,Transit,2016,5544.0,0.89
Kepler-1826 b,Kepler-1826,2.78,1.47519116,1.615360022,Transit,2021,3821.0,0.486
Kepler-913 c,Kepler-913,14.2,3.8580709,5.939119816,Transit,2021,6068.0,1.797
KMT-2019-BLG-1552L b,KMT-2019-BLG-1552L,1287.20504835,13.0,,Microlensing,2022,,
HD 134606 c,HD 134606,11.31,3.37,58.883,Radial Velocity,2024,5576.0,1.158
Kepler-1847 b,Kepler-1847,7.97,2.74516914,11.12969971,Transit,2021,6122.0,0.964
Kepler-770 d,Kepler-770,2.54,1.4,4.15244722,Transit,2016,5598.0,0.92
K2-190 c,K2-190,1.34,1.09308317,21.574023,Transit,2018,5631.0,0.912206
HATS-5 b,HATS-5,75.323,10.223,4.763387,Transit,2014,5304.0,0.871
Kepler-46 c,Kepler-46,119.499,13.5,57.011,Transit Timing Variations,2012,5155.0,0.938
HD 10180 e,HD 10180,25.1,5.39,49.748,Radial Velocity,2010,5911.0,1.109
TIC 150070085 b,TIC 150070085,12.8,3.62,10.47423,Transit,2026,5999.0,1.086
TOI-1291 b,TOI-1291,27.1,5.63826391,7.1620097551,Transit,2026,6139.95,1.8109
Kepler-1027 b,Kepler-1027,0.64,0.89,1.907805199,Transit,2016,5436.0,0.82
OGLE-2018-BLG-0932L b,OGLE-2018-BLG-0932L,282.86728223,13.9,,Microlensing,2022,,
Kepler-276 c,Kepler-276,16.6,2.9,31.884,Transit,2013,5693.0,1.03
HIP 75092 b,HIP 75092,568.91284853,13.5,926.4,Radial Velocity,2021,4891.0,4.53
Kepler-828 b,Kepler-828,2.89,1.51,0.567857136,Transit,2016,5039.0,0.77
K2-350 b,K2-350,2.99,1.54,4.163873,Transit,2021,5789.0,1.04
Kepler-1145 b,Kepler-1145,2.54,1.4,3.97076766,Transit,2016,5064.0,0.75
AB Pic b,AB Pic,4290.5,12.3,,Imaging,2005,5285.0,0.999394
HIP 107773 b,HIP 107773,629.3034,13.4,144.3,Radial Velocity,2015,4945.0,11.6
HIP 65426 b,HIP 65426,2860.47,16.8135,,Imaging,2017,8840.0,1.77
WASP-50 b,WASP-50,466.828704,13.069694,1.9551,Transit,2011,5400.0,0.843
HD 145457 b,HD 145457,888.01256916,13.2,176.13,Radial Velocity,2010,4757.0,9.9
Kepler-1925 b,Kepler-1925,9.28,3.00177922,46.71640015,Transit,2021,5856.0,1.092
XO-7 b,XO-7,225.34147,15.389957,2.8641424,Transit,2019,6250.0,1.48
K2-101 b,K2-101,4.66,2.0,14.6762429,Transit,2016,4927.0,0.76
WASP-47 b,WASP-47,374.0,12.86,4.159151,Transit,2012,5565.0,1.156
HN Lib b,HN Lib,5.46,2.2,36.116,Radial Velocity,2023,3347.0,0.299
ups And d,ups And,3257.74117175,12.5,1276.46,Radial Velocity,1999,6156.77,1.56
Kepler-1620 b,Kepler-1620,3.22,1.61,101.951829,Transit,2016,6157.0,1.23
Kepler-1157 b,Kepler-1157,1.32,1.09,4.45743164,Transit,2016,4679.0,0.71
Kepler-249 c,Kepler-249,2.89,1.51,7.113702,Transit,2014,3568.0,0.482
Kepler-1610 b,Kepler-1610,3.22,1.61,8.70181574,Transit,2016,5383.0,0.87
Kepler-1245 c,Kepler-1245,2.67,1.44,2.936584681,Transit,2016,5306.0,0.83
Kepler-1746 b,Kepler-1746,59.1,8.93504475,321.2120056,Transit,2021,6018.0,1.286
K2-379 b,K2-379,5.4,2.181,8.777247,Transit,2022,4603.0,0.751
HD 2638 b,HD 2638,133.4886,14.3,3.4442,Radial Velocity,2005,5186.0,0.94
BD-13 2130 b,BD-13 2130,3108.3774,12.5,714.29999,Radial Velocity,2007,4545.0,19.17
HD 19615 b,HD 19615,2701.5414595,12.6,402.0,Radial Velocity,2022,4263.0,32.3
Kepler-305 c,Kepler-305,6.0,3.3,8.291,Transit,2013,5080.0,0.8
HD 77338 b,HD 77338,15.9,4.12,5.7361,Radial Velocity,2012,5341.0,0.97
TOI-4603 b,TOI-4603,4096.80816623,11.67975789,7.24599,Transit,2023,6264.0,2.738
Kepler-209 c,Kepler-209,9.8,3.1,41.749882,Transit,2014,5513.0,0.935
Kepler-826 b,Kepler-826,2.1,1.25,4.48758907,Transit,2016,6079.0,1.15
HD 66428 c,HD 66428,560.64930995,13.5,10478.84437,Radial Velocity,2021,5716.0,1.13
EPIC 205950854 c,K2-168,2.27,1.31,8.050722,Transit,2019,5502.7,0.83
TOI-1670 c,TOI-1670,200.23189641,11.06326395,40.74976,Transit,2022,6170.0,1.316
Kepler-17 b,Kepler-17,778.65,14.68,1.4857108,Transit,2011,5781.0,1.01034
HD 163607 c,HD 163607,699.54383,13.3,1272.0,Radial Velocity,2012,5522.0,1.76
TOI-132 b,TOI-132,22.4,3.42,2.1097019,Transit,2020,5397.0,0.9
TOI-4633 c,TOI-4633,123.0,3.2,271.9445,Transit,2024,5800.0,1.05
CT Cha b,CT Cha,5403.0,24.66,,Imaging,2007,4403.0,1.679694
OGLE-2014-BLG-0124L b,OGLE-2014-BLG-0124L,206.58846455,14.1,,Microlensing,2015,,
NGTS-10 b,NGTS-10,687.14846,13.506845,0.7668944,Transit,2020,4600.0,0.697
Kepler-1696 b,Kepler-1696,8.29,2.80982017,65.9409,Transit,2020,5712.0,1.19811
Kepler-1401 b,Kepler-1401,3.46,1.68,11.20066445,Transit,2016,5964.0,1.1
Kepler-1996 b,Kepler-1996,5.73,2.26,32.376183,Transit,2023,4580.0,0.675
OGLE-2019-BLG-0362L b,OGLE-2019-BLG-0362L,1036.12060682,13.1,,Microlensing,2022,,
Kepler-928 b,Kepler-928,3.15,1.59,3.932461302,Transit,2016,4700.0,0.7
HIP 107772 b,HIP 107772,12.9,3.64,55.199,Radial Velocity,2020,4006.0,0.513922
Kepler-153 c,Kepler-153,6.94,2.53,46.90232,Transit,2014,5404.0,0.892
HD 73256 c,HD 73256,5085.254512,12.2,2690.0,Radial Velocity,2023,5570.0,0.944723
HD 149143 b,HD 149143,422.7139,13.6,4.07182,Radial Velocity,2005,5856.0,1.44
Kepler-48 d,Kepler-48,7.93,2.04,42.8961,Transit,2014,5194.0,0.89
WASP-48 b,WASP-48,254.264,16.8135,2.14363,Transit,2011,5920.0,1.58
Kepler-18 d,Kepler-18,16.4,6.98,14.85888,Transit,2011,5345.0,1.108
TOI-4443.01,TOI-4443,3.6,1.7193265,1.8498567,Transit,2024,5834.0,1.01733
TOI-3856 b,TOI-3856,171.62733978,13.59649359,2.04360352,Transit,2025,5622.0,1.055
Kepler-106 c,Kepler-106,10.44,2.5,13.5708,Transit,2014,5858.0,1.04
Kepler-957 b,Kepler-957,25.9,5.5,5.907413537,Transit,2016,4963.0,0.75
Kepler-309 b,Kepler-309,3.05,1.56,5.923653,Transit,2014,4713.0,0.721
K2-398 c,K2-398,22.8,5.098,18.787839,Transit,2022,5946.0,1.239
TOI-5734 b,TOI-5734,9.1,2.1,6.1841876,Transit,2026,4750.0,0.639
Kepler-1740 b,Kepler-1740,11.0,3.32321414,8.172400475,Transit,2021,5705.0,0.905
Kepler-176 d,Kepler-176,1.72,2.51,25.751974,Transit,2014,5232.0,0.891
TOI-1695 b,TOI-1695,6.36,1.9,3.1342791,Transit,2022,3690.0,0.515
HATS-24 b,HATS-24,718.2958,15.636555,1.3484978,Transit,2017,6125.0,1.12
K2-150 b,K2-150,4.66,2.0,10.59357,Transit,2018,3499.0,0.436
HD 20868 b,HD 20868,397.2875,13.7,380.85001,Radial Velocity,2008,4802.0,0.76
Kepler-1829 b,Kepler-1829,6.71,2.47887001,5.186719894,Transit,2021,5230.0,0.777
HD 37124 c,HD 37124,207.22516,14.1,885.5,Radial Velocity,2002,5698.64,0.949168
HD 67087 c,HD 67087,1540.0,12.9,2374.0,Radial Velocity,2015,6330.0,1.55
Kepler-277 c,Kepler-277,64.2,3.36,33.006,Transit,2013,5946.0,1.69
K2-116 b,K2-116,0.257,0.69,4.655411,Transit,2017,4348.35,0.6694
Kepler-1350 b,Kepler-1350,6.9,2.52,4.4968604,Transit,2016,3827.0,0.53
Kepler-995 b,Kepler-995,7.75,2.7,28.26731672,Transit,2016,5206.0,0.8
TIC 188624430 b,TIC 188624430,12.9,3.64811843,6.21860433132,Transit,2026,5369.46,0.786574
CFHTWIR-Oph 98 b,CFHTWIR-Oph 98 A,2479.0615746,20.8487041,8040000.0,Imaging,2020,2320.0,0.245
Kepler-1174 b,Kepler-1174,3.15,1.59,6.89225223,Transit,2016,5936.0,1.04
KOI-3503 c,KOI-3503,10.36,1.21,31.828,Transit,2021,6001.0,1.255
Kepler-269 c,Kepler-269,3.5,1.69,8.127899,Transit,2014,5847.0,0.959
TOI-6054.02,TOI-6054,9.3,2.82,12.563636,Transit,2024,6047.0,1.662
TOI-5788 c,TOI-5788,6.4,2.272,16.213362,Transit,2026,5615.0,0.87
Kepler-1719 b,Kepler-1719,14.8,3.95000623,6.149559975,Transit,2021,5687.0,1.775
K2-171 b,K2-171,7.69,2.68657205,5.628466,Transit,2018,5250.0,1.717458
Kepler-122 b,Kepler-122,6.08,2.34,5.766193,Transit,2014,6050.0,1.216
Kepler-607 b,Kepler-607,0.59,0.87,0.638163204,Transit,2016,5196.0,0.8
Kepler-1981 b,Kepler-1981,62.5,9.23,453.54212,Transit,2023,5874.0,3.006
Kepler-430 b,Kepler-430,10.6,3.25,35.968,Transit,2015,5884.0,1.485
Kepler-1229 b,Kepler-1229,2.54,1.4,86.828989,Transit,2016,3784.0,0.51
HD 37605 c,HD 37605,1013.8777,13.1,2720.0,Radial Velocity,2012,5329.0,0.91
TOI-1431 b,TOI-1431,991.62462984,16.70138124,2.650237,Transit,2021,7690.0,1.92
NGTS-2 b,NGTS-2,235.1942,17.878355,4.511164,Transit,2018,6478.0,1.702
Kepler-1266 c,Kepler-1266,3.46,1.68023962,4.86631012,Transit,2021,4996.0,0.831
TOI-7009 b,TOI-7009,13.3,3.71,2.3206612,Transit,2026,4080.0,0.564
TOI-421 c,TOI-421,14.1,5.09,16.067541,Transit,2020,5291.0,0.866
K2-163 b,K2-163,6.65,2.46610713,6.673117,Transit,2018,4937.0,0.762201
Kepler-32 e,Kepler-32,4.08181,1.5,2.896,Transit,2012,3900.0,0.53
Kepler-1555 b,Kepler-1555,3.22,1.61,8.10501635,Transit,2016,5866.0,1.06
Kepler-1725 b,Kepler-1725,8.31,2.8125177,16.71990013,Transit,2021,6020.0,1.085
Kepler-155 c,Kepler-155,5.65,2.24,52.661793,Transit,2014,4508.0,0.62
HD 38529 c,HD 38529,3299.05886466,12.5,2127.60566,Radial Velocity,2000,5697.0,2.857838
TOI-6716 b,TOI-6716,0.911,0.982,4.7185898,Transit,2026,3110.0,0.231
Kepler-163 c,Kepler-163,5.73,2.26,21.347262,Transit,2014,5776.0,0.917
Kepler-52 b,Kepler-52,135.0,2.1,7.8773565,Transit,2012,4075.0,0.52
Kepler-439 b,Kepler-439,5.65,2.24,178.1396,Transit,2015,5431.0,0.866
Kepler-1491 c,Kepler-1491,6.53,2.44,61.569765,Transit,2023,5626.0,1.389
TOI-5532 b,TOI-5532,6.93,2.52763693,5.6539659431,Transit,2026,4208.45,0.662052
WASP-194 b,WASP-194,373.13054982,15.47960235,3.183387,Transit,2025,6405.0,1.409
HIP 67522 b,HIP 67522,71.4,9.9872018,6.9594731,Transit,2020,5675.0,1.38
Kepler-1758 b,Kepler-1758,7.13,2.57059831,9.977210045,Transit,2021,5557.0,1.616
OGLE-2006-BLG-109L c,OGLE-2006-BLG-109L,86.0,11.1,4927.5,Microlensing,2008,,
Kepler-1158 b,Kepler-1158,6.08,2.34,13.5396293,Transit,2016,6203.0,1.95
Kepler-311 b,Kepler-311,3.53,1.7,9.176092,Transit,2014,5905.0,1.188
MOA-2022-BLG-033L b,MOA-2022-BLG-033L,12.15,3.52,,Microlensing,2025,,
Kepler-1956 b,Kepler-1956,1.32,1.08940238,5.943719864,Transit,2021,4391.0,0.682
Kepler-402 e,Kepler-402,2.73,1.46,11.242861,Transit,2014,6090.0,1.264
K2-335 b,K2-335,5.52,2.21,12.283211,Transit,2021,6222.0,1.33
MOA-2011-BLG-293L b,MOA-2011-BLG-293L,1500.0,12.9,3000.0,Microlensing,2012,,
Kepler-565 b,Kepler-565,12.9,3.64,4.243747226,Transit,2016,5735.0,0.95
Kepler-750 b,Kepler-750,9.64,3.07,9.42887179,Transit,2016,6160.0,1.23
K2-382 b,K2-382,4.95,2.072,21.700156,Transit,2022,5452.0,0.811
TOI-1272 b,TOI-1272,24.1,4.26,3.3159765,Transit,2022,4985.0,0.8
Kepler-238 e,Kepler-238,169.7,5.6,23.654,Transit,2013,5800.0,0.96
Kepler-1255 b,Kepler-1255,5.99,2.32,36.2919336,Transit,2016,6018.0,1.12
Kepler-352 c,Kepler-352,2.07,1.24,16.332995,Transit,2014,5212.0,0.781
Kepler-1742 b,Kepler-1742,5.38,2.1782413,49.47819901,Transit,2021,5776.0,0.849
Kepler-127 b,Kepler-127,2.54,1.4,14.435889,Transit,2014,6106.0,1.359
KMT-2018-BLG-1292L b,KMT-2018-BLG-1292L,1400.0,12.9,,Microlensing,2020,,
HIP 111909 c,HIP 111909,257.44100967,13.9,893.63,Radial Velocity,2025,4891.0,4.53
Kepler-568 b,Kepler-568,5.73,2.26,11.02347475,Transit,2016,3768.0,0.53
Kepler-1611 b,Kepler-1611,0.457,0.81,5.1762429,Transit,2016,5605.0,0.93
Kepler-1923 b,Kepler-1923,4.5,1.95958179,52.60969925,Transit,2021,5881.0,1.294
HD 63765 b,HD 63765,168.4499,14.2,358.0,Radial Velocity,2011,5449.0,0.83
Kepler-896 b,Kepler-896,6.94,2.53,144.547396,Transit,2016,5262.0,0.81
Kepler-1208 b,Kepler-1208,5.99,2.32,11.08507637,Transit,2016,5001.0,0.76
Kepler-499 b,Kepler-499,5.35,2.17,5.632528453,Transit,2016,5312.0,0.83
HD 62549 b,HD 62549,2707.58019923,12.6,14306.88519,Radial Velocity,2022,5930.46,1.23227
TOI-921 b,TOI-921,12.2,3.53409617,5.12871907628,Transit,2026,6011.66,1.14165
Kepler-155 b,Kepler-155,5.02,2.09,5.931194,Transit,2014,4508.0,0.62
HD 111591 b,HD 111591,1398.452,12.9,1056.4,Radial Velocity,2017,4884.0,8.03
Kepler-45 b,Kepler-45,160.497,10.76,2.455239,Transit,2011,3820.0,0.55
Kepler-406 c,Kepler-406,2.71,0.85,4.62332,Transit,2014,5538.0,1.07
GJ 3090 c,GJ 3090,10.0,3.14,15.9407,Radial Velocity,2026,3707.0,0.516
KMT-2017-BLG-1057L b,KMT-2017-BLG-1057L,23.5,5.19,,Microlensing,2024,,
ups And c,ups And,4443.24112986,12.3,241.258,Radial Velocity,1999,6156.77,1.56
Kepler-93 b,Kepler-93,4.66,1.478,4.72673978,Transit,2014,5669.0,0.919
TOI-3464 b,TOI-3464,397.28550875,13.7646283,3.6515568,Transit,2025,6370.0,1.56
HAT-P-17 c,HAT-P-17,1080.6,13.1,5584.0,Radial Velocity,2012,5336.96,0.838682
K2-375 b,K2-375,5.66,2.243,14.453895,Transit,2022,5822.0,1.543
K2-5 b,K2-5,4.31,1.91,5.73594,Transit,2015,3930.0,0.57
TOI-5486 b,TOI-5486,14.9,3.96824928,2.02470073205,Transit,2026,3750.17,0.553216
Kepler-596 b,Kepler-596,11.8,3.46,21.30022655,Transit,2016,6267.0,1.32
Kepler-1757 b,Kepler-1757,8.99,2.94660251,19.65640068,Transit,2021,5288.0,0.74
OGLE-2017-BLG-0604L b,OGLE-2017-BLG-0604L,160.0,14.2,,Microlensing,2020,,
K2-174 b,K2-174,7.27,2.6,19.562307,Transit,2018,4455.0,0.676
TOI-2267 b,TOI-2267 A,0.972,1.0,2.28909,Transit,2025,3030.0,0.2075
TOI-756 c,TOI-756,1287.20504835,13.0,149.4,Radial Velocity,2025,3657.0,0.505
K2-274 b,K2-274,4.98,2.08,14.1330314,Transit,2018,5044.0,0.7
Kepler-415 b,Kepler-415,119.9,1.21,4.176,Transit Timing Variations,2014,4362.0,0.643
Kepler-1686 b,Kepler-1686,2.62,1.42553017,9.30987,Transit,2020,5714.96,1.19951
Kepler-85 b,Kepler-85,1.84,1.778,8.3,Transit,2012,5505.2,0.875
TOI-3593 b,TOI-3593,565.73456446,11.02963701,3.8212867,Transit,2025,5550.0,0.918
OGLE-2016-BLG-0007L b,OGLE-2016-BLG-0007L,1.32,1.09,14200.0,Microlensing,2025,,
Kepler-263 c,Kepler-263,6.66,2.47,47.332773,Transit,2014,5265.0,0.785
HAT-P-30 b,HAT-P-30,263.7989,16.14096,2.8106,Transit,2011,6304.0,1.31
K2-324 b,K2-324,6.48,2.43,3.262,Transit,2020,3752.0,0.505
K2-218 b,K2-218,7.13,2.56948149,8.679885,Transit,2018,5757.0,1.008231
TOI-178 g,TOI-178,4.4,2.939,20.71663,Transit,2021,4316.0,0.662
Kepler-403 d,Kepler-403,2.6,1.42,13.61159129,Transit,2016,6209.0,1.45
TOI-954 b,TOI-954,55.30242,9.550068,3.6849729,Transit,2020,5710.0,1.892
HD 213519 b,HD 213519,9.2170238,2.99,11.12214,Radial Velocity,2022,5840.0,1.08287
Kepler-725 c,Kepler-725,9.7,3.08,207.541,Transit Timing Variations,2025,5395.0,0.88
Kepler-378 b,Kepler-378,0.347,0.75,16.092361,Transit,2014,4661.0,0.671
Kepler-82 d,Kepler-82,885.098,1.77,2.382961,Transit,2014,5428.0,0.945
TOI-1752 b,TOI-1752,3.51,1.693,0.9351861,Transit,2026,3762.0,0.53
K2-317 b,K2-317,8.91,2.93,6.22,Transit,2020,3387.0,0.379
Kepler-1375 b,Kepler-1375,3.68,1.74,3.3004192,Transit,2016,6704.0,1.78
TIC 32032563 b,TIC 32032563,11.9,3.47739942,13.83460487791,Transit,2026,5567.93,1.00188
WASP-29 b,WASP-29,73.1009,8.63093,3.92273,Transit,2010,4800.0,0.79
Kepler-1476 b,Kepler-1476,3.43,1.67,10.35863224,Transit,2016,5663.0,0.96
Kepler-883 b,Kepler-883,3.82,1.78,12.98495573,Transit,2016,6116.0,1.09
TOI-1820 b,TOI-1820,731.0053361,12.778238,4.860674,Transit,2022,5734.0,1.51
Kepler-1220 b,Kepler-1220,2.92,1.52,7.42693741,Transit,2016,5842.0,0.99
Kepler-1284 b,Kepler-1284,1.92,1.21,0.664073806,Transit,2016,5123.0,0.79
TOI-938 b,TOI-938,20.8,4.82401567,8.80733882211,Transit,2026,5829.42,0.985134
HD 4760 b,HD 4760,4417.837,12.3,434.0,Radial Velocity,2021,4076.0,42.4
OGLE-2008-BLG-092L b,OGLE-2008-BLG-092L,57.0,8.74,,Microlensing,2014,,
Kepler-1425 b,Kepler-1425,0.779,0.94,14.4541302,Transit,2016,5718.0,0.95
TOI-2497 b,TOI-2497,1531.93292174,11.14172682,10.655669,Transit,2023,7360.0,2.36
HD 240210 b,HD 240210,1655.82,12.8,501.75,Radial Velocity,2009,4297.0,25.456816
TOI-3362 b,TOI-3362,1598.3590588,12.80065596,18.09547,Transit,2021,6532.0,1.83
Kepler-146 b,Kepler-146,13.3,3.71,31.158799,Transit,2014,5948.0,1.208
HIP 113103 c,HIP 113103,6.35,2.4,14.245648,Transit,2023,4930.0,0.742
TOI-1080 b,TOI-1080,10.7,1.2,3.9652482,Transit,2026,3065.0,0.2019
WASP-32 b,WASP-32,835.8929,10.76064,2.71866,Transit,2010,6140.0,0.95
Kepler-192 d,Kepler-192,1.04,1.02,6.47027579,Transit,2016,5487.0,0.94
Kepler-1488 b,Kepler-1488,4.12,1.86,39.8189932,Transit,2016,5820.0,1.31
BD+14 4559 b,BD+14 4559,330.5432,13.8,268.94,Radial Velocity,2009,4864.0,0.86
TOI-2977 b,TOI-2977,533.95172376,13.15934334,2.3505614,Transit,2023,5691.0,1.073
Kepler-1873 b,Kepler-1873,3.28,1.62573811,0.558842003,Transit,2021,5151.0,0.792
Kepler-52 d,Kepler-52,88.8775,1.95,36.445171,Transit,2014,4263.0,0.556
K2-370 b,K2-370,11.1,2.67,2.1408093,Transit,2022,5662.0,0.945
Kepler-829 b,Kepler-829,5.1,2.11,6.88337562,Transit,2016,5698.0,0.97
HIP 29442 d,TOI-469,5.14,1.538,6.429575,Radial Velocity,2023,5289.0,0.98
nu Oct A b,nu Oct A,696.04421133,13.3,402.4,Radial Velocity,2016,4910.0,5.04
TOI-4010 d,TOI-4010,38.15,6.18,14.70886,Transit,2023,4960.0,0.83
Kepler-196 b,Kepler-196,4.27,1.9,20.739886,Transit,2014,5128.0,0.782
Kepler-131 b,Kepler-131,16.13,2.41,16.092,Transit,2014,5685.0,1.03
Kepler-179 b,Kepler-179,3.33,1.64,2.735926,Transit,2014,5302.0,0.759
Kepler-1745 b,Kepler-1745,4.38,1.92872921,3.016190052,Transit,2021,5611.0,1.4
Kepler-251 c,Kepler-251,8.1,2.77,16.514043,Transit,2014,5526.0,0.89
Kepler-806 b,Kepler-806,1.55,1.14,8.09219642,Transit,2016,5770.0,1.16
HD 38529 b,HD 38529,206.58846455,14.1,14.3099,Radial Velocity,2000,5697.0,2.857838
Kepler-200 c,Kepler-200,3.15,1.59,10.222157,Transit,2014,5678.0,0.944
Kepler-1854 b,Kepler-1854,7.21,2.58746104,39.83110046,Transit,2021,5026.0,0.759
WASP-158 b,WASP-158,886.7457,11.99363,3.656333,Transit,2018,6350.0,1.39
HAT-P-17 b,HAT-P-17,184.3414,11.76945,10.33852,Transit,2012,5246.0,0.87
TOI-500 d,TOI-500,33.12,6.35,26.233,Radial Velocity,2022,4440.0,0.678
OGLE-2017-BLG-1375L b,OGLE-2017-BLG-1375L,3585.0,12.4,,Microlensing,2020,,
KMT-2025-BLG-1616L b,KMT-2025-BLG-1616L,42.32,7.34,,Microlensing,2026,,
Kepler-438 b,Kepler-438,1.46,1.12,35.23319,Transit,2015,3748.0,0.52
TIC 139270665 c,TIC 139270665,1554.18091023,12.9,1010.0,Radial Velocity,2024,5844.0,1.016
HD 175541 b,HD 175541,190.06234,14.1,298.43,Radial Velocity,2007,5013.0,4.19
Kepler-1266 b,Kepler-1266,7.18,2.58,28.474748,Transit,2016,5044.0,0.76
Kepler-255 b,Kepler-255,3.02,1.55,5.714606,Transit,2014,5573.0,0.933
Kepler-1423 b,Kepler-1423,1.2,1.06,23.955378,Transit,2016,4939.0,0.75
HIP 81208 C b,HIP 81208 C,4703.8604236,12.3,104100.0,Imaging,2023,,
Kepler-1869 b,Kepler-1869,1.46,1.11955354,8.167360306,Transit,2021,5808.0,0.902
Kepler-1831 b,Kepler-1831,4.54,1.97019818,5.78387022,Transit,2021,6063.0,1.012
HD 219134 b,HD 219134,4.74,1.602,3.092926,Radial Velocity,2015,4699.0,0.778
TOI-6695 c,TOI-6695,460.85119015,13.6,242.4,Radial Velocity,2025,6400.0,1.517
Kepler-1797 b,Kepler-1797,9.58,3.05774442,23.3593998,Transit,2021,6244.0,1.009
HIP 35173 b,HIP 35173,12.7,3.61,41.516,Radial Velocity,2019,4881.0,0.773404
Kepler-1894 b,Kepler-1894,1.87,1.20117759,2.762660027,Transit,2021,5772.0,0.901
Kepler-1223 b,Kepler-1223,1.98,1.22,16.301259,Transit,2016,4870.0,0.75
K2-7 b,K2-7,15.3,4.03523305,28.6781,Transit,2015,5700.0,1.533
Kepler-307 b,Kepler-307,7.44,2.43,10.4208,Transit,2013,5367.0,0.814
KMT-2024-BLG-2005L b,KMT-2024-BLG-2005L,50.85254512,8.18,,Microlensing,2026,,
Kepler-755 c,Kepler-755,2.13,1.26,2.853133644,Transit,2016,5043.0,0.77
HAT-P-22 b,HAT-P-22,785.0401,12.89035,3.21222,Transit,2010,5302.0,1.11
Kepler-268 b,Kepler-268,7.04,2.55,25.934138,Transit,2014,6081.0,1.274
K2-381 c,K2-381,4.66,2.0,16.034656,Transit,2022,4473.0,0.675
Kepler-1775 b,Kepler-1775,12.9,3.64762153,85.65399933,Transit,2021,5818.0,1.647
HAT-P-20 b,HAT-P-20,2302.899,9.718,2.875317,Transit,2010,4595.0,0.694
Kepler-607 c,Kepler-607,8.05,2.76001201,39.67679977,Transit,2021,5244.0,0.888
Kepler-907 b,Kepler-907,1.87,1.2,15.86621821,Transit,2016,6106.0,1.38
Kepler-318 c,Kepler-318,13.1,3.68,11.815007,Transit,2014,5746.0,1.189
Kepler-823 b,Kepler-823,3.09,1.57,4.16809082,Transit,2016,5643.0,0.96
HD 75302 b,HD 75302,1716.2733978,12.8,4356.0,Radial Velocity,2023,5697.46,0.940904
TOI-540 b,TOI-540,0.674,0.903,1.2391491,Transit,2020,3216.0,0.1895
Kepler-225 b,Kepler-225,1.87,1.2,6.738975,Transit,2014,3682.0,0.48
GJ 3323 c,GJ 3323,2.31,1.32,40.54,Radial Velocity,2017,3159.0,0.119
K2-13 b,K2-13,4.23,1.89,39.91488,Transit,2015,5698.0,0.78
Kepler-647 c,Kepler-647,15.1,4.00135002,29.6663,Transit,2020,5906.74,1.54571
HD 24085 b,HD 24085,11.8,3.46,2.0455,Radial Velocity,2019,6034.0,1.412551
TOI-1136 f,TOI-1136,9.7,3.73591482,26.321,Transit,2022,5770.0,0.968
K2-360 c,EPIC 201595106,15.23,4.02,9.79692,Radial Velocity,2024,5679.0,0.98
TOI-1468 c,TOI-1468,4.1,2.126,15.532477,Transit,2022,3376.0,0.3714
Kepler-1513 c,Kepler-1513,84.54235626,11.0,841.4,Transit Timing Variations,2023,5491.0,0.95
Kepler-314 b,Kepler-314,0.498,0.83,2.461069,Transit,2014,5378.0,0.95
Kepler-1184 b,Kepler-1184,7.65,2.68,53.5991044,Transit,2016,5983.0,1.07
TOI-1438 c,TOI-1438,10.6,2.75,9.428089,Transit,2025,5230.0,0.82
HD 155193 b,HD 155193,238.37130525,14.0,352.65,Radial Velocity,2021,6239.0,1.76439
KMT-2019-BLG-0578L b,KMT-2019-BLG-0578L,381.3940884,13.7,,Microlensing,2025,,
Kepler-10 d,Kepler-10,12.0,3.49,151.06,Radial Velocity,2023,5708.0,1.065
TOI-6041 c,TOI-6041,77.9,10.5,88.0,Radial Velocity,2025,5445.0,0.879
HIP 97233 b,HIP 97233,6098.17364511,12.1,1062.26506,Radial Velocity,2014,5020.0,5.34
HD 109833 c,HD 109833,7.22,2.59,13.900148,Transit,2022,5881.0,1.0
GJ 9827 d,GJ 9827,3.02,1.98,6.20183,Transit,2017,4236.0,0.58
HD 107148 c,HD 107148,19.89605828,4.7,18.3267,Radial Velocity,2021,5752.92,1.169193
TOI-2104 b,TOI-2104,2.95,1.52898127,5.904370457,Transit,2026,4856.13,0.723757
Kepler-502 b,Kepler-502,20.4,4.77,4.28686431,Transit,2016,6125.0,1.22
Kepler-1871 b,Kepler-1871,6.44,2.42172881,1.952700019,Transit,2021,5741.0,0.946
HIP 67522 c,HIP 67522,48.3,7.93595834,14.334892,Transit,2024,5675.0,1.38
Kepler-1235 b,Kepler-1235,0.418,0.79,4.16055856,Transit,2016,5541.0,0.9
OGLE-2013-BLG-0911L b,OGLE-2013-BLG-0911L,3020.0,12.5,,Microlensing,2019,,
Kepler-1625 b,Kepler-1625,30.6,6.06,287.378949,Transit,2016,5677.0,0.94
K2-158 b,K2-158,7.46,2.64,10.06049,Transit,2018,5503.0,0.95
TOI-1669 c,TOI-1669,13.0,2.2963977,2.6800535,Transit,2024,5497.0,1.0561
WASP-39 b,WASP-39,89.31023,14.336311,4.0552941,Transit,2011,5485.0,0.939
Kepler-69 b,Kepler-69,5.65,2.24,13.722341,Transit,2013,5638.0,0.93
Kepler-120 b,Kepler-120,8.5,2.15,6.312501,Transit,2014,4096.0,0.534
HIP 77900 b,HIP 77900,6674.396547,12.1,,Imaging,2024,13646.0,
WASP-153 b,WASP-153,123.9537,17.37395,3.332609,Transit,2017,5914.0,1.73
KMT-2021-BLG-0712L b,KMT-2021-BLG-0712L,38.19,6.91,,Microlensing,2023,,
Kepler-341 e,Kepler-341,4.62,1.99,42.473269,Transit,2014,6012.0,1.024
Kepler-627 b,Kepler-627,13.4,3.73,40.6994443,Transit,2016,6424.0,1.49
OGLE-2018-BLG-0506L b,OGLE-2018-BLG-0506L,16.3,4.18,,Microlensing,2022,,
TOI-778 b,TOI-778,878.0,15.4,4.633611,Transit,2023,6643.0,1.71
TOI-7333 b,TOI-7333,5.04,2.09469416,6.26449803661,Transit,2026,4586.87,0.666066
K2-176 b,K2-176,2.83,1.49090097,5.329439,Transit,2018,5428.0,0.86416
55 Cnc d,55 Cnc,1232.493,13.0,4799.0,Radial Velocity,2002,5198.0,0.98
Kepler-737 b,Kepler-737,4.5,1.96,28.59915399,Transit,2016,3813.0,0.48
NGTS-13 b,NGTS-13,1538.2972,12.800678,4.119027,Transit,2021,5819.0,1.788
Kepler-1175 b,Kepler-1175,9.22,2.99,37.94563,Transit,2016,5453.0,0.86
HD 130322 b,HD 130322,365.49,13.7,10.70871,Radial Velocity,1999,5387.0,0.85
K2-77 b,K2-77,603.877,2.4996027,8.2000844,Transit,2016,5160.0,0.792
TOI-2453 b,TOI-2453,10.6,3.24380341,4.44143463188,Transit,2026,3720.23,0.502498
Gl 49 b,Gl 49,5.63,2.24,13.8508,Radial Velocity,2019,3805.0,0.511
TOI-2416 b,TOI-2416,953.485221,9.86390302,8.275479,Transit,2023,5808.0,1.236
TOI-3523 A b,TOI-3523 A,435.42491759,15.9727975,2.30458952,Transit,2025,6450.0,1.448
Kepler-843 b,Kepler-843,7.22,2.59,2.053879821,Transit,2016,5830.0,1.03
Kepler-249 b,Kepler-249,1.32,1.09,3.306539,Transit,2014,3568.0,0.482
TOI-4640 b,TOI-4640,8.46,2.84326517,2.68566015238,Transit,2026,5743.01,1.06715
TYC 1422-614-1 c,TYC 1422-614-1,3178.0,12.5,559.3,Radial Velocity,2014,4806.0,6.85
K2-349 b,K2-349,2.48,1.38,9.032178,Transit,2021,4385.0,0.49
GJ 2056 b,GJ 2056,16.2,4.17,69.971,Radial Velocity,2020,4069.95,0.709495
Kepler-1910 b,Kepler-1910,1.78,1.184,5.688769817,Transit,2021,4234.0,0.639
Kepler-1655 b,Kepler-1655,5.4,2.213,11.8728787,Transit,2018,6148.0,1.03
HAT-P-11 b,HAT-P-11,25.0,4.36,4.888,Transit,2010,4653.0,0.683
TOI-1442 b,TOI-1442,1.71,1.17,0.4090677,Transit,2022,3330.0,0.31
TOI-1453 c,TOI-1453,2.95,2.224,6.5886982,Transit,2025,4975.0,0.72
HD 191939 g,HD 191939,13.5,3.74,284.0,Radial Velocity,2022,5348.0,0.94
K2-358 b,K2-358,7.65,2.68,11.2510285,Transit,2021,5650.0,0.91
K2-336 b,K2-336,1.98,1.22,21.194733,Transit,2021,5424.0,0.8
Kepler-1237 b,Kepler-1237,8.55,2.86,84.5733226,Transit,2016,5472.0,0.9
HAT-P-38 b,HAT-P-38,84.857,9.247,4.640382,Transit,2012,5330.0,0.923
K2-55 b,K2-55,44.0,4.43,2.849271,Transit,2016,4300.0,0.715
HD 21693 c,HD 21693,17.37,4.34,53.7357,Radial Velocity,2019,5430.0,0.914378
TOI-7149 b,TOI-7149,224.0,13.2,2.65206166,Transit,2025,3363.0,0.351
Kepler-852 b,Kepler-852,6.99,2.54,44.9309804,Transit,2016,6100.0,1.16
K2-357 b,K2-357,13.4,3.72,16.3488637,Transit,2021,5794.0,1.0
KMT-2021-BLG-1391L b,KMT-2021-BLG-1391L,4.55,1.97,,Microlensing,2022,,
TOI-3976 A b,TOI-3976 A,55.61997123,12.27383387,6.607662,Transit,2023,5975.0,1.501
K2-232 b,K2-232,126.49634,11.209,11.168454,Transit,2018,6154.0,1.161
Kepler-1357 b,Kepler-1357,2.18,1.28,3.0091324,Transit,2016,5597.0,0.9
Kepler-132 e,Kepler-132,1.76,1.18,110.2869374,Transit,2016,6023.0,1.1
OGLE-2015-BLG-1609L b,OGLE-2015-BLG-1609L,76.27881768,10.4,,Microlensing,2025,,
LTT 9779 b,LTT 9779,29.32,4.72,0.792052,Transit,2020,5443.0,0.949
TOI-763 b,TOI-763,9.79,2.28,5.6057,Transit,2020,5450.0,0.897
HATS-14 b,HATS-14,340.39593,11.646151,2.7667641,Transit,2015,5346.0,0.933
Kepler-1320 b,Kepler-1320,3.53,1.7,0.868386528,Transit,2016,4817.0,0.74
Kepler-1807 b,Kepler-1807,7.77,2.70393215,10.86060047,Transit,2021,6455.0,1.496
rho CrB e,rho CrB,3.71,1.75,12.904,Radial Velocity,2023,5817.0,1.3617
Kepler-1613 b,Kepler-1613,4.98,2.08,1.5184299,Transit,2016,6005.0,1.12
HD 20794 b,HD 20794,2.7,1.45,18.314,Radial Velocity,2011,5368.0,0.93
K2-277 b,K2-277,7.4,2.18575124,6.326768,Transit,2018,5680.0,0.973
Kepler-1032 b,Kepler-1032,4.16,1.87,3.290117953,Transit,2016,4647.0,0.71
TOI-5726.01,TOI-5726,7.05,2.554,5.491125215,Transit,2024,5874.0,1.106
Wolf 327 b,Wolf 327,2.53,1.24,0.5734745,Transit,2024,3542.0,0.406
GJ 3378 b,GJ 3378,2.3,1.32,21.45,Radial Velocity,2026,3340.0,0.275
Kepler-62 f,Kepler-62,35.0,1.41,267.291,Transit,2013,4925.0,0.64
OGLE-2018-BLG-1185L b,OGLE-2018-BLG-1185L,8.4,2.83,,Microlensing,2021,,
Kepler-294 c,Kepler-294,7.8,2.71,6.6264,Transit,2014,5913.0,0.976
Kepler-21 b,Kepler-21,7.5,1.639,2.7858212,Transit,2012,6305.0,1.902
HD 161178 b,HD 161178,181.16219199,14.1,279.3,Radial Velocity,2021,4786.0,10.95
Kepler-36 b,Kepler-36,3.83,1.498,13.86825,Transit,2012,5979.0,1.634
ups And b,ups And,218.531,14.0,4.617033,Radial Velocity,1996,6156.77,1.56
Kepler-42 d,Kepler-42,0.357785,0.57,1.865169,Transit,2011,3068.0,0.17
KMT-2016-BLG-1105L b,KMT-2016-BLG-1105L,2.32,1.33,,Microlensing,2023,,
TOI-6478 b,TOI-6478,19.2,4.6,34.005019,Transit,2025,3230.0,0.234
Kepler-125 b,Kepler-125,6.21,2.37,4.164389,Transit,2014,3810.0,0.512
Kepler-1407 b,Kepler-1407,5.69,2.25,20.0711504,Transit,2016,6010.0,1.15
TOI-1246 b,TOI-1246,8.1,3.01,4.30744,Transit,2022,5151.0,0.86
HD 16760 b,HD 16760,6833.3107505,12.1,466.08,Radial Velocity,2009,5518.0,0.835
Kepler-167 e,Kepler-167,321.00669107,10.16,1071.23205,Transit,2016,4884.0,0.749
TOI-3837 b,TOI-3837,187.51876013,10.87271128,11.88865,Transit,2025,5905.0,1.2
Kepler-1561 b,Kepler-1561,1.32,1.09,1.005207007,Transit,2016,5957.0,1.11
Kepler-1338 b,Kepler-1338,0.721,0.92,0.935118057,Transit,2016,5909.0,1.05
HD 143361 b,HD 143361,1382.55357045,12.9,1039.15,Radial Velocity,2008,5507.0,0.916
WASP-59 b,WASP-59,274.276,8.687,7.919585,Transit,2012,4650.0,0.613
Kepler-1293 b,Kepler-1293,0.871,0.97,5.57654784,Transit,2016,6241.0,1.28
Kepler-59 c,Kepler-59,3.81,1.98,17.9801235,Transit,2012,6074.0,0.94
TOI-849 b,TOI-849,41.8,3.64,0.765548,Transit,2020,5257.0,0.97
Kepler-825 b,Kepler-825,2.96,1.53,3.77360059,Transit,2016,5976.0,1.08
KELT-14 b,KELT-14,408.09372,19.537287,1.7100566,Transit,2016,5720.0,1.52
Kepler-339 d,Kepler-339,14.7,1.17,10.558345,Transit,2014,5631.0,0.802
Kepler-1280 b,Kepler-1280,4.16,1.87,66.5579057,Transit,2016,6227.0,1.32
Kepler-245 c,Kepler-245,26.7,2.18,17.460812,Transit,2014,5100.0,0.795
Kepler-1481 b,Kepler-1481,2.04,1.23,5.94220998,Transit,2016,4908.0,0.75
TOI-1266 c,TOI-1266,3.17,1.98,18.8027,Transit,2020,3563.0,0.4232
Kepler-1838 b,Kepler-1838,3.4,1.66049425,12.14680004,Transit,2021,5877.0,1.963
K2-75 c,K2-75,8.1,2.77,18.311,Transit,2016,5995.0,1.56
CoRoT-18 b,CoRoT-18,1102.82,14.68,1.9000693,Transit,2011,5440.0,1.0
HD 76920 b,HD 76920,994.80291391,13.1,415.891,Radial Velocity,2017,4664.0,8.33
KOI-351 d,KOI-351,8.6,2.87,59.73667,Transit,2013,6080.0,1.2
Kepler-1414 b,Kepler-1414,2.04,1.23,3.51576315,Transit,2016,4951.0,0.75
alf Tau b,alf Tau,2056.3601,12.7,628.96,Radial Velocity,2015,4055.0,45.1
Kepler-178 c,Kepler-178,8.65,2.88,20.552802,Transit,2014,5676.0,1.066
Kepler-1731 b,Kepler-1731,8.92,2.93295657,21.76129913,Transit,2021,4859.0,0.72
Kepler-710 b,Kepler-710,4.19,1.88,4.347285527,Transit,2016,5611.0,0.91
HD 219134 g,HD 219134,10.80622,3.28,94.2,Radial Velocity,2015,4913.0,0.77
K2-5 c,K2-5,5.73,2.26,10.93241,Transit,2015,3930.0,0.57
Kepler-708 b,Kepler-708,8.91,2.93,3.167891938,Transit,2016,5692.0,0.96
HD 69123 b,HD 69123,982.08977763,13.1,1193.3,Radial Velocity,2022,4842.0,7.72
WASP-54 b,WASP-54,187.5197,17.71022,3.69364,Transit,2012,6100.0,1.76
ROXs 42 B b,ROXs 42 B,2860.0,12.5,,Imaging,2013,3433.0,1.33658
Kepler-398 b,Kepler-398,0.749,0.93,4.081423,Transit,2014,4493.0,0.613
Kepler-1018 b,Kepler-1018,7.18,2.58,49.1013514,Transit,2016,5518.0,0.88
TOI-4734 b,TOI-4734,61.65871096,10.9175472,6.235633,Transit,2025,6070.0,1.857
K2-250 b,K2-250,7.81,2.71257333,4.01392,Transit,2018,5003.0,0.797
K2-381 d,K2-381,3.5,1.689,26.803023,Transit,2022,4473.0,0.675
KMT-2021-BLG-1077L c,KMT-2021-BLG-1077L,79.45710175,10.6,,Microlensing,2022,,
TOI-2842 b,TOI-2842,117.59651059,12.84549188,3.5514058,Transit,2023,5910.0,1.265
HD 105779 b,HD 105779,203.41018048,14.1,2412.0,Radial Velocity,2022,5792.0,0.94
Kepler-1181 c,Kepler-1181,4.01,1.83,8.93484887,Transit,2023,6688.0,1.347
TOI-836 b,TOI-836,4.53,1.704,3.81673,Transit,2023,4552.0,0.665
Kepler-31 b,Kepler-31,36.7418,5.5,20.8613,Transit,2011,6340.0,1.22
EPIC 206024342 c,EPIC 206024342,2.54,1.4,0.911724,Transit,2021,5724.0,1.1
Kepler-633 c,Kepler-633,5.89,2.296,23.78319931,Transit,2021,5877.0,1.265
K2-320 b,K2-320,7.37,2.62,1.995,Transit,2020,3157.0,0.3
HD 114386 c,HD 114386,117.59651059,13.4,444.0,Radial Velocity,2026,4895.0,0.76
Kepler-1523 b,Kepler-1523,3.12,1.58,0.93875077,Transit,2016,5708.0,0.96
GJ 463 b,GJ 463,1080.6165838,13.1,3459.0,Radial Velocity,2022,3563.0,0.483
Kepler-1606 b,Kepler-1606,4.94,2.07,196.435224,Transit,2016,5422.0,0.86
TOI-6699 b,TOI-6699,6.02,2.32645266,5.32005926761,Transit,2026,4705.1,0.75309
GQ Lup b,GQ Lup,6356.0,33.6,,Imaging,2004,4360.0,1.94153
HD 33564 b,HD 33564,2892.1,12.5,388.0,Radial Velocity,2005,6250.0,1.4367
Kepler-30 c,Kepler-30,640.0,12.3,60.323105,Transit,2012,5498.0,0.95
TOI-2886 b,TOI-2886,444.9597698,18.6405349,1.60200105,Transit,2025,6240.0,1.241
Kepler-62 c,Kepler-62,4.0,0.54,12.4417,Transit,2013,4925.0,0.64
Kepler-1016 c,Kepler-1016,13.1,3.68,105.6551369,Transit,2016,5821.0,1.0
HD 125612 c,HD 125612,15.57359194,4.07,4.15466,Radial Velocity,2009,5900.0,1.07
Kepler-1930 b,Kepler-1930,2.95,1.52955541,13.02680016,Transit,2021,5083.0,0.844
Wolf 1061 d,Wolf 1061,7.7,2.69,217.21,Radial Velocity,2015,3342.0,0.307
K2-397 b,K2-397,6.42,2.417,3.572326,Transit,2022,5387.0,0.966
Kepler-270 c,Kepler-270,3.78,1.77,25.262887,Transit,2014,6067.0,1.461
Kepler-589 b,Kepler-589,5.77,2.27,16.54964934,Transit,2016,5296.0,0.83
Kepler-1082 b,Kepler-1082,1.46,1.12,1.543206604,Transit,2016,5923.0,1.14
Kepler-431 d,Kepler-431,1.41,1.11,11.922,Transit,2015,6004.0,1.092
KIC 3558849 b,KIC 3558849,38.1,6.9,1322.3,Transit,2015,6175.0,1.01
Kepler-11 e,Kepler-11,8.0,4.19,31.9996,Transit,2010,5663.0,1.065
K2-387 b,K2-387,42.2,7.322,28.735327,Transit,2022,3572.0,0.585
Kepler-1824 b,Kepler-1824,6.26,2.38127597,95.61100006,Transit,2021,6002.0,1.081
WASP-170 b,WASP-170,508.528,12.285064,2.34478022,Transit,2018,5600.0,0.938
WD 0806-661 b,WD 0806-661,2224.798849,12.10569916,,Imaging,2011,10393.0,
K2-74 b,K2-74,5.95,2.31,19.5666,Transit,2016,6060.0,0.98
K2-239 b,K2-239,1.37,1.1,5.24,Transit,2018,3420.0,0.36
Kepler-544 b,Kepler-544,5.14,2.12,21.41616926,Transit,2016,6206.0,1.22
TOI-1246 d,TOI-1246,5.4,3.43139739,18.654874,Transit,2022,5213.0,0.8649
HD 39194 d,HD 39194,5.16,2.12,33.874,Radial Velocity,2021,5205.0,0.783742
KOINTREAU-3 b,ISO-Oph 96,1080.6165838,13.1,,Imaging,2026,3920.0,0.730795
Kepler-1326 b,Kepler-1326,16.3,4.18,42.3514267,Transit,2016,6725.0,1.74
HATS-9 b,HATS-9,266.02371,13.85,1.915291,Transit,2015,5599.0,1.56
Kepler-1563 b,Kepler-1563,0.347,0.75,3.43276598,Transit,2016,5765.0,0.99
Kepler-1721 b,Kepler-1721,9.9,3.11856756,4.592380047,Transit,2021,5351.0,0.796
Kepler-256 e,Kepler-256,6.12,2.35,10.681572,Transit,2014,5551.0,1.301
TOI-1184 b,TOI-1184,6.8,2.39,5.748433803,Transit,2024,4534.0,0.69
G 192-15 b,G 192-15,1.03,1.02,2.27476,Radial Velocity,2025,2999.0,0.170718
TOI-2031 A b,TOI-2031 A,254.2627256,14.20177855,5.71548654,Transit,2025,6490.0,1.241
HD 168746 b,HD 168746,85.8141,11.1,6.404,Radial Velocity,2002,5570.0,1.09
HD 20781 c,HD 20781,5.33,2.17,13.8905,Radial Velocity,2019,5256.0,0.833609
HATS-61 b,HATS-61,1080.622,13.394755,7.817953,Transit,2018,5542.0,1.664
HD 15337 c,HD 15337,6.792,2.526,17.180546,Transit,2019,5131.0,0.855
Kepler-848 b,Kepler-848,3.53,1.7,6.91134416,Transit,2016,5695.0,1.2
HD 184010 b,HD 184010,98.52680617,12.1,286.6,Radial Velocity,2022,4971.0,4.86
WASP-132 b,WASP-132,136.0305582,10.09929161,7.1335164,Transit,2016,4686.0,0.758
HD 23472 d,HD 23472,0.55,0.75,3.97664,Transit,2022,4684.0,0.71
Kepler-1227 b,Kepler-1227,5.86,2.29,94.2887577,Transit,2016,5747.0,0.95
Kepler-388 c,Kepler-388,0.566,0.86,13.297004,Transit,2014,4498.0,0.586
HD 129445 b,HD 129445,797.74930157,13.3,1840.0,Radial Velocity,2009,5646.0,1.175816
WASP-141 b,WASP-141,854.9627,13.56289,3.310651,Transit,2016,5900.0,1.37
TrES-2 b,TrES-2,473.5667,15.24424,2.47063,Transit,2006,5850.0,1.12
HD 108863 b,HD 108863,767.24162,13.3,437.7,Radial Velocity,2011,4878.0,5.74
Kepler-1586 b,Kepler-1586,2.92,1.52,15.6049212,Transit,2016,6681.0,1.75
HD 109749 b,HD 109749,85.8141,11.1,5.239891,Radial Velocity,2005,5824.0,1.22
Kepler-1355 b,Kepler-1355,2.73,1.46,1.289588112,Transit,2016,5352.0,0.83
TOI-2015 c,TOI-2015,8.91,2.93,5.582796,Transit Timing Variations,2025,3297.0,0.3273
Kepler-1747 b,Kepler-1747,16.8,4.26508,6.230319977,Transit,2021,5477.0,0.865
Kepler-411 d,Kepler-411,15.2,3.319,58.02035,Transit,2018,4974.0,0.82
Kepler-909 b,Kepler-909,2.76,1.47,13.93290318,Transit,2016,6154.0,1.23
Kepler-169 b,Kepler-169,1.51,1.13,3.250619,Transit,2014,4997.0,0.763
Kepler-1557 b,Kepler-1557,2.96,1.53,3.74032496,Transit,2016,6099.0,1.17
Kepler-30 b,Kepler-30,11.3,3.9,29.33434,Transit,2012,5498.0,0.95
TOI-4156 c,TOI-4156,8.87,2.92303762,12.82282706375,Transit,2026,5971.64,1.03963
HD 87816 c,HD 87816,3877.5065654,12.4,7596.0,Radial Velocity,2025,4989.0,9.0
Kepler-1710 b,Kepler-1710,3.49494179,3.19744103,14.91110039,Transit,2021,5650.0,0.899
Kepler-842 b,Kepler-842,3.19,1.6,1.21956827,Transit,2016,4848.0,0.73
Kepler-185 c,Kepler-185,4.74,2.02,20.729042,Transit,2014,5208.0,0.806
HD 168009 b,HD 168009,9.53485221,3.05,15.1479,Radial Velocity,2021,5778.33,1.209505
MOA-2022-BLG-563L b,MOA-2022-BLG-563L,127.1313628,14.0,,Microlensing,2024,,
Kepler-245 d,Kepler-245,21.6,3.03,36.277108,Transit,2014,5100.0,0.795
Kepler-81 c,Kepler-81,4.3,2.37,12.04,Transit,2012,4385.0,0.59
HIP 105854 b,HIP 105854,2606.1,12.6,184.2,Radial Velocity,2014,4780.0,10.305119
Kepler-1001 c,Kepler-1001,3.11,1.57799279,9.18186,Transit,2020,5376.0,0.836475
Kepler-763 b,Kepler-763,1.98,1.22,1.19655156,Transit,2016,5166.0,0.8
Kepler-738 b,Kepler-738,6.8,2.5,24.58721573,Transit,2016,5327.0,0.82
EPIC 211945201 b,EPIC 211945201,11.0,5.76,19.49221,Transit,2018,6069.0,1.39
TOI-2796 b,TOI-2796,139.84449908,17.26183028,4.8084983,Transit,2023,5764.0,1.069
HD 6860 b,HD 6860,8981.83078182,11.9,663.87,Radial Velocity,2023,3802.0,86.4
HD 86081 b,HD 86081,470.3884,13.6,2.1378431,Radial Velocity,2006,5939.0,1.46
Kepler-317 c,Kepler-317,3.61,1.72,8.77501,Transit,2014,5497.0,0.941
HD 34445 b,HD 34445,260.6206,13.9,1049.0,Radial Velocity,2009,5879.0,1.38
OGLE-2018-BLG-0383L b,OGLE-2018-BLG-0383L,6.4,2.41,,Microlensing,2022,,
K2-37 d,K2-37,12.5,2.31,14.09229,Transit,2016,5352.0,0.809
NGTS-31 b,NGTS-31,355.96781584,18.04645893,4.162734,Transit,2025,5710.0,1.7
Kepler-1498 b,Kepler-1498,2.33,1.33,48.051405,Transit,2016,5256.0,0.81
HIP 18606 b,HIP 18606,244.72787339,14.0,674.94,Radial Velocity,2025,4860.0,4.83
Kepler-256 b,Kepler-256,3.15,1.59,1.620493,Transit,2014,5551.0,1.301
TOI-3984 A b,TOI-3984 A,44.0,7.9,4.353326,Transit,2023,3476.0,0.47
Kepler-801 b,Kepler-801,4.66,2.0,11.41928253,Transit,2016,4435.0,0.63
TOI-2525 c,TOI-2525,208.8132634,10.13291855,49.2519,Transit,2023,5096.0,0.785
KIC 3526061 b,KIC 3526061,5768.58558705,12.1,3552.0,Radial Velocity,2022,4829.0,5.86
Kepler-167 c,Kepler-167,3.44,1.674,7.406106,Transit,2014,4884.0,0.749
TOI-1248 b,TOI-1248,27.4,6.8084859,4.3601561,Transit,2024,5205.0,0.8686
HD 23079 b,HD 23079,845.42356262,13.2,735.74,Radial Velocity,2001,5994.0,1.08
K2-381 b,K2-381,1.26,1.075,7.9389334,Transit,2022,4473.0,0.675
WASP-110 b,WASP-110,154.78243421,13.19297028,3.7784022,Transit,2021,5392.0,0.853
HD 11964 c,HD 11964,25.0,5.38,37.91,Radial Velocity,2008,5303.0,2.00971
Kepler-219 d,Kepler-219,19.1,2.81,47.903645,Transit,2014,5786.0,1.491
Kepler-962 b,Kepler-962,4.54,1.97,12.05707239,Transit,2016,5478.0,0.86
OGLE-2018-BLG-1126L b,OGLE-2018-BLG-1126L,17.79839079,4.41,,Microlensing,2022,,
Kepler-1663 b,Kepler-1663,10.9,3.30395896,17.6046,Transit,2020,3844.0,0.62859
TIC 52059926 b,TIC 52059926,5380.0,10.71,175.532,Transit,2026,4505.0,0.72
Kepler-1998 b,Kepler-1998,0.156,0.6,3.03267135,Transit,2023,5640.0,0.921
Kepler-921 b,Kepler-921,8.6,2.87,51.300634,Transit,2016,5663.0,0.91
Kepler-1137 b,Kepler-1137,5.48,2.2,23.9210791,Transit,2016,6807.0,1.84
KMT-2021-BLG-0171L b,KMT-2021-BLG-0171L,11.2,3.35,,Microlensing,2022,5200.0,
HD 224538 b,HD 224538,2075.73732612,12.7,1202.05199,Radial Velocity,2016,6097.0,1.54
K2-63 c,K2-63,14.5,3.9,25.4556,Transit,2016,6771.0,1.63
KOI-4978 b,KOI-4978,0.271,0.7,0.941967,Transit,2024,5050.28,0.966
TOI-3364 b,TOI-3364,530.77343969,12.22899794,5.8768918,Transit,2023,5706.0,1.419
Kepler-569 b,Kepler-569,10.1,3.16,34.18890521,Transit,2016,5616.0,0.93
Kepler-1539 b,Kepler-1539,7.75,2.7,133.3036741,Transit,2016,5176.0,0.8
HIP 4845 b,HIP 4845,14.4,3.89,34.15,Radial Velocity,2020,4010.0,0.603999
KMT-2021-BLG-0240L b,KMT-2021-BLG-0240L,66.74396547,9.6,,Microlensing,2022,,
Kepler-1482 b,Kepler-1482,1.01,1.01,12.25383217,Transit,2016,5381.0,0.84
HATS-53 b,HATS-53,189.10885,15.02006,3.8537768,Transit,2017,5644.0,1.101
TOI-5422 b,TOI-5422,8899.195396,9.10169233,5.377219,Transit,2026,5820.0,1.474
Kepler-117 b,Kepler-117,29.875,8.059,18.7959228,Transit,2014,6150.0,1.606
Kepler-1676 b,Kepler-1676,11.3,3.3769596,29.9221,Transit,2020,5878.3,1.06066
LHS 1678 d,LHS 1678,0.907,0.981,4.9652229,Transit,2024,3490.0,0.329
Kepler-289 c,Kepler-289,157.18,11.23,125.8723,Transit,2014,5990.0,1.0
WASP-161 b,WASP-161,791.3967,12.811887,5.4060425,Transit,2018,6400.0,1.712
Kepler-449 c,Kepler-449,8.07,2.764,33.6727,Transit,2015,5649.18,1.467
Kepler-169 e,Kepler-169,5.48,2.2,13.767102,Transit,2014,4997.0,0.763
KMT-2018-BLG-0030L b,KMT-2018-BLG-0030L,460.85119015,13.6,,Microlensing,2022,,
HD 86950 b,HD 86950,1144.188,13.0,1270.0,Radial Velocity,2016,4805.0,8.8
HD 127506 b,HD 127506,27.333243,5.67,65.78395,Radial Velocity,2022,4595.32,0.735766
TOI-1347 c,TOI-1347,6.4,1.6,4.841962,Transit,2024,5464.0,0.83
Kepler-54 c,Kepler-54,0.7,1.23,12.0717249,Transit,2012,3705.0,0.5
Kepler-1150 b,Kepler-1150,1.04,1.02,2.787868386,Transit,2016,4754.0,0.72
Kepler-390 c,Kepler-390,0.418,0.79,13.060022,Transit,2014,5166.0,0.776
Kepler-1092 b,Kepler-1092,4.94,2.07,58.6017925,Transit,2016,5862.0,1.0
Kepler-259 c,Kepler-259,7.75,2.7,36.924931,Transit,2014,5938.0,0.898
Kepler-1765 b,Kepler-1765,6.78,2.49508857,10.41889954,Transit,2021,5692.0,1.064
Kepler-138 b,Kepler-138,0.07,0.64,10.3134,Transit,2014,3841.0,0.535
HD 219415 b,HD 219415,317.83,13.8,2093.3,Radial Velocity,2012,4820.0,2.9
K2-285 d,K2-285,6.5,2.48,10.45582,Transit,2018,4975.0,0.787
HD 140901 c,HD 140901,572.0911326,13.4,14386.0,Radial Velocity,2022,5610.0,0.95
Kepler-1536 b,Kepler-1536,10.0,3.14,364.758031,Transit,2016,4434.0,0.67
TOI-1824 b,TOI-1824,16.0,2.7438269,22.808533,Transit,2024,5165.0,0.8123
Kepler-509 b,Kepler-509,6.76,2.49,41.74600392,Transit,2016,6060.0,1.2
Kepler-431 b,Kepler-431,0.37,0.764,6.803,Transit,2015,6004.0,1.092
GJ 649 b,GJ 649,81.99972901,10.8,600.1,Radial Velocity,2009,3734.0,0.5
DMPP-4 b,DMPP-4,12.2,3.53,3.4982,Radial Velocity,2023,6400.0,1.38
Kepler-184 d,Kepler-184,6.76,2.49,29.022358,Transit,2014,5788.0,0.873
Kepler-813 b,Kepler-813,5.22,2.14,19.12947337,Transit,2016,5743.0,0.93
Kepler-1140 b,Kepler-1140,8.1,2.77,24.0862707,Transit,2016,4850.0,0.73
TOI-1799 b,TOI-1799,4.0,1.642,7.094570865,Transit,2024,5690.0,0.957
K2-65 b,K2-65,3.12,1.58,12.6475,Transit,2016,5213.0,0.84
Kepler-104 d,Kepler-104,5.54022107,3.58,51.755394,Transit,2014,5711.0,1.349
K2-72 d,K2-72,1.01,1.01,7.760178,Transit,2016,3360.47,0.330989
Kepler-11 g,Kepler-11,25.0,3.33,118.3807,Transit,2010,5663.0,1.065
HD 148164 b,HD 148164,390.9309,13.7,328.55,Radial Velocity,2018,6032.0,1.34
TOI-1269 c,TOI-1269,5.6,2.22999162,9.23786144195,Transit,2026,5554.02,0.848906
Kepler-402 b,Kepler-402,1.98,1.22,4.028751,Transit,2014,6090.0,1.264
K2-184 b,K2-184,2.76,1.47,16.9780102,Transit,2018,5245.0,0.75
Kepler-372 d,Kepler-372,3.5,1.69,30.092568,Transit,2014,6509.0,1.137
2MASS J11550485-7919108 b,2MASS J11550485-7919108,6356.56814,12.1,,Imaging,2024,3021.0,0.600455
HD 25723 b,HD 25723,794.5710175,13.3,457.01,Radial Velocity,2020,4766.0,13.76
TOI-7155 b,TOI-7155,6.38,2.40821473,3.89489711981,Transit,2026,4673.03,0.670748
TOI-941 b,TOI-941,34.6,6.51165317,8.51460888787,Transit,2026,5745.88,1.1849
Kepler-1499 b,Kepler-1499,1.81,1.19,44.2008,Transit,2016,5097.0,0.78
HD 187123 b,HD 187123,166.218,14.2,3.0965828,Radial Velocity,1998,5790.0,1.15043
Kepler-1073 b,Kepler-1073,5.9,2.3,8.67888593,Transit,2016,5792.0,1.0
HD 1666 b,HD 1666,2040.0,12.7,270.0,Radial Velocity,2015,6317.0,1.93
OGLE-TR-10 b,OGLE-TR-10,197.046,14.011,3.101278,Transit,2004,5950.0,1.17
Kepler-436 b,Kepler-436,7.9,2.73,64.00205,Transit,2015,4651.0,0.697
Kepler-84 b,Kepler-84,40.0,2.23,8.726,Transit,2012,6039.0,1.43
MOA-2010-BLG-328L b,MOA-2010-BLG-328L,9.2,2.99,,Microlensing,2013,,
8 UMi b,8 UMi,524.41687155,13.5,93.31,Radial Velocity,2015,4847.0,10.73
Kepler-1093 b,Kepler-1093,4.46,1.95,25.0824626,Transit,2016,6166.0,1.2
KOI-351 e,KOI-351,7.56,2.66,91.93913,Transit,2013,6080.0,1.2
Kepler-778 b,Kepler-778,3.46,1.68,3.75574426,Transit,2016,5102.0,0.77
HD 101581 b,HIP 56998,0.827,0.956,4.46569,Transit,2025,4675.0,0.63
TOI-1883 b,TOI-1883,13.7,5.65,4.508,Transit,2024,3554.0,0.506
Kepler-1522 b,Kepler-1522,3.64,1.73,1.847889171,Transit,2016,5706.0,0.93
Kepler-1245 b,Kepler-1245,2.67,1.44,4.35409304,Transit,2016,5306.0,0.83
SWEEPS-11 b,SWEEPS-11,3082.82,12.666,1.796,Transit,2006,,1.45
HD 159868 b,HD 159868,704.94694,13.3,1184.1,Radial Velocity,2006,5534.0,2.13
OGLE-2018-BLG-0799L b,OGLE-2018-BLG-0799L,82.63538582,10.9,,Microlensing,2022,,
K2-220 b,K2-220,6.21,2.37,13.68186,Transit,2018,5612.0,1.026
Kepler-154 f,Kepler-154,2.86,1.5,9.91935684,Transit,2016,5769.0,0.98
Kepler-1938 b,Kepler-1938,4.0,1.82828927,13.06260014,Transit,2021,4522.0,0.655
TOI-2322 c,TOI-2322,18.1,1.874,20.225528,Transit,2025,4664.0,0.662
WASP-68 b,WASP-68,343.2564,14.79588,5.0843,Transit,2014,5910.0,1.79
Kepler-658 b,Kepler-658,3.29,1.63,1.287076762,Transit,2016,4103.0,0.6
HD 76700 b,HD 76700,66.7443,9.6,3.97097,Radial Velocity,2002,5644.0,1.37
Kepler-227 b,Kepler-227,9.85,3.11,9.488015,Transit,2014,5854.0,1.091
Kepler-260 b,Kepler-260,4.7,2.01,8.187399,Transit,2014,5250.0,0.862
Kepler-1089 b,Kepler-1089,4.01,1.83,5.132485618,Transit,2016,3753.0,0.49
HD 235088 b,HD 235088,4.15,1.982,7.4341325,Transit,2023,5075.0,0.772
NGTS-34 b,NGTS-34,19.1,3.65,43.12655,Transit,2025,6134.0,1.367
K2-138 f,K2-138,1.63,2.904,12.75758,Transit,2017,5356.3,0.863
TOI-1683.01,TOI-1683,7.45,2.6382,3.0575356,Transit,2024,4402.0,0.7
Kepler-18 c,Kepler-18,17.3,5.49,7.64159,Transit,2011,5345.0,1.108
Kepler-831 b,Kepler-831,2.15,1.27,5.62153941,Transit,2016,5732.0,0.97
Kepler-221 c,Kepler-221,9.3,2.93,5.690586,Transit,2014,5243.0,0.821
KMT-2021-BLG-1253L b,KMT-2021-BLG-1253L,19.05,4.59,,Microlensing,2022,,
K2-257 b,K2-257,0.498,0.83,1.60588,Transit,2018,3725.0,0.5
Kepler-27 d,Kepler-27,7.78,2.7061946,6.546289921,Transit,2021,5251.0,0.817
BD+55 362 b,BD+55 362,228.83645304,14.0,265.59,Radial Velocity,2021,5012.0,0.896193
TOI-270 c,TOI-270,6.2,2.33,5.66051,Transit,2019,3506.0,0.38
Kepler-412 b,Kepler-412,299.07803,15.031269,1.7208604,Transit,2014,5750.0,1.287
TOI-2158 b,TOI-2158,260.61929374,10.76062147,8.60077,Transit,2022,5673.0,1.41
Kepler-651 b,Kepler-651,6.21,2.37,21.38521506,Transit,2016,5522.0,0.87
HD 151450 b,HD 151450,38.45723725,6.94,21.89288,Radial Velocity,2022,6091.98,1.17184
HD 134987 b,HD 134987,511.7063,13.5,258.17999,Radial Velocity,1999,5736.0,1.22
CoRoT-8 b,CoRoT-8,69.92,6.39,6.21229,Transit,2010,5080.0,0.77
K2-411 b,K2-411,0.937,0.9898,3.2141,Transit,2022,5711.0,1.375
TOI-6281 b,TOI-6281,4.36,1.92416074,1.05426244177,Transit,2026,4533.23,0.874219
HD 3167 e,HD 3167,14.9,3.97,91.9,Radial Velocity,2022,5338.0,0.871
Kepler-1381 b,Kepler-1381,5.69,2.25,25.3842686,Transit,2016,5747.0,0.94
Kepler-1325 b,Kepler-1325,8.55,2.86,33.8786838,Transit,2016,5550.0,0.91
COCONUTS-2 b,COCONUTS-2 A,2383.7130525,12.57647635,402000000.0,Imaging,2021,3552.0,0.366
Kepler-703 b,Kepler-703,51.1,8.2,4.583521756,Transit,2016,6185.0,1.27
Kepler-616 c,Kepler-616,11.5,3.41,90.4113556,Transit,2016,5753.0,0.97
TOI-1533 c,TOI-1533,36.6,7.5,8.0637926,Transit,2026,5146.0,0.849
TOI-1408 b,TOI-1408,593.0,25.0,4.42587,Transit,2023,6117.0,1.53
HAT-P-32 b,HAT-P-32,216.1244,22.19382,2.1500082,Transit,2011,6001.0,1.367
OGLE-2006-BLG-284L A b,OGLE-2006-BLG-284L A,144.0,14.3,,Microlensing,2020,,
TOI-5502 b,TOI-5502,15.9,4.1287378,11.62592988285,Transit,2026,6088.71,1.32375
HIP 91258 b,HIP 91258,346.4347,13.7,5.0505,Radial Velocity,2013,5519.0,0.89
CD Cet b,CD Cet,3.95,1.82,2.2907,Radial Velocity,2020,3130.0,0.175
K2-22 b,K2-22,444.962,2.3,0.381073,Transit,2015,3879.0,0.58
Kepler-1322 b,Kepler-1322,3.22,1.61,0.962867382,Transit,2016,5488.0,0.87
HAT-P-16 b,HAT-P-16,1341.56043,14.68376472,2.77596727,Transit,2010,6140.0,1.158
Kepler-1999 b,Kepler-1999,10.8,3.29,8.7396758,Transit,2023,4406.0,0.628
Kepler-1285 b,Kepler-1285,0.871,0.97,14.7967458,Transit,2016,6170.0,1.28
TOI-3688 A b,TOI-3688 A,311.47183886,13.08088048,3.246075,Transit,2023,5950.0,1.302
HD 5278 c,HD 5278,18.4,4.49,40.87,Radial Velocity,2021,6203.0,1.194
Kepler-1592 b,Kepler-1592,2.99,1.54,3.05710069,Transit,2016,6213.0,1.28
HD 12484 b,HD 12484,947.1334,13.2,58.83,Radial Velocity,2016,5920.0,1.001848
Kepler-1003 b,Kepler-1003,3.82,1.78,3.554856915,Transit,2016,6109.0,1.17
Kepler-213 b,Kepler-213,3.26,1.62,2.46236,Transit,2014,5696.0,1.195
Kepler-305 b,Kepler-305,10.5,3.6,5.487,Transit,2013,5080.0,0.8
GJ 536 b,GJ 536,6.37,2.41,8.70874,Radial Velocity,2016,3641.0,0.529
Kepler-361 c,Kepler-361,6.9,2.52,55.188023,Transit,2014,6169.0,1.343
Kepler-1778 b,Kepler-1778,9.36,3.01665969,10.08740044,Transit,2021,6310.0,1.095
Kepler-1005 b,Kepler-1005,2.86,1.5,6.49801525,Transit,2016,5782.0,1.06
Kepler-346 b,Kepler-346,7.56,2.66,6.511127,Transit,2014,6033.0,1.021
TOI-5728 b,TOI-5728,2.27,1.31,11.49761,Transit,2025,3419.0,0.37
Kepler-421 b,Kepler-421,16.1,4.16,704.1984,Transit,2014,5308.0,0.757
Kepler-688 b,Kepler-688,68.7,9.76,3.895936844,Transit,2016,5715.0,0.96
Kepler-123 c,Kepler-123,2.79,1.48,26.695074,Transit,2014,6089.0,1.264
Kepler-614 b,Kepler-614,6.3,2.39,14.03491514,Transit,2016,5268.0,0.81
Kepler-1079 b,Kepler-1079,3.29,1.63,13.24503188,Transit,2016,5758.0,1.36
Kepler-211 b,Kepler-211,2.13,1.26,4.138575,Transit,2014,5123.0,0.816
Kepler-870 b,Kepler-870,8.15,2.78,21.3587621,Transit,2016,5857.0,1.02
Kepler-257 c,Kepler-257,25.2,5.41,6.581484,Transit,2014,5180.0,1.037
Kepler-1724 b,Kepler-1724,8.43,2.83677238,6.45442009,Transit,2021,6092.0,0.943
TOI-5398 b,TOI-5398,58.7,10.3,10.590547,Transit,2022,6000.0,1.051
OGLE-2015-BLG-1670L b,OGLE-2015-BLG-1670L,17.9,4.42,,Microlensing,2019,,
TOI-5515 b,TOI-5515,7.53,2.65362762,8.59225810839,Transit,2026,5483.65,0.835682
K2-348 b,K2-348,10.7,3.26,4.688418,Transit,2021,5077.0,0.85
TOI-640 b,TOI-640,181.16219199,19.2794468,5.003777,Transit,2021,6460.0,2.082
Kepler-187 b,Kepler-187,2.57,1.41,4.938864,Transit,2014,6105.0,1.287
KMT-2019-BLG-0414L b,KMT-2019-BLG-0414L,1452.47581999,12.9,,Microlensing,2022,,
HIP 66074 b,HIP 66074,1589.142035,12.9,310.9,Astrometry,2023,4300.0,0.69
HD 147018 b,HD 147018,674.0,13.4,44.236,Radial Velocity,2009,5441.0,0.937948
HD 216520 b,HD 216520,10.26,3.18,35.45,Radial Velocity,2020,5103.0,0.76
Kepler-573 b,Kepler-573,8.2,2.79,22.18329658,Transit,2016,5746.0,1.02
Kepler-975 b,Kepler-975,2.79,1.48,1.970342457,Transit,2016,4897.0,0.75
Kepler-520 c,Kepler-520,1.24,1.07,5.21104261,Transit,2016,6112.0,1.09
Kepler-476 b,Kepler-476,9.69,3.08,14.00640607,Transit,2016,5837.0,1.09
Kepler-1073 c,Kepler-1073,3.33,1.64,4.02582254,Transit,2016,5792.0,1.0
Kepler-684 b,Kepler-684,11.2,3.36,6.770302008,Transit,2016,5493.0,0.86
Kepler-351 b,Kepler-351,4.8,3.06,37.054919,Transit,2014,5643.0,0.854
Kepler-1295 b,Kepler-1295,3.02,1.55,3.81371974,Transit,2016,5486.0,0.89
KMT-2023-BLG-0466L b,KMT-2023-BLG-0466L,1032.94232275,13.1,,Microlensing,2026,,
HD 158259 e,HD 158259,6.08,2.34,7.951,Radial Velocity,2020,5801.89,1.21
HATS-54 b,HATS-54,239.32479047,11.37711541,2.5441765,Transit,2019,5621.0,1.23
WASP-159 b,WASP-159,174.8065,15.46842,3.840401,Transit,2018,6120.0,2.11
K2-26 b,K2-26,7.61,2.67,14.5665,Transit,2016,3785.0,0.52
TIC 9344899 b,TIC 9344899,6170.0,9.16,8.5821566,Transit,2026,5800.0,1.06
Kepler-118 b,Kepler-118,4.5,1.96,7.518496,Transit,2014,5274.0,1.094
GJ 357 b,GJ 357,1.83,1.2,3.9306,Transit,2019,3505.0,0.337
BD-210397 b,BD-210397,214.0,14.0,1891.0,Radial Velocity,2023,4051.0,0.747
LHS 1903 d,LHS 1903,5.96,2.5,12.566287,Transit,2026,3664.0,0.539
CoRoT-24 b,CoRoT-24,5.7,3.7,5.1134,Transit,2014,4950.0,0.86
HIP 948 b,HIP 948,6547.2651842,12.1,24955.45756,Radial Velocity,2022,4497.0,0.688488
KMT-2023-BLG-1743L b,KMT-2023-BLG-1743L,6356.56814,12.1,,Microlensing,2024,,
Kepler-1062 b,Kepler-1062,3.75,1.76,9.30412078,Transit,2016,4597.0,0.7
K2-167 b,K2-167,6.5,2.36509493,9.978541,Transit,2018,6310.0,1.499
Kepler-495 b,Kepler-495,23.8,5.23,3.413036221,Transit,2016,5346.0,0.83
Kepler-1151 b,Kepler-1151,5.56,2.22,65.6478424,Transit,2016,5470.0,0.85
Kepler-574 b,Kepler-574,6.3,2.39,7.65880414,Transit,2016,5612.0,0.91
TOI-3819 b,TOI-3819,352.78953177,13.13692538,3.2443141,Transit,2023,5859.0,1.538
Kepler-1162 b,Kepler-1162,5.52,2.21,32.5637069,Transit,2016,5390.0,0.84
GJ 414 A c,GJ 414 A,53.83,8.4,749.83,Radial Velocity,2021,4120.0,0.68
Kepler-401 b,Kepler-401,3.57,1.71,14.383035,Transit,2014,6117.0,1.333
Kepler-37 e,Kepler-37,8.1,0.37,51.196,Transit Timing Variations,2014,5288.0,0.772
HD 28185 c,HD 28185,1906.970442,12.8,9090.0,Radial Velocity,2022,5602.0,1.048
HAT-P-19 b,HAT-P-19,88.03846874,11.29865255,4.00878322,Transit,2010,4962.0,0.773
TOI-1634 b,TOI-1634,4.9,1.759,0.98934551,Transit,2021,3550.0,0.45
HD 19994 b,HD 19994,435.41,13.6,466.2,Radial Velocity,2003,6188.0,1.79647
Kepler-82 b,Kepler-82,12.15,4.07,26.44,Transit,2012,5401.0,0.898
Kepler-446 c,Kepler-446,1.41,1.11,3.036179,Transit,2015,3359.0,0.24
KOI-1257 b,KOI-1257,460.83,10.54,86.647661,Transit,2014,5520.0,1.13
Kepler-138 e,Kepler-138,0.43,0.797,38.23,Transit Timing Variations,2022,3841.0,0.535
TOI-5789 c,TOI-5789,5.0,2.86,12.927748,Transit,2026,5185.0,0.833
HD 222582 b,HD 222582,2660.2371,12.6,572.38,Radial Velocity,1999,5790.0,1.13
Kepler-1650 b,Kepler-1650,0.84,0.96,1.53818001,Transit,2017,3410.0,0.334
Kepler-210 c,Kepler-210,12.8,3.62,7.972513,Transit,2014,4559.0,0.65
TOI-1269 b,TOI-1269,6.4,2.40144286,4.2529913,Transit,2024,5499.0,0.8521
Kepler-1551 b,Kepler-1551,7.56,2.66,24.4973698,Transit,2016,6136.0,1.22
K2-159 b,K2-159,5.73,2.26,12.42205,Transit,2018,5425.0,0.83
Kepler-1352 b,Kepler-1352,0.64,0.89,1.877882748,Transit,2016,6118.0,1.16
TOI-2236 b,TOI-2236,502.16888306,14.36991326,3.5315902,Transit,2022,6248.0,1.573
HD 132563 b,HD 132563,473.547,13.6,1544.0,Radial Velocity,2011,6289.0,1.29577
Kepler-1439 b,Kepler-1439,2.73,1.46,8.07392849,Transit,2016,3578.0,0.43
Kepler-1202 b,Kepler-1202,8.96,2.94,28.6851324,Transit,2016,5834.0,1.04
HIP 113103 b,HIP 113103,4.0,1.829,7.610303,Transit,2023,4930.0,0.742
MOA-2011-BLG-322L b,MOA-2011-BLG-322L,3690.0,12.4,,Microlensing,2013,,
HAT-P-44 c,HAT-P-44,1271.3,13.0,872.2,Radial Velocity,2014,5295.0,0.949
GJ 9827 c,GJ 9827,1.86,1.13,3.648103,Transit,2017,4236.0,0.58
K2-149 b,K2-149,3.33,1.64,11.332,Transit,2018,3745.0,0.568
Kepler-139 d,Kepler-139,2.0,1.695,7.305699922,Transit,2023,5622.0,1.045
Kepler-1474 b,Kepler-1474,5.31,2.16,36.4333452,Transit,2016,5870.0,1.04
HD 14067 b,HD 14067,4862.7746271,12.2,2744.0,Radial Velocity,2014,4815.0,12.4
Kepler-128 c,Kepler-128,3.38,1.521,22.8,Transit,2013,6072.0,1.659
Kepler-1639 b,Kepler-1639,7.18,2.58,9.878482,Transit,2016,6150.0,1.18
TOI-2580 b,TOI-2580,200.23189641,17.37392009,3.39775,Transit,2024,6120.0,1.81
Kepler-1000 b,Kepler-1000,20.3,4.76,120.0181272,Transit,2016,6453.0,1.51
HAT-P-7 b,HAT-P-7,584.8072,16.92559,2.20474,Transit,2008,6389.0,2.0
Kepler-33 b,Kepler-33,3.68,1.74,5.66793,Transit,2011,5904.0,1.82
2MASS J02192210-3925225 b,2MASS J02192210-3925225,4417.837,16.14096,,Imaging,2015,3064.0,0.281
TOI-2084 b,TOI-2084,6.66,2.47,6.0784247,Transit,2023,3551.0,0.475
Kepler-1602 b,Kepler-1602,2.36,1.34,11.17931605,Transit,2016,6296.0,1.36
LHS 1140 c,LHS 1140,1.91,1.272,3.77794,Transit,2018,3096.0,0.2159
K2-222 b,K2-222,7.5,2.275,15.3889274,Transit,2018,5942.0,1.072
KMT-2021-BLG-1372L b,KMT-2021-BLG-1372L,61.27,9.12,,Microlensing,2022,,
K2-72 e,K2-72,2.21,1.29,24.158868,Transit,2016,3360.47,0.330989
HD 25171 b,HD 25171,290.81445,13.9,1802.29,Radial Velocity,2010,6125.0,1.23
K2-195 b,K2-195,9.96,3.13,15.852975,Transit,2018,5713.0,0.99
TOI-2458 b,TOI-2458,13.31,2.83,3.73659,Transit,2024,6005.0,1.31
K2-146 b,K2-146,5.77,2.05,2.6446,Transit,2018,3385.0,0.33
Kepler-644 b,Kepler-644,10.1,3.15,3.173917103,Transit,2016,6747.0,1.81
Kepler-120 c,Kepler-120,2.96,1.53,12.794585,Transit,2014,4096.0,0.534
K2-172 b,K2-172,3.42,1.66608079,14.316941,Transit,2018,5569.0,0.868889
TIC 365102760 b,TIC 365102760,19.2,6.21,4.21285367,Transit,2024,4900.0,3.13
Kepler-1153 b,Kepler-1153,3.64,1.73,1.755835327,Transit,2016,5470.0,0.88
TOI-5292 A b,TOI-5292 A,412.85910069,12.64373023,2.02191,Transit,2026,3919.0,0.611
Kepler-1738 b,Kepler-1738,8.37,2.82472883,7.674630165,Transit,2021,6063.0,1.001
WASP-7 b,WASP-7,305.1168,14.90797,4.9546416,Transit,2008,6400.0,1.432
K2-283 b,K2-283,12.2,3.52,1.921036,Transit,2018,5060.0,0.82
Kepler-226 d,Kepler-226,1.98,1.22,8.109044,Transit,2014,5571.0,0.802
Kepler-327 b,Kepler-327,1.41,1.11,2.549575,Transit,2014,3799.0,0.492
TOI-1347 b,TOI-1347,11.1,1.8,0.84742346,Transit,2024,5464.0,0.83
OGLE-2023-BLG-0836L b,OGLE-2023-BLG-0836L,1385.73185452,12.9,,Microlensing,2024,,
HD 10975 b,HD 10975,143.02278315,14.3,283.8,Radial Velocity,2021,4840.0,11.16
TOI-1173 b,TOI-1173,27.4,9.19,7.06466,Transit,2024,5350.0,0.934
HIP 41378 c,HIP 41378,5.97,2.74,31.70591,Transit,2016,6290.0,1.3
Kepler-109 b,Kepler-109,4.9,2.49,6.4816307,Transit,2014,5950.0,1.387
KMT-2021-BLG-2010L b,KMT-2021-BLG-2010L,340.07639549,13.8,,Microlensing,2023,,
K2-28 b,K2-28,5.99,2.32,2.260455,Transit,2016,3214.0,0.288
TOI-500 c,TOI-500,5.03,2.09,6.6356,Radial Velocity,2022,4440.0,0.678
K2-6 b,K2-6,6.8,2.5,30.94191,Transit,2015,5850.0,0.96
Kepler-952 b,Kepler-952,45.4,7.65,130.3546919,Transit,2016,5730.0,0.99
MOA-2019-BLG-008L b,MOA-2019-BLG-008L,5720.911326,12.2,,Microlensing,2022,,
KMT-2019-BLG-0297L b,KMT-2019-BLG-0297L,6038.739733,12.1,,Microlensing,2023,,
WASP-26 b,WASP-26,270.1555,13.56289,2.7566,Transit,2010,6034.0,1.22
Kepler-334 c,Kepler-334,2.63,1.43,12.758005,Transit,2014,5828.0,1.068
Kepler-194 d,Kepler-194,6.35,2.4,52.814973,Transit,2014,6089.0,1.025
Kepler-272 c,Kepler-272,97.8,1.79,6.057342,Transit,2014,5297.0,0.929
WASP-87 b,WASP-87,692.8694,15.524465,1.682795,Transit,2016,6450.0,1.627
K2-160 b,K2-160,10.2,3.17824034,3.705871,Transit,2018,5649.0,0.913754
Kepler-92 d,Kepler-92,11.8666806,2.067,49.3568,Transit,2015,5904.34,1.81719
Kepler-945 b,Kepler-945,7.41,2.63,31.0033814,Transit,2016,5718.0,0.97
K2-90 b,K2-90,7.27,2.6,13.733314,Transit,2016,4484.0,0.619
WASP-77 A b,WASP-77 A,529.31142902,13.56,1.360029395,Transit,2012,5617.0,0.91
GJ 1061 b,GJ 1061,1.11,1.04,3.2073,Radial Velocity,2020,2953.0,0.156
Kepler-102 b,Kepler-102,1.1,0.46,5.286965,Transit,2014,4909.0,0.724
HIP 9618 b,HIP 9618,8.3,3.82838127,20.772858,Transit,2023,5649.0,0.9593
Kepler-1764 b,Kepler-1764,18.8,4.55527871,70.46829987,Transit,2021,6461.0,1.131
TOI-1722 b,TOI-1722,17.6,4.38298108,9.60523206943,Transit,2026,5999.55,1.09414
TOI-4930 b,TOI-4930,38.4,6.93277225,6.78130241498,Transit,2026,5624.72,1.15926
Kepler-634 b,Kepler-634,4.23,1.89,5.16950177,Transit,2016,6075.0,1.24
EPIC 211822797 b,EPIC 211822797,4.35,1.92,21.1701963,Transit,2016,4057.0,0.58
Kepler-681 b,Kepler-681,9.69,3.08,26.39435646,Transit,2016,5021.0,0.76
Kepler-68 b,Kepler-68,8.03,2.357,5.39875259,Transit,2013,5847.0,1.2564
Kepler-53 c,Kepler-53,36.0,3.17,38.5583038,Transit,2012,5858.0,0.89
Kepler-1652 b,Kepler-1652,3.19,1.6,38.09722,Transit,2017,3638.0,0.382
Kepler-352 b,Kepler-352,0.566,0.86,10.05537,Transit,2014,5212.0,0.781
HD 18742 b,HD 18742,1080.622,13.1,766.0,Radial Velocity,2011,4940.0,5.13
KOI-7368 b,KOI-7368,5.56,2.22,6.8430344,Transit,2022,5241.0,0.874
EPIC 201833600 c,K2-50,0.972,1.0,3.96151,Transit,2019,4326.0,0.634
TOI-2088 b,TOI-2088,37.0,3.6831179,124.72997,Transit,2024,5081.0,0.8481
GJ 238 b,GJ 238,0.126,0.566,1.7446999,Transit,2024,3485.0,0.4314
Kepler-1192 b,Kepler-1192,6.17,2.36,25.2034787,Transit,2016,5438.0,0.83
Kepler-214 b,Kepler-214,7.32,2.61,15.660544,Transit,2014,6169.0,1.352
Kepler-1354 b,Kepler-1354,9.11,2.97,76.613377,Transit,2016,6168.0,1.24
Kepler-1897 b,Kepler-1897,8.32,2.81407954,24.22030067,Transit,2021,5165.0,0.761
TOI-178 f,TOI-178,5.63,2.417,15.23335,Transit,2021,4316.0,0.662
Kepler-452 b,Kepler-452,3.29,1.63,384.843,Transit,2015,5757.0,1.11
CI Tau c,CI Tau,1144.1822652,13.0,25.2,Radial Velocity,2024,3807.0,1.880857
Kepler-259 b,Kepler-259,8.25,2.8,8.115317,Transit,2014,5938.0,0.898
HIP 98599 b,HIP 98599,2177.12458795,12.7,2656.0,Radial Velocity,2026,5978.0,1.39484
WASP-82 b,WASP-82,371.8611,18.15858,2.70579,Transit,2015,6480.0,2.1
WASP-15 b,WASP-15,171.6282,15.80469,3.7521,Transit,2009,6300.0,1.48
K2-154 b,K2-154,4.62,1.99,3.67626,Transit,2018,4097.0,0.63
Kepler-1869 c,Kepler-1869,0.33,0.74,1.716828304,Transit,2023,5808.0,0.902
Kepler-240 b,Kepler-240,2.45,1.37,4.144495,Transit,2014,4985.0,0.739
Kepler-601 b,Kepler-601,4.27,1.9,5.378868441,Transit,2016,5160.0,0.79
gam Lib b,gam Lib,357.87478628,13.7,414.88,Radial Velocity,2018,4879.0,12.38
HD 136118 b,HD 136118,4164.18778851,12.3,1187.59765,Radial Velocity,2022,6097.0,1.67754
Kepler-781 b,Kepler-781,8.7,2.89,13.2140732,Transit,2016,5162.0,0.78
Kepler-1550 b,Kepler-1550,9.38,3.02,225.582809,Transit,2016,5991.0,1.11
K2-72 b,K2-72,1.28,1.08,5.577212,Transit,2016,3360.47,0.330989
KMT-2024-BLG-0176L b,KMT-2024-BLG-0176L,241.54958932,14.0,,Microlensing,2026,,
Kepler-743 b,Kepler-743,1.92,1.21,3.179262921,Transit,2016,5486.0,0.85
NGTS-32 b,NGTS-32,181.16219199,15.91675259,3.31211,Transit,2025,5680.0,1.85
HD 155358 b,HD 155358,314.6517,13.8,194.3,Radial Velocity,2007,5905.0,1.38
TOI-5126 c,TOI-5126,14.2,3.86,17.8999,Transit,2023,6150.0,1.241
TOI-406 c,TOI-406,2.08,1.32,3.307441,Transit,2024,3392.0,0.41
Kepler-545 b,Kepler-545,7.7,2.69,13.24934059,Transit,2016,5882.0,1.07
KPS-1 b,KPS-1,346.4347,11.54527,1.706291,Transit,2018,5165.0,0.907
Kepler-916 b,Kepler-916,3.75,1.76,32.2968798,Transit,2016,5248.0,0.81
NGTS-25 b,NGTS-25,203.09235207,11.46678726,2.823093,Transit,2022,5321.0,0.86
Kepler-20 e,Kepler-20,0.76,0.821,6.0984882,Transit,2011,5495.0,0.9164
TOI-277 b,TOI-277,7.51,2.65,3.994,Transit,2022,4031.0,0.362
L 98-59 f,L 98-59,2.8,1.48,23.064,Radial Velocity,2025,3415.0,0.3155
HD 156846 b,HD 156846,3391.2461,12.4,359.51001,Radial Velocity,2007,6090.0,1.9
TOI-2025 b,TOI-2025,1144.1822652,11.89272852,8.8720982,Transit,2022,5977.0,1.459
Kepler-845 b,Kepler-845,4.82,2.04,0.927859821,Transit,2016,4913.0,0.75
Kepler-1919 b,Kepler-1919,7.38,2.62390658,37.88660049,Transit,2021,5513.0,0.818
HD 13808 b,HD 13808,11.2,3.35,14.1815,Radial Velocity,2021,5035.0,0.781
HD 192310 c,HD 192310,24.0,5.25,525.8,Radial Velocity,2011,5166.0,0.857922
K2-151 b,K2-151,2.83,1.49,3.835476,Transit,2018,3695.0,0.45
TOI-799 b,TOI-799,4.92,2.06631784,5.54519139676,Transit,2026,5662.81,0.915519
HIP 56640 b,HIP 56640,2151.69831539,12.7,2675.57603,Radial Velocity,2021,4769.0,4.93
Kepler-1878 b,Kepler-1878,8.86,2.92019781,4.445879936,Transit,2021,5918.0,0.865
TOI-2443 b,TOI-2443,4.8,2.363,15.66858,Transit,2023,4375.0,0.631
HD 219139 b,HD 219139,247.90615746,14.0,275.5,Radial Velocity,2021,4831.0,11.22
TOI-2384 b,TOI-2384,624.85064816,11.48920522,2.13570304,Transit,2024,3943.0,0.6113
Kepler-1020 b,Kepler-1020,5.82,2.28,96.9151496,Transit,2016,5227.0,0.8
Kepler-1447 b,Kepler-1447,8.75,2.9,56.6747285,Transit,2016,5722.0,0.95
TOI-1470 c,TOI-1470,7.24,2.47,18.08816,Transit,2023,3709.0,0.469
K2-178 b,K2-178,12.4,3.55790985,8.747818,Transit,2018,5525.0,0.887267
HD 74698 c,HD 74698,126.0,14.0,3449.0,Radial Velocity,2023,5783.0,1.333
KMT-2016-BLG-1397L b,KMT-2016-BLG-1397L,2200.0,12.7,,Microlensing,2018,,
K2-194 b,K2-194,12.9,3.64229858,39.721386,Transit,2018,5979.0,1.281115
Kepler-915 b,Kepler-915,2.86,1.5,4.59489604,Transit,2016,6173.0,1.38
TOI-4379 b,TOI-4379,353.74301699,16.69017226,3.25352,Transit,2024,6020.0,1.976
OGLE-2003-BLG-235L b,OGLE-2003-BLG-235L,830.0,13.2,,Microlensing,2004,,
HATS-58 A b,HATS-58 A,327.3649,12.273855,4.2180896,Transit,2019,7175.0,1.433
TIC 241249530 b,TIC 241249530,1582.78546686,13.29385111,165.7719,Transit,2024,6166.0,1.397
TOI-3261 b,TOI-3261,30.3,3.82,0.8831331,Transit,2024,5068.0,0.849
HAT-P-59 b,HAT-P-59,489.45574678,12.58768533,4.1419771,Transit,2021,5678.0,1.1038
KMT-2021-BLG-1554L b,KMT-2021-BLG-1554L,38.13940884,6.9,,Microlensing,2022,,
Kepler-910 b,Kepler-910,0.477,0.82,2.364369015,Transit,2016,6230.0,1.5
K2-268 d,K2-268,2.83,1.49,4.528598,Transit,2021,5106.0,0.78
HD 102195 b,HD 102195,130.3103,14.2,4.11377,Radial Velocity,2006,5301.0,0.82
K2-8 c,K2-8,6.39,2.41,5.06416,Transit,2016,4870.0,0.74
Kepler-849 b,Kepler-849,298.75870258,8.08167508,394.62508,Transit,2016,5950.0,1.822
Kepler-92 b,Kepler-92,64.3,3.51,13.749,Transit,2013,5883.0,1.7
HD 17674 b,HD 17674,276.5121,13.9,623.8,Radial Velocity,2017,5904.0,1.18
OGLE-2018-BLG-1367L b,OGLE-2018-BLG-1367L,301.93698665,13.8,,Microlensing,2022,,
Kepler-405 c,Kepler-405,19.6,4.66,29.726682,Transit,2014,5818.0,0.893
K2-223 b,K2-223,0.64,0.89,0.50557,Transit,2018,5859.0,1.0
Kepler-1065 c,Kepler-1065,3.19,1.6,2.37030743,Transit,2016,5635.0,0.93
KMT-2024-BLG-1209L b,KMT-2024-BLG-1209L,839.06699448,13.2,,Microlensing,2025,,
TOI-6086 b,TOI-6086,1.76,1.18,1.3888725,Transit,2024,3200.0,0.259
Kepler-46 b,Kepler-46,1907.0,9.057,33.60134,Transit,2012,5155.0,0.938
HIP 38594 c,HIP 38594,48.4,7.94,3477.768,Radial Velocity,2020,4086.3,0.626646
TOI-3071 b,TOI-3071,68.2,7.16,1.266938,Transit,2024,6177.0,1.31
HD 178911 B b,HD 178911 B,2552.1749,12.6,71.484,Radial Velocity,2001,5588.0,1.08
Kepler-145 c,Kepler-145,79.4,4.32,42.882,Transit,2013,6022.0,1.85
GJ 682 c,GJ 682,8.7,2.89,57.32,Radial Velocity,2014,3028.0,0.298255
Kepler-144 b,Kepler-144,2.33,1.33,5.885273,Transit,2014,6075.0,1.235
Kepler-251 e,Kepler-251,8.1,2.77,99.640161,Transit,2014,5526.0,0.89
TOI-406.01,TOI-406,6.57,2.08,13.175682,Transit,2024,3392.0,0.41
HD 216437 b,HD 216437,1334.8793094,13.0,1359.0,Radial Velocity,2002,5909.0,1.394
Kepler-196 d,Kepler-196,7.56,2.66065673,122.0800018,Transit,2021,5132.0,0.77
HIP 65 A b,HIP 65 A,1021.18779,22.75427,0.9809734,Transit,2020,4590.0,0.7242
Kepler-549 d,Kepler-549,16.4,4.2,24.61480613,Transit,2023,5312.0,0.986
Kepler-235 e,Kepler-235,5.56,2.22,46.183669,Transit,2014,4255.0,0.554
Kepler-1013 b,Kepler-1013,5.27,2.15,18.93054959,Transit,2016,4954.0,0.76
Kepler-451 d,2MASS J19383260+4603591,559.37799632,13.5,43.0,Eclipse Timing Variations,2022,29564.0,0.203
TOI-5789 e,TOI-5789,11.61,3.43,62.98,Radial Velocity,2026,5185.0,0.833
Kepler-405 b,Kepler-405,4.98,2.08,10.613839,Transit,2014,5818.0,0.893
Kepler-1883 b,Kepler-1883,10.6,3.25107395,103.427002,Transit,2021,6208.0,1.024
Kepler-313 b,Kepler-313,6.94,2.53,14.970418,Transit,2014,5727.0,1.536
HD 210702 b,HD 210702,481.5100366,13.6,355.5,Radial Velocity,2007,4912.0,4.54
Kepler-1421 b,Kepler-1421,0.749,0.93,6.9131112,Transit,2016,6335.0,1.42
Kepler-1660 AB b,Kepler-1660 A,1586.59940774,12.9,239.5044,Eclipse Timing Variations,2023,6305.24,1.491
WISEP J121756.91+162640.2 A b,WISEP J121756.91+162640.2 A,6992.0,10.468,,Imaging,2012,575.0,0.091
HD 36384 b,HD 36384,2097.6674862,12.7,490.0,Radial Velocity,2023,3940.0,38.4
TIC 139270665 b,TIC 139270665,147.15455244,7.22979255,23.624,Transit,2024,5844.0,1.016
Kepler-1372 b,Kepler-1372,2.15,1.27,1.311555568,Transit,2016,5677.0,0.97
Kepler-84 f,Kepler-84,5.48,2.2,44.552169,Transit,2014,6031.0,1.169
Kepler-205 c,Kepler-205,3.33,1.64,20.306546,Transit,2014,4321.0,0.546
Kepler-1507 b,Kepler-1507,0.52,0.84,16.0506213,Transit,2016,5410.0,0.85
Kepler-702 b,Kepler-702,61.8,9.17,10.526294063,Transit,2016,5419.0,0.86
K2-417 b,K2-417,699.2224954,3.31,6.535,Transit,2023,3861.0,0.5776
K2-332 b,K2-332,5.48,2.2,17.70632,Transit,2021,3315.0,0.28
Kepler-186 c,Kepler-186,2.1,1.25,7.267302,Transit,2014,3788.0,0.472
TOI-1794 b,TOI-1794,8.7,3.29701268,8.765528,Transit,2024,5631.0,1.3162
Kepler-339 b,Kepler-339,2.6,1.42,4.977656,Transit,2014,5631.0,0.802
K2-228 b,K2-228,1.92,1.21,2.69828,Transit,2018,4715.0,0.65
Kepler-1805 b,Kepler-1805,3.0,1.54502915,8.847940445,Transit,2021,3867.0,0.552
HD 158259 f,HD 158259,6.14,2.35,12.028,Radial Velocity,2020,5801.89,1.21
TOI-261.01,TOI-261,9.51,3.0449863,3.3639254,Transit,2021,5890.3,1.28018
TOI-1201 b,TOI-1201,6.28,2.415,2.4919863,Transit,2021,3476.0,0.508
TOI-421 b,TOI-421,6.7,2.64,5.197576,Transit,2020,5291.0,0.866
K2-286 b,K2-286,5.06,2.1,27.359,Transit,2018,3926.0,0.62
Kepler-370 b,Kepler-370,3.15,1.59,4.57953,Transit,2014,5852.0,0.9
TOI-125 b,TOI-125,9.5,2.726,4.65382,Transit,2019,5320.0,0.848
TOI-559 b,TOI-559,1910.14872607,12.22899794,6.9839095,Transit,2021,5925.0,1.233
Kepler-224 c,Kepler-224,9.91,3.12,5.925003,Transit,2014,5018.0,0.676
K2-389 c,K2-389,4.82,2.04,20.851337,Transit,2022,5782.0,1.084
Kepler-956 b,Kepler-956,9.27,3.0,5.248672631,Transit,2016,6040.0,1.15
Kepler-1052 b,Kepler-1052,8.91,2.93,34.8538276,Transit,2016,5888.0,1.03
Kepler-1405 b,Kepler-1405,14.9,3.96,28.2274184,Transit,2016,5925.0,1.07
GJ 806 b,GJ 806,1.9,1.331,0.9263237,Transit,2023,3600.0,0.4144
HATS-63 b,HATS-63,305.1168,13.529263,3.0566527,Transit,2018,5627.0,1.07
K2-414 b,K2-414,1.98,1.219,4.3696,Transit,2022,4343.0,0.732
TOI-5795 b,TOI-5795,23.66,5.62,6.1406325,Transit,2025,5715.0,1.082
TOI-1052 b,TOI-1052,16.9,2.87,9.139703,Transit,2023,6146.0,1.264
TOI-1174 b,TOI-1174,32.0,2.562,8.953487683,Transit,2024,5030.0,0.76
K2-196 b,K2-196,12.6,3.59970536,48.324222,Transit,2018,6045.0,1.538801
HD 200964 c,HD 200964,385.84562,13.7,852.5,Radial Velocity,2010,4982.0,4.92
Kepler-1315 b,Kepler-1315,2.48,1.38,0.84338011,Transit,2016,4861.0,0.75
Kepler-425 b,Kepler-425,79.45,10.962,3.79701816,Transit,2014,5170.0,0.86
Kepler-197 b,Kepler-197,1.04,1.02,5.599308,Transit,2014,6004.0,1.12
KMT-2021-BLG-1150L b,KMT-2021-BLG-1150L,279.68899816,13.9,,Microlensing,2023,,
Kepler-1271 b,Kepler-1271,2.79,1.48,3.0255955,Transit,2016,6143.0,1.23
Kepler-790 b,Kepler-790,5.39,2.18,13.73469807,Transit,2016,5208.0,0.8
Kepler-395 b,Kepler-395,1.08,1.03,7.054346,Transit,2014,4262.0,0.556
KMT-2022-BLG-2286L b,KMT-2022-BLG-2286L,6038.739733,12.1,,Microlensing,2024,,
TOI-1011 b,TOI-1011,4.04,1.45,2.470498,Transit,2025,5475.0,0.92
TOI-1846 b,TOI-1846,3.87,1.792,3.9306737,Transit,2025,3568.0,0.397
Kepler-1957 b,Kepler-1957,0.79,0.94374867,2.186619997,Transit,2021,4904.0,0.772
Kepler-515 b,Kepler-515,2.73,1.46,19.96371318,Transit,2016,5293.0,0.83
GU Psc b,GU Psc,3591.3,14.179,,Imaging,2014,4031.81,0.450458
K2-98 b,K2-98,34.00763955,5.06645928,10.1367349,Transit,2016,6260.0,1.518
HS Psc b,HS Psc,464.02947422,13.6,3.986,Radial Velocity,2024,4203.0,0.65
Kepler-113 c,Kepler-113,8.7,2.18,8.92507,Transit,2014,4725.0,0.69
BD+42 2315 b,BD+42 2315,174.80562385,14.2,123.05,Radial Velocity,2023,4500.0,17.85
Kepler-219 b,Kepler-219,9.01,2.95,4.585512,Transit,2014,5786.0,1.491
Kepler-297 c,Kepler-297,42.1,6.54,74.920137,Transit,2014,5619.0,0.915
OGLE-2015-BLG-0051L b,OGLE-2015-BLG-0051L,230.0,14.0,,Microlensing,2016,,
Kepler-1314 b,Kepler-1314,22.9,5.11,5.424749281,Transit,2016,4188.0,0.59
HD 10180 h,HD 10180,64.4,9.4,2205.0,Radial Velocity,2010,5911.0,1.109
MOA-2008-BLG-310L b,MOA-2008-BLG-310L,23.4,5.18,,Microlensing,2009,,
Kepler-1053 b,Kepler-1053,0.904,0.98,2.414351654,Transit,2016,4529.0,0.69
HD 93351 c,HD 93351,4154.01727949,12.3,14010.2941,Radial Velocity,2022,5408.0,0.911435
Kepler-1313 b,Kepler-1313,3.75,1.76,3.833091178,Transit,2016,5453.0,0.85
Kepler-1791 b,Kepler-1791,9.91,3.12103321,7.720860004,Transit,2021,5887.0,1.177
Kepler-340 c,Kepler-340,11.3,3.37,22.824669,Transit,2014,6620.0,1.85
EPIC 212297394 b,EPIC 212297394,2.79,1.48,2.289363,Transit,2019,5171.0,0.8
WASP-165 b,WASP-165,209.13214,14.12334,3.465509,Transit,2018,5599.0,1.75
Kepler-408 b,Kepler-408,5.0,0.82,2.46502,Transit,2014,6104.0,1.23
HD 217107 b,HD 217107,459.57987652,13.6,7.1270166,Radial Velocity,1998,5622.0,1.2245
Kepler-1163 b,Kepler-1163,1.08,1.03,6.11786898,Transit,2016,6302.0,1.35
HD 106515 A b,HD 106515 A,6006.9568923,12.1,3626.0,Radial Velocity,2012,5362.0,0.91
Kepler-1546 b,Kepler-1546,9.96,3.13,19.5974971,Transit,2016,5623.0,0.93
Kepler-1288 b,Kepler-1288,1.46,1.12,2.76122421,Transit,2016,6132.0,1.29
HD 10647 b,HD 10647,298.75,13.8,989.2,Radial Velocity,2006,6218.0,1.1
GJ 1151 c,GJ 1151,10.62,3.25,389.7,Radial Velocity,2023,3280.0,0.1781
Kepler-581 b,Kepler-581,7.41,2.63,40.6069821,Transit,2016,5772.0,1.0
Kepler-1261 b,Kepler-1261,5.73,2.26,48.4308991,Transit,2016,5006.0,0.77
TOI-815 c,TOI-815,23.5,2.62,34.976145,Transit,2024,4869.0,0.77
TIC 67686059 b,TIC 67686059,7.23,2.59125922,3.52163529551,Transit,2026,5090.09,0.820458
WASP-171 b,WASP-171,344.52772,10.98482,3.8186244,Transit,2019,5965.0,1.637
Kepler-80 c,Kepler-80,6.74,2.74,9.52355,Transit,2012,4540.0,0.678
HATS-49 b,HATS-49,112.19399,8.574885,4.1480467,Transit,2020,4405.0,0.6977
EPIC 206317286 b,EPIC 206317286,0.84,0.96,1.58252,Transit,2019,4752.0,0.669
Kepler-925 b,Kepler-925,6.08,2.34,33.8678531,Transit,2016,4673.0,0.72
HD 73267 b,HD 73267,1321.53051631,13.0,1257.99159,Radial Velocity,2008,5387.0,0.909
Kepler-1631 b,Kepler-1631,2.39,1.35,4.09513932,Transit,2016,5679.0,0.95
Kepler-1893 b,Kepler-1893,3.55,1.70557445,4.179369926,Transit,2021,5633.0,1.162
KELT-12 b,KELT-12,301.9385,19.95202,5.031623,Transit,2017,6279.0,2.37
HD 63433 b,HD 63433,21.755,2.14,7.1079475,Transit,2020,5553.0,0.934
HD 72892 b,HD 72892,1737.88572948,12.8,39.44603,Radial Velocity,2016,5688.0,1.22
Kepler-1139 b,Kepler-1139,1.81,1.19,0.813166719,Transit,2016,5550.0,0.91
HD 149806 b,HD 149806,4003.68444298,12.3,16521.52778,Radial Velocity,2022,5352.05,0.89
Kepler-231 b,Kepler-231,35.4,1.73,10.065275,Transit,2014,3767.0,0.49
HD 110082 b,HD 110082,10.3,3.2,10.18271,Transit,2021,6200.0,1.19
Kepler-1142 b,Kepler-1142,2.76,1.47,18.3027248,Transit,2016,5685.0,0.96
Kepler-82 e,Kepler-82,254.02,2.47,5.902206,Transit,2014,5428.0,0.945
HD 167042 b,HD 167042,444.00628458,13.6,417.67,Radial Velocity,2007,4919.0,4.63
K2-16 c,K2-16,6.99,2.54,19.07863,Transit,2015,4742.0,0.66
TRAPPIST-1 h,TRAPPIST-1,0.326,0.755,18.772866,Transit,2017,2566.0,0.1192
HD 169830 b,HD 169830,804.42369812,13.2,225.67372,Radial Velocity,2000,6300.0,1.935709
Kepler-853 b,Kepler-853,3.5,1.69,7.16892463,Transit,2016,6350.0,1.55
Kepler-449 b,Kepler-449,4.88,2.056,12.58242,Transit,2015,5649.18,1.467
TOI-5599 b,TOI-5599,40.9,7.1888212,5.43691503941,Transit,2026,6137.02,1.91334
Kepler-906 b,Kepler-906,5.1,2.11,41.6979976,Transit,2016,6035.0,1.02
Kepler-1912 b,Kepler-1912,2.41,1.35670508,6.059219837,Transit,2021,5734.0,0.962
HIP 57274 c,HIP 57274,130.0,14.2,32.03,Radial Velocity,2011,4640.0,0.68
TOI-431 d,TOI-431,9.9,3.29,12.46103,Transit,2021,4850.0,0.731
HATS-1 b,HATS-1,589.55,14.594,3.446459,Transit,2012,5870.0,1.038
KMT-2019-BLG-1042L b,KMT-2019-BLG-1042L,60.38739733,9.05,,Microlensing,2022,,
Kepler-735 b,Kepler-735,9.01,2.95,11.51516988,Transit,2016,5107.0,0.8
GJ 341 b,GJ 341,4.0,0.88,7.57686,Transit,2025,3770.0,0.5066
HD 100655 b,HD 100655,511.7063,13.5,157.57001,Radial Velocity,2011,4891.0,10.06
GJ 676 A c,GJ 676 A,4288.14086724,12.3,13921.42302,Radial Velocity,2016,3734.0,0.69
HD 25463 b,HD 25463,8.7,2.54535814,7.0491423,Transit,2023,6353.0,1.4182
TOI-5160 b,TOI-5160,6.33,2.39729851,4.280773256,Transit,2026,5622.14,1.03315
TOI-1260 c,TOI-1260,13.2,2.76,7.493134,Transit,2021,4227.0,0.672
TOI-3235 b,TOI-3235,211.35589065,11.39953337,2.59261842,Transit,2023,3388.8,0.3697
Kepler-1730 b,Kepler-1730,18.4,4.48524519,13.81019974,Transit,2021,5942.0,1.142
Kepler-1583 b,Kepler-1583,0.156,0.6,9.32807355,Transit,2016,5645.0,0.91
Kepler-306 e,Kepler-306,5.77,2.27,44.840975,Transit,2014,4954.0,0.719
HD 217958 b,HD 217958,166.54208527,14.2,2560.19774,Radial Velocity,2022,5930.64,1.32619
KMT-2019-BLG-0298L b,KMT-2019-BLG-0298L,575.26941667,13.4,,Microlensing,2023,,
Kepler-1839 b,Kepler-1839,4.46,1.9493759,5.056759834,Transit,2021,5926.0,0.939
OGLE2-TR-L9 b,OGLE2-TR-L9,1430.175,18.046,2.4855335,Transit,2008,6933.0,1.53
Kepler-694 b,Kepler-694,8.25,2.8,6.365841612,Transit,2016,5700.0,0.95
Kepler-150 d,Kepler-150,8.2,2.79,12.56093,Transit,2014,5560.0,0.939
Kepler-1994 b,Kepler-1994,0.087,0.51,4.61225043,Transit,2023,5495.0,0.961
K2-396 b,K2-396,3.12,1.579,0.673862,Transit,2022,5236.0,0.92
HD 10442 b,HD 10442,472.61321,13.6,1032.3,Radial Velocity,2014,4912.0,1.97
Kepler-148 c,Kepler-148,12.6,3.6,4.180043,Transit,2014,5272.0,0.851
HATS-32 b,HATS-32,292.4036,14.000041,2.8126548,Transit,2016,5700.0,1.097
Kepler-547 b,Kepler-547,15.1,4.0,6.010384289,Transit,2016,4828.0,0.73
V2376 Ori b,V2376 Ori,6356.56814,87.20586985,,Imaging,2025,,
WASP-38 b,WASP-38,1093.3352,13.78707,6.87188,Transit,2010,6180.0,1.52
Kepler-1488 c,Kepler-1488,3.37,1.65156749,6.158269882,Transit,2021,5710.0,1.524
Kepler-124 c,Kepler-124,3.71,1.75,13.821375,Transit,2014,4984.0,0.636
Kepler-198 c,Kepler-198,6.66,2.47,49.567416,Transit,2014,5574.0,0.94
Kepler-129 b,Kepler-129,20.0,2.4,15.79,Transit,2014,5770.0,1.653
LHS 1903 c,LHS 1903,4.55,2.046,6.226185,Transit,2026,3664.0,0.539
HAT-P-57 b,HAT-P-57,448.1403,19.50366,2.4653,Transit,2015,6330.0,1.85
Kepler-446 b,Kepler-446,2.86,1.5,1.565409,Transit,2015,3359.0,0.24
HD 8326 b,HD 8326,66.6,9.58,158.991,Radial Velocity,2019,4914.0,0.783181
K2-216 b,K2-216,8.0,1.75,2.1748,Transit,2018,4503.0,0.72
Kepler-167 d,Kepler-167,2.06,1.238,21.80379,Transit,2016,4884.0,0.749
Kepler-1549 b,Kepler-1549,7.13,2.57,214.886545,Transit,2016,5324.0,0.84
Kepler-1198 b,Kepler-1198,2.76,1.47,7.6847716,Transit,2016,5517.0,0.9
HD 143811 AB b,HD 143811 A,1938.7532827,15.69257298,117000.0,Imaging,2025,6791.0,1.68398
WASP-104 b,WASP-104,404.263,12.745,1.7554137,Transit,2014,5475.0,0.963
51 Peg b,51 Peg,193.87532827,14.1,4.2307966,Radial Velocity,1995,5761.0,1.19
TOI-1801 b,TOI-1801,5.738,2.079,10.64387,Transit,2023,3863.0,0.547
TOI-762 A b,TOI-762 A,79.77493016,8.33948164,3.4716826,Transit,2024,3266.0,0.425
TOI-5335 b,TOI-5335,15.3,4.02422162,3.61365988443,Transit,2026,5528.92,0.916633
K2-187 e,K2-187,4.27,1.9,13.606629,Transit,2018,5438.0,0.83
Kepler-1086 c,Kepler-1086,8.96,2.94,161.5163345,Transit,2016,4350.0,0.66
K2-32 e,K2-32,2.1,1.212,4.34934,Transit,2019,5271.0,0.86
Kepler-1800 b,Kepler-1800,0.961,0.99679734,4.562029839,Transit,2021,5343.0,2.506
55 Cnc B c,55 Cnc B,5.3,2.16,33.747,Radial Velocity,2025,3286.0,0.274
Kepler-78 b,Kepler-78,1.68,1.201,0.35500745,Transit,2013,5058.0,0.7475
Kepler-1944 b,Kepler-1944,8.05,2.75971163,9.842579842,Transit,2021,5585.0,0.972
TOI-1742 b,TOI-1742,9.7,2.36507598,21.269084,Transit,2024,5815.0,1.131
K2-105 b,K2-105,15.4,3.4,8.26726,Transit,2017,5373.0,0.905
BD+45 564 b,BD+45 564,432.24663352,13.6,307.88,Radial Velocity,2021,5004.0,0.813064
WASP-60 b,WASP-60,174.8065,9.86392,4.305,Transit,2012,5900.0,1.17
HD 11343 c,HIP 8541,255.53403923,13.9,228.53731,Radial Velocity,2022,4672.0,6.84
Kepler-1762 b,Kepler-1762,8.05,2.76022913,29.53910065,Transit,2021,6572.0,1.238
HD 102329 c,HD 102329,483.1016,13.5,1123.0,Radial Velocity,2016,4830.0,6.3
HD 7449 b,HD 7449,2597.92939882,12.6,1270.55195,Radial Velocity,2011,6024.0,0.97
HD 197037 b,HD 197037,251.0,13.9,1035.7,Radial Velocity,2012,6150.0,1.105
K2-270 b,K2-270,2.48,1.38,1.543069,Transit,2018,4877.0,0.77
Kepler-1529 b,Kepler-1529,5.06,2.1,5.33905686,Transit,2016,5048.0,0.77
Kepler-98 b,Kepler-98,3.55,1.99,1.54168,Transit,2014,5539.0,1.11
HD 140901 b,HD 140901,15.57359194,4.07,9.02378,Radial Velocity,2022,5610.0,0.95
Pr0201 b,Pr0201,171.6282,14.2,4.4264,Radial Velocity,2012,6174.0,1.15
WASP-6 b,WASP-6,148.42586607,12.5428494,3.3610026,Transit,2009,5438.0,0.79
WASP-189 b,WASP-189,632.47852993,18.14733975,2.724033,Transit,2020,8000.0,2.36
Kepler-362 b,Kepler-362,0.615,0.88,10.327186,Transit,2014,5788.0,0.722
TOI-2295 b,TOI-2295,278.09985612,16.47720163,30.033302,Transit,2024,5730.0,1.459
HD 99283 b,HD 99283,308.29355479,13.8,310.4,Radial Velocity,2021,4886.0,11.21
HD 39194 b,HD 39194,4.62,1.99,5.63692,Radial Velocity,2021,5205.0,0.783742
KMT-2018-BLG-1990L b,KMT-2018-BLG-1990L,111.0,12.9,,Microlensing,2019,,
TIC 24750448 b,TIC 24750448,6.51,2.43722231,3.59159193029,Transit,2026,4545.43,0.713599
Kepler-656 c,Kepler-656,2.57,1.41,5.25449393,Transit,2023,5550.0,0.954
TOI-1295 b,TOI-1295,451.31633794,15.69257298,3.1968838,Transit,2024,6280.0,1.7
IRAS 04125+2902 b,IRAS 04125+2902,80.8,10.73820351,8.834978,Transit,2024,4080.0,1.45
NGTS-15 b,NGTS-15,238.68913366,12.32987877,3.27623,Transit,2021,5600.0,0.954
HD 62509 b,HD 62509,731.0,13.3,589.64,Radial Velocity,2006,4892.63,8.9
HD 81817 b,HD 81817,7668.5638041,12.0,1021.20159,Radial Velocity,2020,4140.0,83.8
Kepler-1941 b,Kepler-1941,7.51,2.64976949,31.33510017,Transit,2021,6404.0,1.142
Kepler-1691 b,Kepler-1691,4.02,1.83470985,3.8482,Transit,2020,6000.0,1.13152
TOI-2184 b,TOI-2184,206.58846455,11.39953337,6.90683,Transit,2022,5966.0,2.9
K2-254 b,K2-254,3.29,1.63,4.09639,Transit,2018,4629.0,0.67
OGLE-2016-BLG-1598L b,OGLE-2016-BLG-1598L,120.77479466,13.6,,Microlensing,2024,,
Kepler-180 c,Kepler-180,9.32,3.01,41.885775,Transit,2014,5731.0,1.063
Kepler-1316 b,Kepler-1316,12.3,3.54,87.9732136,Transit,2016,5884.0,1.12
OGLE-2018-BLG-1212L b,OGLE-2018-BLG-1212L,63.5656814,9.32,,Microlensing,2022,,
Kepler-1542 b,Kepler-1542,0.363,0.76,3.95116882,Transit,2016,5564.0,0.99
Kepler-1311 d,Kepler-1311,67.5,9.65837605,197.5110016,Transit,2021,5616.0,1.674
Kepler-1866 b,Kepler-1866,4.99,2.08215108,11.66009998,Transit,2021,5791.0,1.083
K2-165 d,K2-165,7.5,2.64809498,14.101361,Transit,2018,5185.0,0.803827
TOI-2018 b,TOI-2018,9.2,2.268,7.435583,Transit,2023,4174.0,0.62
HD 155918 b,HD 155918,7.62788177,2.67,1.87567,Radial Velocity,2022,5771.84,1.01906
DMPP-2 d,DMPP-2,91.79,11.6,16.491,Radial Velocity,2026,6500.0,1.78
Kepler-300 c,Kepler-300,5.69,2.25,40.714955,Transit,2014,5986.0,0.9
Kepler-1392 b,Kepler-1392,4.5,1.96,15.1410397,Transit,2016,5479.0,0.85
TOI-669 b,TOI-669,10.0,2.58606487,3.945152,Transit,2023,5597.0,0.9882
Kepler-347 b,Kepler-347,4.54,1.97,12.79836,Transit,2014,6088.0,1.005
WASP-184 b,WASP-184,181.1631,14.90797,5.1817,Transit,2019,6000.0,1.65
TOI-4559 b,TOI-4559,2.59,1.415,3.965991,Transit,2024,3558.0,0.374
OGLE-2019-BLG-0304L b,OGLE-2019-BLG-0304L,162.09248757,14.2,,Microlensing,2021,,
WASP-25 b,WASP-25,179.25522155,13.80946422,3.7648337,Transit,2010,5697.0,0.884
Kepler-105 c,Kepler-105,5.6,1.44,7.12592,Transit,2014,5933.0,1.026
TOI-199 b,TOI-199,54.03082919,9.07927437,104.854,Transit,2023,5255.0,0.82
HD 34445 d,HD 34445,30.7,6.07,117.87,Radial Velocity,2017,5836.0,1.38
TOI-700 c,TOI-700,7.27,2.6,16.051137,Transit,2020,3459.0,0.421
TOI-6954 b,TOI-6954,12.8,3.63524486,4.02074127419,Transit,2026,5170.87,0.947112
LHS 1903 e,LHS 1903,5.79,1.732,29.31773,Transit,2026,3664.0,0.539
OGLE-2017-BLG-1275L b,OGLE-2017-BLG-1275L,1875.1876013,12.8,,Microlensing,2024,,
Kepler-504 b,Kepler-504,3.15,1.59,9.549275422,Transit,2016,3519.0,0.33
HD 199509 b,HD 199509,43.22466335,7.43,99.62167,Radial Velocity,2022,5796.02,0.92
Kepler-256 d,Kepler-256,6.71,2.48,5.839172,Transit,2014,5551.0,1.301
Kepler-214 c,Kepler-214,5.18,2.13,28.7798,Transit,2014,6169.0,1.352
Kepler-197 d,Kepler-197,1.98,1.22,15.677563,Transit,2014,6004.0,1.12
HIP 5158 b,HIP 5158,451.0,13.6,345.72,Radial Velocity,2009,4962.0,0.75
HD 33142 b,HD 33142,400.46379282,13.7,330.0,Radial Velocity,2011,5025.4,4.17
TOI-2421 b,TOI-2421,105.83685953,10.36830715,4.3474032,Transit,2022,5607.0,1.75
Kepler-323 c,Kepler-323,6.8,1.57,3.5538229,Transit,2014,6004.0,1.12
TOI-7510 b,TOI-7510,18.1,7.31,11.530869,Transit,2025,5720.0,1.035
HATS-17 b,HATS-17,425.25654,8.709393,16.254611,Transit,2016,5846.0,1.091
K2-90 c,K2-90,2.24,1.3,2.900706,Transit,2016,4421.98,0.634754
TIC 260969020 b,TIC 260969020,5.59,2.22686612,8.48584501953,Transit,2026,4572.94,0.68988
Kepler-867 b,Kepler-867,19.4,4.64,150.242127,Transit,2016,5541.0,0.91
Kepler-315 c,Kepler-315,16.1,4.15,265.469335,Transit,2014,5796.0,1.037
HD 77946 b,HD 77946,10.9,2.89646124,6.527363,Transit,2024,6007.0,1.3174
LHS 1478 b,LHS 1478,2.33,1.242,1.9495378,Transit,2021,3381.0,0.246
Kepler-768 b,Kepler-768,3.86,1.79,11.3910025,Transit,2016,5108.0,0.78
TOI-2147 b,TOI-2147,116.0,10.5,26.20518,Transit,2026,5983.0,1.39
K2-251 b,K2-251,6.12,2.35,9.30075,Transit,2018,3717.0,0.49
KELT-6 c,KELT-6,1179.1493,13.0,1276.0,Radial Velocity,2015,6272.0,1.529
TOI-5803 b,TOI-5803,10.7,3.2732,5.38305,Transit,2023,5134.0,0.7625
Kepler-626 b,Kepler-626,5.86,2.29,14.48585199,Transit,2016,5813.0,1.05
Kepler-94 b,Kepler-94,10.84,3.51,2.50806,Transit,2014,4781.0,0.76
MOA-2007-BLG-192L b,MOA-2007-BLG-192L,12.49,3.58,,Microlensing,2008,,
Kepler-47 d,Kepler-47,19.02,7.04,187.366,Transit,2019,5636.0,0.936
Kepler-325 d,Kepler-325,8.2,2.79,38.715185,Transit,2014,5752.0,1.003
Kepler-298 b,Kepler-298,4.5,1.96,10.475464,Transit,2014,4465.0,0.582
TOI-2136 b,TOI-2136,6.37,2.19,7.851928,Transit,2022,3342.0,0.34
TIC 279401253 c,TIC 279401253,2548.98382414,12.6,155.3,Transit,2023,5951.0,1.06
HD 11506 d,HD 11506,4068.2036096,12.3,26500.0,Radial Velocity,2022,6123.0,1.24
Kepler-282 c,Kepler-282,1.87,1.2,13.638723,Transit,2014,5602.0,0.904
Kepler-811 b,Kepler-811,7.75,2.7,23.58447697,Transit,2016,5747.0,1.24
Kepler-1493 b,Kepler-1493,2.57,1.41,15.0217983,Transit,2016,5863.0,1.29
HAT-P-6 b,HAT-P-6,419.5356,16.58932,3.85298,Transit,2007,6570.0,1.62
Kepler-1118 b,Kepler-1118,7.95,2.74,38.6715075,Transit,2016,5688.0,0.97
TRAPPIST-1 g,TRAPPIST-1,1.321,1.129,12.352446,Transit,2017,2566.0,0.1192
WASP-185 b,WASP-185,311.4734,14.01125,9.38755,Transit,2019,5900.0,1.5
Kepler-982 b,Kepler-982,5.69,2.25,15.7738221,Transit,2016,6139.0,1.29
TOI-4336 A c,TOI-4336 A,1.55,1.251,7.587266,Transit,2026,3307.0,0.326
TOI-1752 c,TOI-1752,5.86,2.29,32.71443,Transit,2026,3762.0,0.53
K2-247 c,K2-247,5.43,2.19,6.49424,Transit,2018,4667.0,0.69
Kepler-1841 b,Kepler-1841,2.82,1.48912557,25.88599968,Transit,2021,5190.0,0.899
TOI-5261 b,TOI-5261,3651.84839643,11.60129502,4.1509768,Transit,2025,5790.0,1.021
K2-322 b,K2-322,4.35,1.92,8.205,Transit,2020,4141.0,0.602
Kepler-1917 b,Kepler-1917,4.23,1.88971288,12.90240002,Transit,2021,5530.0,0.788
K2-293 b,K2-293,6.57,2.45,13.1225,Transit,2019,5532.0,0.947
HD 141004 b,HD 141004,13.63483866,3.77,15.5083,Radial Velocity,2021,5885.38,1.389372
HATS-44 b,HATS-44,177.9848,11.960003,2.7439004,Transit,2018,5080.0,0.847
Kepler-168 c,Kepler-168,7.7,2.69,13.193242,Transit,2014,6282.0,1.107
TOI-1450 A c,TOI-1450 A,1.527,1.13,5.0688,Transit,2024,3437.0,0.483
Kepler-701 b,Kepler-701,8.45,2.84,10.35533177,Transit,2016,5343.0,0.84
Kepler-1515 b,Kepler-1515,66.2,9.55,214.3114164,Transit,2016,6511.0,1.41
TOI-5616 b,TOI-5616,624.0,10.78,2.002849,Transit,2024,3996.0,0.646
Kepler-1723 b,Kepler-1723,8.65,2.88046569,39.75289917,Transit,2021,6072.0,1.01
Kepler-990 c,Kepler-990,2.96,1.53,0.538354308,Transit,2016,5948.0,1.08
KMT-2021-BLG-1105L b,KMT-2021-BLG-1105L,413.1769291,13.6,,Microlensing,2023,,
TOI-4504 c,TOI-4504,1197.32317485,11.09689089,82.97213,Transit,2024,5315.0,0.92
Kepler-386 c,Kepler-386,3.12,1.58,25.193458,Transit,2014,5178.0,0.767
omi UMa b,omi UMa,1160.39151396,13.0,1569.81,Radial Velocity,2012,5075.0,13.84
KMT-2017-BLG-1146L b,KMT-2017-BLG-1146L,230.0,14.0,,Microlensing,2019,,
Kepler-1993 b,Kepler-1993,16.1,4.15,26.6565737,Transit,2023,5159.0,3.062
Kepler-795 b,Kepler-795,3.46,1.68,29.6193421,Transit,2016,5631.0,0.96
Kepler-207 b,Kepler-207,3.09,1.57,1.611865,Transit,2014,5920.0,1.588
Kepler-163 b,Kepler-163,1.16,1.05,7.810937,Transit,2014,5776.0,0.917
HD 149026 b,HD 149026,120.7754,8.29466,2.87589,Radial Velocity,2005,6179.0,1.41
GJ 9689 b,GJ 9689,9.65,3.07,18.27,Radial Velocity,2020,3836.0,0.57
GJ 179 b,GJ 179,301.93698665,13.8,2288.0,Radial Velocity,2009,3370.0,0.38
Kepler-1987 c,Kepler-1987,2.33,1.33,3.64830183,Transit,2023,4769.0,0.714
HATS-42 b,HATS-42,597.5204,15.6926,2.292102,Transit,2018,6060.0,1.48
Kepler-169 d,Kepler-169,2.1,1.25,8.348125,Transit,2014,4997.0,0.763
EPIC 201497682 b,EPIC 201497682,0.26,0.692,2.13174,Transit,2019,4991.0,0.554
Kepler-875 b,Kepler-875,8.75,2.9,27.5073799,Transit,2016,5958.0,1.11
Kepler-653 c,Kepler-653,0.399,0.78,0.900376476,Transit,2016,5665.0,1.19
Kepler-191 d,Kepler-191,5.82,2.28,5.945041017,Transit,2016,5215.0,0.8
Kepler-400 b,Kepler-400,3.36,1.65,9.024389,Transit,2014,5886.0,1.145
EPIC 212297394 c,EPIC 212297394,5.77,2.27,5.213965,Transit,2021,5171.0,0.8
K2-59 c,K2-59,5.9,2.3,11.2954,Transit,2016,5055.0,0.731
Kepler-1881 b,Kepler-1881,9.17,2.98104391,159.3939972,Transit,2021,5135.0,0.874
TOI-329 b,TOI-329,40.4,4.94057819,5.70439,Transit,2024,5614.0,1.5326
Kepler-308 c,Kepler-308,5.31,2.16,15.38231,Transit,2014,5895.0,0.941
TOI-5788 b,TOI-5788,3.72,1.528,6.340758,Transit,2026,5615.0,0.87
TrES-4 b,TrES-4,247.9074,18.04649,3.55395,Transit,2007,6200.0,1.66
TOI-1753 b,TOI-1753,16.6,2.47852533,5.3846104,Transit,2024,5621.0,0.9715
BD-08 2823 c,BD-08 2823,104.0,12.5,237.6,Radial Velocity,2009,4746.0,0.71
BD-14 3065 b,BD-14 3065 A,3932.0,21.59,4.2889731,Transit,2024,6935.0,2.35
HD 154857 c,HD 154857,819.97,13.2,3452.0,Radial Velocity,2014,5605.0,1.76
HD 152079 b,HD 152079,845.74563,13.2,2918.92,Radial Velocity,2009,5907.0,1.128
TOI-833 b,TOI-833,2.15,1.27,1.0418777,Transit,2022,3920.0,0.6
Kepler-348 c,Kepler-348,2.33,1.33,17.265427,Transit,2014,6177.0,1.359
Kepler-592 b,Kepler-592,6.3,2.39,2.820192408,Transit,2016,5913.0,1.04
Kepler-139 f,Kepler-139,36.0,6.67,355.0,Transit Timing Variations,2025,5630.0,1.045
TOI-904 c,TOI-904,5.34,2.167,83.9997,Transit,2023,3770.2,0.527
Kepler-1542 d,Kepler-1542,0.59,0.87,5.99273738,Transit,2016,5564.0,0.99
Kepler-222 b,Kepler-222,10.1,3.16,3.936981,Transit,2014,5433.0,0.869
Qatar-10 b,Qatar-10,233.92288,17.295487,1.645321,Transit,2019,6124.0,1.254
Kepler-1213 b,Kepler-1213,1.81,1.19,5.34982412,Transit,2016,6050.0,1.21
KMT-2021-BLG-2609L b,KMT-2021-BLG-2609L,10.17050902,3.17,,Microlensing,2024,,
Kepler-29 c,Kepler-29,4.5,2.34,13.28613,Transit,2011,5378.0,0.732
HD 86226 b,HD 86226,143.0235,14.3,1628.0,Radial Velocity,2009,5863.0,1.053
Kepler-554 b,Kepler-554,17.0,4.29,1.902208556,Transit,2016,5447.0,0.92
Kepler-506 b,Kepler-506,7.9,2.73,6.8834055,Transit,2016,6236.0,1.19
Kepler-1823 b,Kepler-1823,5.0,2.0861268,21.10339928,Transit,2021,6000.0,1.126
Kepler-237 c,Kepler-237,4.98,2.08,8.103636,Transit,2014,4861.0,0.725
Kepler-208 e,Kepler-208,2.79,1.48,16.259458,Transit,2014,6092.0,1.314
HAT-P-5 b,HAT-P-5,311.4734,13.56289,2.78849,Transit,2007,5960.0,1.12
Kepler-254 c,Kepler-254,3.2,2.15,12.412183,Transit,2014,5957.0,0.91
Kepler-1287 b,Kepler-1287,2.99,1.54,11.47685909,Transit,2016,5715.0,0.94
WASP-183 b,WASP-183,159.55066,16.47723,4.1117771,Transit,2019,5313.0,0.871
Kepler-337 c,Kepler-337,4.86,2.05,9.693201,Transit,2014,5684.0,1.761
Kepler-1506 b,Kepler-1506,2.3,1.32,14.0329154,Transit,2016,5676.0,0.93
K2-394 b,K2-394,3.51,1.692,5.095717,Transit,2022,4938.0,0.631
TOI-3457 b,TOI-3457,797.74930157,10.64,32.600268,Transit,2026,6300.0,1.474
Kepler-1830 b,Kepler-1830,11.1,3.32992941,56.49330139,Transit,2021,6160.0,2.046
7 CMa b,7 CMa,587.9855,13.4,735.1,Radial Velocity,2011,4826.0,4.87
Kepler-1390 b,Kepler-1390,1.76,1.18,6.48021673,Transit,2016,5753.0,0.98
Kepler-913 b,Kepler-913,4.9,2.06,10.29672521,Transit,2016,4687.0,0.61
Kepler-350 d,Kepler-350,14.9,2.8,26.136,Transit,2013,6492.3,1.25
K2-19 c,K2-19,11.0,4.1,11.906,Transit,2015,5322.0,0.82
TOI-3160 A b,TOI-3160 A,378.21580433,13.7646283,3.971281,Transit,2025,6190.0,1.346
HD 176986 d,HD 176986,6.76,2.49,61.376,Radial Velocity,2026,4931.0,0.782
HAT-P-45 b,HAT-P-45,283.492,15.984,3.128992,Transit,2014,6330.0,1.319
TOI-622 b,TOI-622,96.30200732,9.2362001,6.402513,Transit,2023,6400.0,1.415
KELT-19 A b,KELT-19 A,1293.5681,21.40919,4.6117093,Transit,2017,7500.0,1.83
HATS-59 c,HATS-59,4036.441,12.3,1422.0,Radial Velocity,2018,5670.0,1.036
Kepler-1333 b,Kepler-1333,8.3,2.81,109.6471842,Transit,2016,5628.0,0.92
Kepler-1605 b,Kepler-1605,1.28,1.08,85.7565495,Transit,2016,5280.0,0.82
Kepler-1913 b,Kepler-1913,2.92,1.51852059,14.1960001,Transit,2021,6214.0,1.076
Kepler-1465 b,Kepler-1465,3.78,1.77,31.8277111,Transit,2016,4726.0,0.71
Kepler-16 b,Kepler-16,105.833,8.4493,228.776,Transit,2011,4450.0,0.6489
55 Cnc f,55 Cnc,44.812,7.59,260.58,Radial Velocity,2007,5198.0,0.98
K2-21 b,K2-21,4.04,1.84,9.325038,Transit,2015,4222.06,0.646783
Kepler-1918 b,Kepler-1918,5.89,2.29763023,47.0564003,Transit,2021,5889.0,0.924
Kepler-577 b,Kepler-577,7.04,2.55,25.69578251,Transit,2016,4984.0,0.73
Kepler-1120 b,Kepler-1120,2.48,1.38,2.949029052,Transit,2016,4904.0,0.74
LP 791-18 c,LP 791-18,7.16,2.488,4.98991,Transit,2019,2960.0,0.182
KMT-2019-BLG-1715L b,KMT-2019-BLG-1715L,813.64072192,13.2,,Microlensing,2021,,
Kepler-953 b,Kepler-953,16.5,4.21,88.40655258,Transit,2016,5416.0,0.99
Kepler-149 b,Kepler-149,16.5,4.21,29.198943,Transit,2014,5381.0,0.953
HD 124330 b,HD 124330,238.37130525,14.0,270.66,Radial Velocity,2021,5873.0,1.30446
KELT-23 A b,KELT-23 A,298.12454,14.829507,2.255251,Transit,2019,5899.0,0.996
Kepler-871 b,Kepler-871,13.5,3.74,22.0459018,Transit,2016,5993.0,1.14
WASP-89 b,WASP-89,1875.197,11.65736,3.3564227,Transit,2015,5130.0,0.88
Kepler-385 c,Kepler-385,13.2,3.04,15.163161,Transit,2014,6326.0,1.126
Kepler-942 b,Kepler-942,5.18,2.13,44.96417488,Transit,2016,4861.0,0.75
WASP-55 b,WASP-55,186.2474465,14.72860064,4.465631,Transit,2012,6096.0,1.09
Kepler-1966 b,Kepler-1966,1.39,1.10479327,8.617429733,Transit,2021,5009.0,0.84
Kepler-212 c,Kepler-212,7.95,2.74,31.805174,Transit,2014,5852.0,1.455
K2-285 e,K2-285,10.7,1.95,14.76289,Transit,2018,4975.0,0.787
K2-91 b,K2-91,1.37,1.1,1.419549,Transit,2016,3622.0,0.284
K2-329 b,K2-329,82.6358,8.675766,12.4551225,Transit,2020,5282.0,0.822
Kepler-819 b,Kepler-819,8.05,2.76,33.1995648,Transit,2016,5279.0,0.81
TOI-2345 b,TOI-2345,3.49,1.504,1.0528573,Transit,2025,4687.0,0.729
DMPP-1 e,DMPP-1,4.13,1.86,5.516,Radial Velocity,2019,6196.0,1.26
KMT-2020-BLG-0414L b,KMT-2020-BLG-0414L,1.87,1.2,,Microlensing,2021,,
HD 11505 b,HD 11505,2510.52658689,12.6,32669.22247,Radial Velocity,2022,5757.15,1.19568
WASP-45 b,WASP-45,306.38812,10.603714,3.126089,Transit,2011,5150.0,0.855
75 Cet c,75 Cet,289.85950718,13.9,2051.62,Radial Velocity,2023,4809.0,10.38
Kepler-195 b,Kepler-195,4.78,2.03,8.307872,Transit,2014,5329.0,0.775
TOI-1136 g,TOI-1136,5.6,2.53,39.545,Transit,2022,5770.0,0.968
K2-83 c,K2-83,2.8,1.483,9.99767,Transit,2016,3910.0,0.424
Kepler-994 b,Kepler-994,3.19,1.6,1.151166506,Transit,2016,3934.0,0.54
KELT-21 b,KELT-21,1242.7153,17.777474,3.6127647,Transit,2018,7598.0,1.638
TOI-270 d,TOI-270,4.2,2.0,11.38194,Transit,2019,3506.0,0.38
GJ 9404 b,GJ 9404,11.9,3.48,13.4586,Radial Velocity,2023,3811.0,0.626041
Kepler-376 b,Kepler-376,1.24,1.07,4.920199,Transit,2014,5900.0,1.175
Kepler-1517 b,Kepler-1517,68.7,9.76,5.546083665,Transit,2016,7010.0,1.95
Kepler-1876 b,Kepler-1876,2.4,0.853,6.99205,Transit,2021,6104.0,1.477
EPIC 246851721 b,EPIC 246851721,953.49,11.780659,6.180235,Transit,2018,6202.0,1.586
K2-226 b,K2-226,2.98,1.53899305,3.27109,Transit,2018,5288.0,0.889
TOI-4860 b,TOI-4860,86.7,8.7,1.5227591,Transit,2023,3260.0,0.358
HD 203387 b,HD 203387,1106.04285636,13.1,512.5352,Radial Velocity,2022,5174.32,10.5852
Kepler-199 b,Kepler-199,9.85,3.11,23.637604,Transit,2014,5644.0,0.967
WASP-42 b,WASP-42,167.49641,12.576498,4.9816819,Transit,2012,5315.0,0.892
HD 6061 b,HD 6061,10.0,2.42763557,5.2549,Transit,2023,5934.0,1.0072
Kepler-248 c,Kepler-248,15.6,4.07,16.239494,Transit,2014,5190.0,0.831
HD 13189 b,HD 13189,3480.2385,12.4,471.60001,Radial Velocity,2005,4175.0,38.41
HD 1461 b,HD 1461,6.44,2.42,5.77152,Radial Velocity,2010,5765.0,1.152288
TOI-5232 b,TOI-5232,743.71847238,12.778238,4.0966692,Transit,2024,6500.0,1.785
HD 133131 A c,HD 133131 A,133.4886,14.3,3568.0,Radial Velocity,2016,5799.0,0.955014
TOI-333 b,TOI-333,20.1,4.26,3.7852503,Transit,2025,6241.0,1.1
HD 285507 b,HD 285507,311.4734,13.8,6.0881,Radial Velocity,2013,4503.0,0.69
Kepler-1319 b,Kepler-1319,2.36,1.34,2.886762645,Transit,2016,3655.0,0.54
K2-374 c,K2-374,5.53,2.213,16.43445,Transit,2022,5789.0,0.907
TOI-4529 b,TOI-4529,4.9,1.77,5.879577,Transit,2026,3697.0,0.48
K2-395 b,K2-395,7.26,2.597,4.803352,Transit,2022,5007.0,0.783
Kepler-1047 b,Kepler-1047,5.02,2.09,56.1886887,Transit,2016,5754.0,1.13
KOI-1833 d,Kepler-968,11.02,2.58,7.685,Transit,2021,4413.0,0.667
HD 16905 b,HD 16905,3591.4609991,12.4,10256.0,Radial Velocity,2022,4866.12,0.77494
Kepler-1711 b,Kepler-1711,4.36,1.923,21.06080055,Transit,2021,5706.0,1.034
Kepler-734 b,Kepler-734,12.4,3.56,6.104852856,Transit,2016,5326.0,0.78
Kepler-521 b,Kepler-521,10.2,3.18,22.20813214,Transit,2016,6406.0,1.46
TOI-1516 b,TOI-1516,1004.33776612,15.24421375,2.056014,Transit,2022,6520.0,1.14
WASP-163 b,WASP-163,594.3421,13.473218,1.6096884,Transit,2018,5500.0,1.015
TYC 8998-760-1 c,TYC 8998-760-1,1906.98,12.3299,,Imaging,2020,4573.0,1.02
HD 104067 c,HD 104067,13.2,3.69,13.8992,Radial Velocity,2024,4952.0,0.78
TOI-150.01,TOI-150,797.7533,14.067295,5.857487,Transit,2019,6255.0,1.526
Kepler-514 b,Kepler-514,3.61,1.72,5.65179605,Transit,2016,6106.0,1.44
Kepler-358 c,Kepler-358,8.5,2.85,83.488369,Transit,2014,5908.0,0.954
Kepler-1377 b,Kepler-1377,2.1,1.25,0.740928422,Transit,2016,5218.0,0.82
Kepler-1720 b,Kepler-1720,10.4,3.21585295,12.70639992,Transit,2021,5573.0,0.839
TIC 86380416 b,TIC 86380416,6.4,2.4123612,6.0408643461,Transit,2026,5723.74,0.989724
Kepler-665 b,Kepler-665,7.27,2.6,16.01310205,Transit,2016,4913.0,0.74
TOI-332 b,TOI-332,57.2,3.2,0.777038,Transit,2023,5251.0,0.87
K2-133 b,K2-133,2.36,1.34,3.07133,Transit,2017,3655.0,0.455
OGLE-2018-BLG-0298L b,OGLE-2018-BLG-0298L,44.49597698,7.56,,Microlensing,2022,,
K2-43 b,K2-43,18.5,4.51,3.471149,Transit,2016,3840.6,0.542
K2-215 b,K2-215,5.16,2.12381238,8.269648,Transit,2018,5704.0,0.974398
Kepler-223 e,Kepler-223,4.8,4.6,19.72567,Transit,2014,5803.0,1.72
K2-179 b,K2-179,6.86,2.51267885,5.172191,Transit,2018,5015.0,0.768067
Kepler-1069 b,Kepler-1069,3.19,1.6,23.8990296,Transit,2016,5722.0,0.98
WASP-91 b,WASP-91,425.8922,11.54527,2.798581,Transit,2017,4920.0,0.86
Kepler-68 c,Kepler-68,1.3,0.979,9.605027,Transit,2013,5847.0,1.2564
TOI-5301 b,TOI-5301,1182.32167404,13.09208946,5.858858,Transit,2024,6240.0,2.19
Kepler-253 d,Kepler-253,10.2,3.17,18.119869,Transit,2014,5208.0,0.786
TOI-500 e,TOI-500,15.05,3.99,61.3,Radial Velocity,2022,4440.0,0.678
Kepler-1651 b,Kepler-1651,4.04,1.84,9.87863917,Transit,2017,3713.0,0.503
K2-62 b,K2-62,4.74,2.02,6.67199,Transit,2016,4455.0,0.696
K2-166 b,K2-166,5.43,2.19,8.52695,Transit,2018,5960.0,1.61
L 98-59 e,L 98-59,2.82,1.49,12.8278,Radial Velocity,2021,3415.0,0.3155
TOI-2096 c,TOI-2096,4.32,1.914,6.38784,Transit,2023,3300.0,0.235
NGTS-11 b,NGTS-11,109.33352,9.157753,35.45533,Transit,2020,5050.0,0.832
Kepler-369 b,Kepler-369,1.51,1.13,2.732756,Transit,2014,3591.0,0.471
HD 183579 b,HD 183579,20.4,3.49,17.471291,Transit,2021,5784.0,0.96
Kepler-657 b,Kepler-657,12.2,3.52,24.54350418,Transit,2016,5808.0,1.01
Kepler-240 c,Kepler-240,102.3,2.2,7.953528,Transit,2014,4985.0,0.739
K2-198 c,K2-198,2.61,1.423,3.3596055,Transit,2019,5212.9,0.757
Kepler-403 c,Kepler-403,3.71,1.75,54.280749,Transit,2014,6090.0,1.329
GJ 887 d,GJ 887,6.1,2.34,50.77,Radial Velocity,2026,3688.0,0.468
HD 219666 b,HD 219666,17.6,4.898,6.034468,Transit,2018,5540.0,1.059
HAT-P-34 b,HAT-P-34,1058.3739,13.417173,5.452654,Transit,2011,6442.0,1.53
TOI-2046 b,TOI-2046,731.0053361,16.14093221,1.4971842,Transit,2022,6250.0,1.21
K2-170 b,K2-170,2.6,1.41817537,7.576544,Transit,2018,5748.0,0.981614
HD 170469 b,HD 170469,209.7678,14.1,1145.0,Radial Velocity,2007,5842.0,1.24
OGLE-2015-BLG-0966L b,OGLE-2015-BLG-0966L,21.0,4.86,,Microlensing,2016,,
Kepler-292 b,Kepler-292,2.3,1.32,2.580827,Transit,2014,5299.0,0.826
OGLE-2014-BLG-0221L b,OGLE-2014-BLG-0221L,1382.55357045,12.9,,Microlensing,2024,,
Kepler-769 b,Kepler-769,8.85,2.92,7.42608998,Transit,2016,6186.0,1.28
BD+15 2375 b,BD+15 2375,337.21763,13.8,153.22,Radial Velocity,2016,4649.0,8.95
Kepler-1331 b,Kepler-1331,1.16,1.05,0.789161653,Transit,2016,4508.0,0.69
K2-49 b,K2-49,4.38,1.93,2.77065,Transit,2016,4175.0,0.45
KELT-17 b,KELT-17,416.3573,17.093725,3.0801716,Transit,2016,7454.0,1.645
Kepler-1369 b,Kepler-1369,7.7,2.69,25.873148,Transit,2016,5761.0,0.99
HD 142245 b,HD 142245,975.7381,13.1,1299.0,Radial Velocity,2011,4922.0,4.63
HD 4203 c,HD 4203,689.66,13.3,6700.0,Radial Velocity,2014,5582.0,1.49795
Kepler-1136 b,Kepler-1136,3.33,1.64,2.361724329,Transit,2016,4512.0,0.68
2MASS J12073346-3932539 b,2MASS J12073346-3932539,1652.7077164,15.69257298,,Imaging,2004,2825.0,0.21887
Kepler-289 e,Kepler-289,17.4,2.94,330.0716,Transit,2025,5990.0,0.985
K2-8 b,K2-8,12.5,3.58,10.35239,Transit,2015,4870.0,0.74
HATS-33 b,HATS-33,378.85336,13.78707,2.5495551,Transit,2016,5659.0,1.022
Kepler-539 b,Kepler-539,308.2951,8.373123,125.63243,Transit,2016,5820.0,0.952
Kepler-80 d,Kepler-80,6.75,1.53,3.07222,Transit,2014,4540.0,0.678
pi Men d,HD 39091,13.38,3.72,124.64,Radial Velocity,2022,5998.0,1.19
K2-254 c,K2-254,5.43,2.19,12.11839,Transit,2018,4629.0,0.67
Kepler-1504 b,Kepler-1504,5.18,2.13,82.304003,Transit,2016,5393.0,0.81
HD 206255 b,HD 206255,34.2,6.47,96.045,Radial Velocity,2019,5635.0,2.221489
HD 38283 b,HD 38283,127.132,14.0,363.20001,Radial Velocity,2010,5981.0,1.49
Kepler-341 b,Kepler-341,1.76,1.18,5.195528,Transit,2014,6012.0,1.024
Kepler-676 b,Kepler-676,9.48,3.04,11.59822172,Transit,2016,3701.0,0.49
K2-199 b,K2-199,6.9,1.73,3.2253993,Transit,2018,4491.0,0.682
Kepler-598 c,Kepler-598,9.4,3.02420941,86.4945,Transit,2020,5245.0,0.900316
TIC 153919886 b,TIC 153919886,7.78,2.70601108,2.10510492329,Transit,2026,4137.16,0.591697
Kepler-25 b,Kepler-25,8.7,2.748,6.238297,Transit,2011,6354.0,1.316
Kepler-1669 b,Kepler-1669,8.15,2.78043818,9.51216,Transit,2020,4303.0,0.714145
Kepler-284 c,Kepler-284,7.32,2.61,37.514456,Transit,2014,5615.0,0.814
HD 55696 b,HD 55696,1357.12729789,12.9,1827.0,Radial Velocity,2018,6012.0,1.52
24 Sex b,24 Sex,632.46,13.4,452.8,Radial Velocity,2010,5098.0,4.9
Kepler-895 b,Kepler-895,2.99,1.54,2.806242328,Transit,2016,4315.0,0.61
Kepler-288 d,Kepler-288,7.61,2.67,56.633742,Transit,2014,5918.0,1.091
Kepler-787 b,Kepler-787,2.18,1.28,0.928310498,Transit,2016,4248.0,0.62
K2-352 d,K2-352,5.6,2.23,14.871387,Transit,2021,5791.0,0.95
Kepler-295 c,Kepler-295,1.71,1.17,21.526258,Transit,2014,5603.0,0.898
TOI-808 b,TOI-808,5.49,2.20344362,9.73944854026,Transit,2026,5078.2,0.833198
HD 8673 b,HD 8673,4210.59073594,12.3,1644.69097,Radial Velocity,2009,6389.05,1.50225
Kepler-646 b,Kepler-646,4.62,1.99,15.87364565,Transit,2016,5634.0,0.91
WASP-150 b,WASP-150,2688.8418,11.99363,5.644207,Transit,2020,6218.0,1.651
TOI-2134 c,TOI-2134,58.3,7.35,95.85284,Transit,2023,4580.0,0.709
TOI-4010 e,TOI-4010,692.0,13.3,762.0,Radial Velocity,2023,4960.0,0.83
Kepler-230 b,Kepler-230,16.8,4.26,32.625555,Transit,2014,5588.0,0.817
HD 11506 b,HD 11506,1551.00262616,12.9,1617.7,Radial Velocity,2007,6123.0,1.24
Kepler-1880 b,Kepler-1880,5.13,2.11686218,6.309219837,Transit,2021,4380.0,0.53
HD 9174 b,HD 9174,352.7913,13.7,1179.0,Radial Velocity,2016,5577.0,1.67
Kepler-149 d,Kepler-149,14.9,3.96,160.018032,Transit,2014,5381.0,0.953
GJ 4274 b,GJ 4274,2.97,1.53,1.6339,Radial Velocity,2026,3228.0,0.19
Kepler-523 b,Kepler-523,4.5,1.96,5.835983111,Transit,2016,5515.0,0.86
TIC 34085383 b,TIC 34085383,14.6,3.91982296,3.47793368523,Transit,2026,4694.84,0.809951
GJ 724 b,GJ 724,10.75,3.27,5.101284,Radial Velocity,2023,3799.0,0.52226
TOI-1994 b,TOI-1994,7024.0077947,13.67495645,4.0337142,Transit,2024,7700.0,2.3
TOI-3682 b,TOI-3682,69.28659273,12.80065596,3.3462406,Transit,2025,5703.0,1.735
GJ 667 C f,GJ 667 C,2.7,1.45,39.026,Radial Velocity,2013,3350.0,
Kepler-896 c,Kepler-896,10.1,3.15,29.5422566,Transit,2023,5510.0,0.803
HD 34445 c,HD 34445,53.5,8.42,214.67,Radial Velocity,2017,5836.0,1.38
TOI-1842 b,TOI-1842,89.4,12.3485023,9.5739181,Transit,2021,6039.0,2.032
Kepler-385 b,Kepler-385,12.8,2.73,10.043686,Transit,2014,6326.0,1.126
TOI-4588 b,TOI-4588,8.9,2.92922558,13.11881173651,Transit,2026,7746.12,1.57458
Kepler-1715 b,Kepler-1715,16.0,4.14042267,35.59730148,Transit,2021,6212.0,1.209
HD 151450 c,HD 151450,1636.18063924,12.8,18144.76236,Radial Velocity,2022,6091.98,1.17184
Kepler-1885 b,Kepler-1885,2.89,1.51110555,2.522559881,Transit,2021,5591.0,0.86
HD 27631 b,HD 27631,495.81231492,13.5,2198.14,Radial Velocity,2012,5737.0,0.923
Kepler-635 b,Kepler-635,7.46,2.64,23.44971004,Transit,2016,6174.0,1.51
TOI-1803 c,TOI-1803,8.0,4.29,12.885779,Transit,2025,4687.0,0.715
HD 204313 c,HD 204313,17.16273398,4.31,34.95875,Radial Velocity,2015,5767.0,1.1
HD 141399 b,HD 141399,143.34133,14.3,94.44,Radial Velocity,2014,5600.0,1.387236
Kepler-83 d,Kepler-83,4.1,1.94,5.169796,Transit,2014,4648.0,0.594
Kepler-31 c,Kepler-31,1493.7,5.3,42.6318,Transit,2011,6340.0,1.22
Kepler-143 c,Kepler-143,11.3,3.37,27.082511,Transit,2014,5848.0,1.359
HD 108341 b,HD 108341,715.11391575,13.3,1129.0,Radial Velocity,2014,5122.0,0.79
Kepler-1116 b,Kepler-1116,6.99,2.54,41.6977827,Transit,2016,5641.0,0.93
ups Leo b,ups Leo,162.09248757,14.2,385.2,Radial Velocity,2021,4836.0,11.22
Kepler-342 b,Kepler-342,5.69,2.25,15.170318,Transit,2014,6175.0,1.472
Kepler-58 c,Kepler-58,53.0,2.86,15.5741568,Transit,2012,5843.0,1.03
HD 238914 b,HD 238914,1906.98,12.8,4100.0,Radial Velocity,2018,4769.0,12.73
TOI-2260 b,TOI-2260,3.26,1.62,0.3524728,Transit,2022,5534.0,0.94
TOI-500 b,TOI-500,1.42,1.166,0.548177,Transit,2022,4440.0,0.678
OGLE-2018-BLG-0977L b,OGLE-2018-BLG-0977L,6.4,2.41,,Microlensing,2022,,
KMT-2024-BLG-1044L b,KMT-2024-BLG-1044L,7.75,2.7,,Microlensing,2024,,
TOI-3693 b,TOI-3693,324.18497514,12.59889431,9.088516,Transit,2022,5321.0,0.791
TOI-2537 c,TOI-2537,2297.89938261,12.7,1920.0,Radial Velocity,2024,4870.0,0.771
K2-352 c,K2-352,4.35,1.92,8.234885,Transit,2021,5791.0,0.95
Kepler-622 b,Kepler-622,5.18,2.13,14.28226676,Transit,2016,4201.0,0.61
OGLE-2019-BLG-0249L b,OGLE-2019-BLG-0249L,2262.93825784,12.7,,Microlensing,2023,,
TOI-1408 c,TOI-1408,7.6,2.22,2.1664,Transit Timing Variations,2024,6117.0,1.53
Kepler-227 c,Kepler-227,9.48,3.04,54.418694,Transit,2014,5854.0,1.091
HD 165131 b,HD 165131,5943.3912109,12.1,2342.6,Radial Velocity,2023,5870.0,1.06419
HIP 86221 b,HIP 86221,225.65816897,14.0,2.224,Radial Velocity,2021,,
Kepler-1268 b,Kepler-1268,4.78,2.03,40.9903986,Transit,2016,5904.0,1.09
K2-47 b,K2-47,4.23,1.89,31.6372,Transit,2016,5054.0,0.76
Kepler-44 b,Kepler-44,317.82,12.22,3.2467293,Transit,2011,5800.0,1.35
Kepler-1535 b,Kepler-1535,7.04,2.55,138.9442,Transit,2016,6021.0,1.11
K2-266 c,K2-266,0.29013072,0.705,7.814,Transit,2018,4285.0,0.703
Kepler-1460 b,Kepler-1460,4.5,1.96,29.9633247,Transit,2016,4422.0,0.67
K2-368 c,K2-368,2.42,1.361,9.660186,Transit,2022,4663.0,0.663
TOI-2346 b,TOI-2346,394.10722468,16.11851425,3.3312029,Transit,2025,6480.0,1.38
Kepler-260 c,Kepler-260,3.68,1.74,76.050178,Transit,2014,5250.0,0.862
Kepler-41 b,Kepler-41,177.98,14.46,1.8555582,Transit,2011,5750.0,1.29
Kepler-94 c,Kepler-94,3126.0,12.5,820.3,Radial Velocity,2014,4781.0,0.76
HAT-P-37 b,HAT-P-37,371.528,13.204,2.797436,Transit,2011,5500.0,0.877
WASP-103 b,WASP-103,473.547,17.127,0.925542,Transit,2014,6110.0,1.436
Kepler-478 b,Kepler-478,7.8,2.71,13.2217576,Transit,2016,5210.0,0.8
KMT-2019-BLG-1806L b,KMT-2019-BLG-1806L,4.67,2.0,,Microlensing,2023,,
Kepler-1015 b,Kepler-1015,12.3,3.55,16.00494214,Transit,2016,6769.0,1.81
Kepler-1789 b,Kepler-1789,8.4,2.83137505,80.23190308,Transit,2021,5436.0,0.888
OGLE-2007-BLG-368L b,OGLE-2007-BLG-368L,20.0,4.72,,Microlensing,2009,,
TIC 154870955 b,TIC 154870955,9.77,3.09467466,7.9698747128,Transit,2026,4739.58,0.724328
TOI-6564 b,TOI-6564,222.16205649,16.39873876,3.985413,Transit,2026,5943.0,1.7
HD 133131 B b,HD 133131 B,794.575,13.3,5769.0,Radial Velocity,2016,5805.0,0.989538
GJ 2030 b,GJ 2030,4.76742611,2.03,2.38129,Radial Velocity,2022,5485.0,2.24104
Kepler-19 c,Kepler-19,13.1,3.68,28.731,Transit Timing Variations,2011,5544.0,0.859
HD 79181 b,HD 79181,203.41018048,14.1,273.1,Radial Velocity,2021,4862.0,11.06
OGLE-2018-BLG-0532L b,OGLE-2018-BLG-0532L,6.228,2.37,,Microlensing,2020,,
HD 85390 b,HD 85390,31.46517,6.16,799.52,Radial Velocity,2011,5186.0,0.8
Kepler-1727 b,Kepler-1727,10.2,3.17321625,9.029299736,Transit,2021,5349.0,0.82
TOI-1238 c,TOI-1238,8.32,2.11,3.294736,Transit,2022,4089.0,0.58
Kapteyn c,Kapteyn,7.0,2.54,121.54,Radial Velocity,2014,3550.0,0.291
Kepler-1218 b,Kepler-1218,2.67,1.44,22.9221266,Transit,2016,5986.0,1.1
TOI-209 b,TOI-209,6.32,2.3947209,4.37943587445,Transit,2026,4806.66,0.742779
HD 27894 d,HD 27894,2063.65984665,12.7,5019.54244,Radial Velocity,2017,4875.0,0.891767
Kepler-1541 b,Kepler-1541,1.65,1.16,8.40691199,Transit,2016,5282.0,0.81
Kepler-531 b,Kepler-531,8.15,2.78,29.88485741,Transit,2016,4893.0,0.75
TOI-700 e,TOI-700,0.818,0.953,27.80978,Transit,2023,3459.0,0.421
Kepler-727 b,Kepler-727,6.94,2.53,5.154484417,Transit,2016,5441.0,0.86
KELT-3 b,KELT-3,616.5902,17.48604,2.70339,Transit,2013,6304.0,1.7
Kepler-892 b,Kepler-892,8.3,2.81,13.7521072,Transit,2016,4747.0,0.72
Kepler-1891 b,Kepler-1891,2.93,1.52139156,4.02229023,Transit,2021,5516.0,0.827
TOI-201 d,TOI-201,5.8,1.39,5.84889,Transit,2026,6423.0,1.31
Kepler-876 b,Kepler-876,2.63,1.43,5.14438011,Transit,2016,5060.0,0.77
MOA-2022-BLG-091L b,MOA-2022-BLG-091L,1141.00398113,13.0,,Microlensing,2025,,
KMT-2021-BLG-2294L b,KMT-2021-BLG-2294L,22.24798849,5.02,,Microlensing,2022,,
HD 81040 b,HD 81040,2301.07766668,12.6,1002.7,Radial Velocity,2005,5755.0,0.91
Kepler-1456 b,Kepler-1456,1.55,1.14,18.1373829,Transit,2016,4231.0,0.62
GJ 1252 b,GJ 1252,1.32,1.193,0.5182331,Transit,2020,3458.0,0.391
Kepler-357 b,Kepler-357,4.04,1.84,6.475434,Transit,2014,5036.0,0.834
Kepler-224 b,Kepler-224,2.51,1.39,3.132924,Transit,2014,5018.0,0.676
Kepler-1366 b,Kepler-1366,2.63,1.43,2.164570968,Transit,2016,4070.0,0.6
OGLE-2016-BLG-1266L b,OGLE-2016-BLG-1266L,3813.940884,12.4,,Microlensing,2018,,
Kepler-23 d,Kepler-23,4.44,2.206,15.27,Transit,2014,5828.0,1.548
LHS 475 b,LHS 475,0.941,0.991,2.029088,Transit,2023,3300.0,0.2789
Kepler-1510 b,Kepler-1510,11.2,3.36,84.703921,Transit,2016,6200.0,1.28
TIC 270471727 b,TIC 270471727,8.0,2.75029559,10.45623256647,Transit,2026,5271.39,0.997091
TOI-2196 b,TOI-2196,26.0,3.51,1.1947268,Transit,2022,5634.0,1.043
Kepler-1814 b,Kepler-1814,6.21,2.36961357,2.935359955,Transit,2021,4922.0,0.823
HD 66428 b,HD 66428,3478.94974302,12.4,2269.81726,Radial Velocity,2005,5716.0,1.13
HIP 8923 b,HIP 8923,3171.92750186,12.5,5160.0,Radial Velocity,2026,5980.0,1.32164
TOI-1411 b,TOI-1411,2.0,1.19880592,1.4520527,Transit,2022,4115.0,0.614
Kepler-1004 b,Kepler-1004,32.5,6.28,5.28789787,Transit,2016,4972.0,3.39
K2-380 b,K2-380,7.89,2.729,9.401312,Transit,2022,5911.0,1.32
TYC 4282-00605-1 b,TYC 4282-00605-1,3426.2074,12.4,101.54,Radial Velocity,2017,4300.0,16.21
Kepler-165 c,Kepler-165,5.6,2.23,15.31299,Transit,2014,5211.0,0.77
Kepler-1500 b,Kepler-1500,1.87,1.2,15.0330105,Transit,2016,5845.0,1.0
Kepler-1911 b,Kepler-1911,1.01,1.011,5.990799904,Transit,2021,5721.0,0.972
Kepler-371 b,Kepler-371,4.23,1.89,34.763278,Transit,2014,5666.0,0.992
TOI-3023 b,TOI-3023,197.05361234,16.43236571,3.9014971,Transit,2023,5760.0,1.668
Kepler-46 d,Kepler-46,3.33,1.64,6.766589,Transit,2014,5309.0,0.79
HD 13167 b,HD 13167,1052.0173,13.1,2613.0,Radial Velocity,2018,5671.0,2.39
HD 148164 c,HD 148164,1640.0028,12.8,5062.0,Radial Velocity,2018,6032.0,1.34
HD 207832 b,HD 207832,177.9848,14.2,160.07,Radial Velocity,2012,5726.0,0.89
Kepler-1598 b,Kepler-1598,0.809,0.95,4.34195123,Transit,2016,5940.0,1.09
K2-224 b,K2-224,3.05,1.56,4.47904,Transit,2018,5620.0,0.84
Kepler-256 c,Kepler-256,5.27,2.15,3.38802,Transit,2014,5551.0,1.301
Kepler-1066 b,Kepler-1066,6.17,2.36,1.931559839,Transit,2016,5762.0,0.98
Kepler-1464 b,Kepler-1464,3.39,1.66,31.7785901,Transit,2016,5828.0,1.01
HD 187085 b,HD 187085,265.70588,13.9,1019.74,Radial Velocity,2006,6117.0,1.27
Kepler-262 c,Kepler-262,3.33,1.64,21.853722,Transit,2014,5841.0,0.881
TOI-1811 b,TOI-1811,308.9292116,11.14172682,3.7130765,Transit,2023,4766.0,0.769
Kepler-1012 b,Kepler-1012,2.21,1.29,5.50860439,Transit,2016,5556.0,0.91
Kepler-1221 b,Kepler-1221,4.19,1.88,12.00096042,Transit,2016,5194.0,0.82
TIC 393818343 b,TIC 393818343,1379.37528638,12.18416202,16.24921,Transit,2024,5756.0,1.086
Kepler-805 b,Kepler-805,8.7,2.89,30.8638931,Transit,2016,6112.0,1.65
Kepler-363 b,Kepler-363,1.65,1.16,3.614568,Transit,2014,5593.0,1.485
17 Sco b,17 Sco,1373.01871824,12.9,578.38,Radial Velocity,2020,4157.0,25.92
TOI-733 b,TOI-733,5.72,1.992,4.884765,Transit,2023,5585.0,0.949
Kepler-114 d,Kepler-114,3.9,2.53,11.776,Transit,2013,4660.0,0.54
Kepler-264 c,Kepler-264,8.4,2.83,140.101261,Transit,2014,6158.0,1.55
GJ 357 d,GJ 357,6.1,2.34,55.661,Radial Velocity,2019,3505.0,0.337
Kepler-1084 b,Kepler-1084,1.41,1.11,2.05333679,Transit,2016,6113.0,1.28
Kepler-1242 b,Kepler-1242,5.73,2.26,13.62798432,Transit,2016,4895.0,0.74
Kepler-319 c,Kepler-319,7.41,2.63,6.941357,Transit,2014,5526.0,0.903
Kepler-85 d,Kepler-85,8.69679,1.2,17.91323,Transit,2014,5436.0,0.893
K2-214 b,K2-214,6.85,2.51,8.59656,Transit,2018,5875.0,1.236
NN Ser c,NN Ser,2329.6,12.6,6987.0,Eclipse Timing Variations,2010,57000.0,
TOI-1732 b,TOI-1732,6.78,2.49549787,4.11923678339,Transit,2026,4201.93,0.632571
HD 93385 b,HD 93385,4.2,1.88,7.3426,Radial Velocity,2021,5977.0,1.18484
TOI-2257 b,TOI-2257,5.45,2.194,35.189346,Transit,2021,3430.0,0.313
Kepler-1802 b,Kepler-1802,3.43,1.671,15.45020008,Transit,2021,4245.0,0.637
TOI-6008 b,TOI-6008,4.0,1.03,0.8574347,Transit,2024,3075.0,0.242
TOI-469.01,TOI-469,9.1,3.41,13.6308205,Transit,2021,5289.0,0.98
Kepler-1437 b,Kepler-1437,2.45,1.37,10.9295461,Transit,2016,5557.0,0.9
TOI-3757 b,TOI-3757,85.3,12.0,3.438753,Transit,2022,3913.0,0.62
Kepler-1099 b,Kepler-1099,8.4,2.83,2.168452593,Transit,2016,5837.0,1.0
Kepler-87 b,Kepler-87,324.2,13.49,114.73635,Transit,2013,5600.0,1.82
TOI-3980 b,TOI-3980,187.51876013,14.4595851,3.6089254,Transit,2025,5840.0,1.626
Kepler-330 b,Kepler-330,2.39,1.35,8.25978,Transit,2014,5117.0,0.722
Kepler-226 c,Kepler-226,45.2,2.27,5.349555,Transit,2014,5571.0,0.802
BD+03 2562 b,BD+03 2562,2034.112,12.7,481.9,Radial Velocity,2017,4095.0,32.35
KMT-2016-BLG-2605L b,KMT-2016-BLG-2605L,245.0457018,14.0,,Microlensing,2021,,
Kepler-587 b,Kepler-587,5.6,2.23,10.94027841,Transit,2016,5549.0,0.89
EPIC 201238110 b,EPIC 201238110,4.16,1.87,28.1656,Transit,2019,3587.0,0.374
Kepler-154 d,Kepler-154,14.1,3.84,20.54981883,Transit,2016,5769.0,0.98
Kepler-279 e,Kepler-279,56.0,4.13,98.3531,Transit,2025,6689.45,1.43
K2-197 b,K2-197,7.08,2.56,8.357881,Transit,2018,5667.0,0.93
MOA-2016-BLG-227L b,MOA-2016-BLG-227L,890.0,13.2,,Microlensing,2017,,
HD 28192 b,HD 28192,99.7981198,12.2,14.23283,Radial Velocity,2022,5919.87,1.07094
TIC 88692598 b,TIC 88692598,3.94,1.81295951,2.64909436758,Transit,2026,3483.17,0.532473
Kepler-20 g,Kepler-20,19.96,4.71,34.94,Radial Velocity,2016,5495.0,0.9639
TYC 3667-1280-1 b,TYC 3667-1280-1,1716.282,12.8,26.468,Radial Velocity,2016,5130.0,6.26
Kepler-215 b,Kepler-215,3.26,1.62,9.360672,Transit,2014,5739.0,1.027
Kepler-1172 b,Kepler-1172,10.3,3.2,26.0204423,Transit,2016,5558.0,0.89
Kepler-195 c,Kepler-195,3.02,1.55,34.096863,Transit,2014,5329.0,0.775
K2-240 c,K2-240,3.89,1.8,20.523,Transit,2018,3810.0,0.54
HD 190228 b,HD 190228,1598.67688721,12.9,1143.59858,Radial Velocity,2022,5360.0,2.58658
KMT-2023-BLG-0119L b,KMT-2023-BLG-0119L,83.7,11.0,,Microlensing,2025,,
Kepler-442 b,Kepler-442,2.36,1.34,112.3053,Transit,2015,4402.0,0.598
Kepler-1495 b,Kepler-1495,8.96,2.94,85.273256,Transit,2016,5831.0,1.04
HD 164509 b,HD 164509,140.79869,14.3,280.17,Radial Velocity,2012,5859.0,1.11
TOI-815 b,TOI-815,7.6,2.94,11.197259,Transit,2024,4869.0,0.77
Kepler-232 b,Kepler-232,9.69,3.08,4.431222,Transit,2014,5847.0,0.968
HD 141399 d,HD 141399,375.0394,13.7,1069.8,Radial Velocity,2014,5600.0,1.387236
Ross 458 c,Ross 458,1906.98,14.01125,,Imaging,2010,3965.42,0.562566
Kepler-159 c,Kepler-159,11.5,3.41,43.595792,Transit,2014,4625.0,0.663
HIP 67851 b,HIP 67851,365.50266805,13.7,89.23,Radial Velocity,2015,4840.0,5.45
KOI-3680 b,KOI-3680,613.4119,11.09691,141.241671,Transit,2018,5830.0,0.96
G 268-110 b,G 268-110,1.52,1.13,1.43263,Radial Velocity,2025,,0.177
Kepler-1463 b,Kepler-1463,4.12,1.86,25.15864,Transit,2016,5679.0,0.95
Kepler-712 c,Kepler-712,21.0,4.85,226.89047,Transit,2016,5148.0,0.78
Kepler-1983 b,Kepler-1983,6.04,2.33,7.32851947,Transit,2023,5135.0,0.874
TOI-1231 b,TOI-1231,15.4,3.65,24.245586,Transit,2021,3553.0,0.476
HATS-36 b,HATS-36,1022.14128,12.92,4.175186,Transit,2018,5950.0,1.1
GJ 3138 c,GJ 3138,4.18,1.88,5.974,Radial Velocity,2017,3717.0,0.5
PSR B1257+12 b,PSR B1257+12,0.02,0.338,25.262,Pulsar Timing,1994,,
HD 203387 c,HD 203387,2378.9456264,12.6,2481.07227,Radial Velocity,2022,5174.32,10.5852
Kepler-55 b,Kepler-55,43.0,2.43,27.9481449,Transit,2012,4362.0,0.58
Kepler-158 b,Kepler-158,5.14,2.12,16.709184,Transit,2014,4623.0,0.624
Kepler-1926 b,Kepler-1926,5.97,2.31495961,42.87770081,Transit,2021,5256.0,0.832
TOI-2154 b,TOI-2154,292.40213444,16.28664896,3.8240801,Transit,2023,6280.0,1.396
HU Aqr AB b,HU Aqr,1875.197,12.8,2390.0,Eclipse Timing Variations,2011,5952.0,
HD 116029 b,HD 116029,444.962,13.6,670.0,Radial Velocity,2011,4819.0,4.89
K2-42 b,K2-42,5.27,2.15,6.68796,Transit,2016,4613.0,0.643
TOI-4666 b,TOI-4666,155.41809102,12.53164042,2.9089165,Transit,2025,3793.0,0.585
K2-32 c,K2-32,8.1,3.134,20.66093,Transit,2016,5271.0,0.86
Kepler-1532 b,Kepler-1532,2.39,1.35,1.093663559,Transit,2016,5559.0,0.88
K2-81 b,K2-81,4.54,1.97,6.102325,Transit,2016,4674.13,0.634663
WASP-160 B b,WASP-160 B,88.35674,12.21781,3.7684952,Transit,2018,5298.0,0.868
Wolf 1069 b,Wolf 1069,1.26,1.08,15.564,Radial Velocity,2023,3158.0,0.1813
TrES-3 b,TrES-3,607.03,14.975,1.30618581,Transit,2007,5650.0,0.829
Kepler-1130 d,Kepler-1130,0.202,0.64472273,4.272250175,Transit,2021,5450.0,0.842
HD 5608 b,HD 5608,371.22357938,13.7,768.7,Radial Velocity,2012,4807.0,5.43
HIP 39017 b,HIP 39017,7500.7504052,12.0,31000.0,Imaging,2024,7201.0,1.51987
K2-287 b,K2-287,100.11645,9.494023,14.893291,Transit,2018,5695.0,1.07
TOI-5027 b,TOI-5027,642.01338214,10.76062147,10.24368,Transit,2025,5909.0,0.92
HD 158259 d,HD 158259,5.41,2.18,5.1980814,Radial Velocity,2020,5801.89,1.21
WASP-138 b,WASP-138,387.7526,12.21781,3.634433,Transit,2016,6272.0,1.36
Kepler-1185 b,Kepler-1185,2.33,1.33,104.3518976,Transit,2016,5622.0,0.87
WASP-148 b,WASP-148,91.21675281,8.47398941,8.803809,Transit,2020,5555.0,0.912
TOI-5181 A b,TOI-5181 A,330.54154328,13.34989601,3.8922295,Transit,2025,6060.0,1.53
Kepler-599 b,Kepler-599,8.45,2.84,15.65562652,Transit,2016,5127.0,0.79
Kepler-1033 b,Kepler-1033,6.85,2.51,7.56052806,Transit,2016,5547.0,0.92
K2-200 b,K2-200,2.43,1.3643987,2.849883,Transit,2018,5233.0,0.791736
K2-219 c,K2-219,2.66,1.43839723,6.66767,Transit,2018,5753.0,1.189232
TOI-1772.01,TOI-1772,8.78,2.905,8.054246874,Transit,2024,5583.0,0.995
TOI-2285 b,TOI-2285,19.5,1.77,13.635109,Transit,2021,3491.0,0.464
HD 37124 b,HD 37124,214.53525,14.0,154.378,Radial Velocity,2002,5698.64,0.949168
Kepler-730 c,Kepler-730,3.09,1.56926,2.85188338,Transit,2018,5620.0,1.411
Kepler-158 d,Kepler-158,0.0472,0.43,0.645088,Transit,2024,4895.97,0.668
Kepler-513 b,Kepler-513,5.48,2.2,28.86235584,Transit,2016,5849.0,1.06
Kepler-1520 b,Kepler-1520,28.1,5.77,0.653553572,Transit,2016,4677.0,0.71
GJ 3293 b,GJ 3293,23.54,5.19,30.5987,Radial Velocity,2015,3466.0,0.404
KMT-2021-BLG-2478L b,KMT-2021-BLG-2478L,286.0455663,13.9,,Microlensing,2023,,
TOI-1180 b,TOI-1180,10.0,3.072,9.686760378,Transit,2024,4738.0,0.73
WASP-178 b,WASP-178,527.5978,20.28829,3.3448285,Transit,2019,9360.0,1.67
TOI-4994 b,TOI-4994,88.99195396,8.54124329,21.491984,Transit,2024,5640.0,1.055
Kepler-782 b,Kepler-782,10.4,3.21,158.6853308,Transit,2016,5867.0,1.01
Kepler-63 b,Kepler-63,120.0,6.11,9.4341505,Transit,2013,5576.0,0.901
Kepler-132 b,Kepler-132,1.92,1.21,6.178196,Transit,2014,6003.0,1.178
Kepler-529 b,Kepler-529,4.12,1.86,1.980357663,Transit,2016,6087.0,1.14
11 UMi b,11 UMi,4684.8142,12.3,516.21997,Radial Velocity,2009,4213.0,29.79
K2-354 b,K2-354,3.05,1.56,3.793306,Transit,2021,3669.0,0.41
Kepler-60 c,Kepler-60,3.85,1.9,8.9187,Transit,2012,5905.0,1.257
Kepler-330 c,Kepler-330,4.46,1.95,15.955387,Transit,2014,5117.0,0.722
Kepler-243 c,Kepler-243,4.62,1.99,20.026218,Transit,2014,5228.0,0.842
TOI-1452 b,TOI-1452,4.82,1.672,11.06201,Transit,2022,3185.0,0.275
KMT-2024-BLG-1281L b,KMT-2024-BLG-1281L,19.06970442,4.59,,Microlensing,2025,,
Kepler-264 b,Kepler-264,11.1,3.33,40.806231,Transit,2014,6158.0,1.55
Kepler-110 b,Kepler-110,4.01,1.83,12.691112,Transit,2014,5960.0,1.149
Kepler-809 b,Kepler-809,9.32,3.01,55.63934,Transit,2016,5734.0,0.98
Kepler-301 d,Kepler-301,3.71,1.75,13.751243,Transit,2014,5815.0,0.9
TOI-1136 b,TOI-1136,3.5,1.9,4.1727,Transit,2022,5770.0,0.968
Kepler-1614 b,Kepler-1614,2.83,1.49,3.9466141,Transit,2016,5121.0,0.76
HD 136925 b,HD 136925,266.97586188,13.9,4540.0,Radial Velocity,2021,5773.19,1.193078
Kepler-1296 b,Kepler-1296,0.693,0.91,8.3839865,Transit,2016,5359.0,0.83
Kepler-1114 b,Kepler-1114,2.39,1.35,14.97435694,Transit,2016,5374.0,0.83
K2-240 b,K2-240,4.66,2.0,6.034,Transit,2018,3810.0,0.54
Kepler-210 b,Kepler-210,8.96,2.94,2.453234,Transit,2014,4559.0,0.65
Kepler-306 c,Kepler-306,6.12,2.35,7.240193,Transit,2014,4954.0,0.719
CoRoT-20 b,CoRoT-20,1366.669,9.41556,9.24285,Transit,2011,5880.0,1.02
WASP-95 b,WASP-95,457.6752,13.78707,2.18467,Transit,2014,5830.0,1.23
Kepler-162 c,Kepler-162,9.43,3.03,19.446355,Transit,2014,5816.0,0.958
Kepler-1848 b,Kepler-1848,2.57,1.4088539,5.604020119,Transit,2021,4847.0,0.737
K2-187 d,K2-187,6.35,2.4,7.149584,Transit,2018,5438.0,0.83
TOI-1243 b,TOI-1243,7.7,2.33,4.6594779,Transit,2026,3515.0,0.511
TOI-375 d,TOI-375,445.59542661,13.6,297.9,Radial Velocity,2026,5259.9,2.9
Kepler-197 e,Kepler-197,0.693,0.91,25.209715,Transit,2014,6004.0,1.12
MOA-2011-BLG-262L b,MOA-2011-BLG-262L,17.0,4.29,,Microlensing,2014,,
HAT-P-68 b,HAT-P-68,230.10892,12.016048,2.29840551,Transit,2020,4508.0,0.6701
KIC 9663113 b,KIC 9663113,19.2,4.6,572.3847,Transit,2015,6065.0,1.03
L 98-59 d,L 98-59,1.64,1.627,7.450729,Transit,2019,3415.0,0.3155
K2-248 b,K2-248,7.13,2.57,7.17256,Transit,2018,5528.0,0.92
HAT-P-58 b,HAT-P-58,118.2321674,14.93036229,4.0138379,Transit,2021,6078.0,1.53
KMT-2017-BLG-1194L b,KMT-2017-BLG-1194L,3.54,1.7,,Microlensing,2023,,
Kepler-1315 c,Kepler-1315,4.06,1.84398883,6.566060066,Transit,2021,4818.0,0.856
Kepler-169 c,Kepler-169,1.92,1.21,6.195469,Transit,2014,4997.0,0.763
Kepler-1698 b,Kepler-1698,1.25,1.07315686,1.2107,Transit,2020,4975.03,0.741698
Kepler-383 b,Kepler-383,2.3,1.32,12.904532,Transit,2014,4710.0,0.672
L 168-9 b,L 168-9,4.07,1.63,1.40152604,Transit,2020,3842.0,0.604
HD 32518 b,HD 32518,905.49313154,13.2,157.35,Radial Velocity,2009,4580.0,10.22
NGTS-12 b,NGTS-12,66.10864,11.747032,7.532806,Transit,2020,5690.0,1.589
Kepler-933 b,Kepler-933,6.62,2.46,14.20443009,Transit,2016,5346.0,0.84
MOA-bin-29 b,MOA-bin-29,190.0,14.1,,Microlensing,2019,,
Kepler-1240 b,Kepler-1240,1.6,1.15,4.8663815,Transit,2016,5682.0,0.96
Kepler-1119 b,Kepler-1119,4.35,1.92,8.3265153,Transit,2016,6083.0,1.17
TOI-5005 b,TOI-5005,32.7,6.25,6.3085044,Transit,2024,5749.0,0.93
TOI-5319 b,TOI-5319,8.4,2.83,4.07853,Transit,2024,3580.0,0.485
WASP-21 b,WASP-21,95.345,11.99,4.322482,Transit,2010,5800.0,1.06
Kepler-991 b,Kepler-991,6.99,2.54,82.5342519,Transit,2016,4392.0,0.61
HD 148156 b,HD 148156,270.144,13.9,1027.0,Radial Velocity,2009,6308.0,1.21
Kepler-79 c,Kepler-79,4.6,3.76,27.4026,Transit,2012,6389.0,1.316
TOI-4155 b,TOI-4155,10.4,3.21,3.320729,Transit,2025,5724.0,0.95
HD 4208 b,HD 4208,257.4423,13.9,832.97,Radial Velocity,2001,5717.0,0.846
Kepler-411 e,Kepler-411,10.8,3.28,31.509728,Transit Timing Variations,2018,4974.0,0.82
HD 188015 b,HD 188015,476.72,13.6,461.2,Radial Velocity,2004,5746.0,1.125296
GJ 687 c,GJ 687,16.0,4.14,727.562,Radial Velocity,2020,3413.0,0.4183
HD 221416 b,HD 221416,60.5,9.17,14.2767,Transit,2019,5080.0,2.943
HATS-57 b,HATS-57,1000.21101,12.767051,2.350621,Transit,2019,5587.0,0.96
OGLE-2005-BLG-071L b,OGLE-2005-BLG-071L,1200.0,13.0,,Microlensing,2005,,
HD 48948 c,HD 48948,7.27,2.6,38.06,Radial Velocity,2024,4593.0,0.679
Kepler-390 b,Kepler-390,0.477,0.82,6.738088,Transit,2014,5166.0,0.776
Kepler-603 c,Kepler-603,34.5,6.5,127.9075774,Transit,2016,5808.0,1.01
TOI-4662 b,TOI-4662,8.65,2.87998299,4.70343764575,Transit,2026,4520.41,0.69375
TOI-431 c,TOI-431,2.83,1.49,4.8494,Radial Velocity,2021,4850.0,0.731
HD 45652 b,HD 45652,137.62039,14.3,44.073,Radial Velocity,2008,5294.0,0.94
Kepler-332 b,Kepler-332,1.71,1.17,7.626324,Transit,2014,4955.0,0.72
Kepler-508 b,Kepler-508,3.33,1.64,25.30889748,Transit,2016,6025.0,1.25
HATS-75 b,HATS-75,156.05374784,9.90873894,2.7886556,Transit,2021,3790.4,0.5848
K2-389 b,K2-389,6.04,2.33,8.58289,Transit,2022,5773.0,1.094
HD 191939 f,HD 191939,915.34581216,13.2,2898.0,Radial Velocity,2022,5348.0,0.94
KMT-2022-BLG-1013L b,KMT-2022-BLG-1013L,98.52680617,12.1,,Microlensing,2023,,
HN Peg b,HN Peg,6991.57,11.7768,,Imaging,2006,6186.0,1.006954
WASP-31 b,WASP-31,151.916,17.363,3.4059096,Transit,2010,6302.0,1.252
TOI-2368 b,TOI-2368,206.58846455,10.83908434,5.1750073,Transit,2024,5360.0,0.846
TOI-4336 A b,TOI-4336 A,3.33,2.137,16.336351,Transit,2024,3307.0,0.326
K2-413 b,K2-413,0.363,0.7599,0.8094,Transit,2022,4116.0,0.7
Kepler-43 b,Kepler-43,1026.5909,13.663771,3.0240949,Transit,2011,6041.0,1.42
KOI-55 c,KOI-55,0.655,0.867,0.342887,Orbital Brightness Modulation,2011,27730.0,0.203
KOI-351 h,KOI-351,203.0,11.252,331.60296,Transit,2013,6031.13,1.185
TOI-3331 A b,TOI-3331 A,721.47048389,12.97999965,2.0180231,Transit,2022,5609.0,0.952
WASP-85 A b,WASP-85 A,402.05495,13.89916,2.6556777,Transit,2016,6112.0,0.935
YZ Cet d,YZ Cet,1.09,1.03,4.65626,Radial Velocity,2017,3151.0,0.157
KMT-2018-BLG-0087L b,KMT-2018-BLG-0087L,73.10053361,10.1,,Microlensing,2022,,
HD 222237 b,HD 222237,1649.52943233,12.8,14892.0,Radial Velocity,2024,4751.0,0.71
HD 99492 b,HD 99492,25.5,5.44,17.0503,Radial Velocity,2004,4929.0,0.822539
Kepler-251 b,Kepler-251,2.33,1.33,4.790936,Transit,2014,5526.0,0.89
WASP-195 b,WASP-195,33.05415433,10.31226224,5.051928,Transit,2025,6300.0,1.578
OGLE-2018-BLG-0596L b,OGLE-2018-BLG-0596L,13.93,3.81,,Microlensing,2019,,
Kepler-359 d,Kepler-359,2.7,4.01,77.095691,Transit,2014,6248.0,1.086
Kepler-830 b,Kepler-830,3.53,1.7,11.29695137,Transit,2016,6037.0,1.11
Kepler-672 b,Kepler-672,6.8,2.5,38.3774623,Transit,2016,5627.0,0.92
Kepler-198 b,Kepler-198,8.35,2.82,17.790037,Transit,2014,5574.0,0.94
Kepler-444 d,Kepler-444,0.2,0.53,6.189392,Transit,2015,5046.0,0.752
KMT-2018-BLG-0247L b,KMT-2018-BLG-0247L,670.61793877,13.4,,Microlensing,2022,,
Kepler-575 b,Kepler-575,6.3,2.39,9.37891944,Transit,2016,5710.0,0.95
Kepler-1131 b,Kepler-1131,3.15,1.59,3.53232449,Transit,2016,5851.0,1.04
Kepler-808 b,Kepler-808,2.73,1.46,0.631332353,Transit,2016,4653.0,0.71
LHS 1903 b,LHS 1903,3.28,1.382,2.1555098,Transit,2026,3664.0,0.539
KMT-2023-BLG-0469L b,KMT-2023-BLG-0469L,39.41072247,7.04,,Microlensing,2024,,
DMPP-6 c,DMPP-6,13.47,3.74,36.441,Radial Velocity,2026,6182.09,1.27
Kepler-885 b,Kepler-885,6.8,2.5,18.11472949,Transit,2016,6187.0,1.35
TOI-286 c,TOI-286,3.72,1.88,39.361826,Transit,2024,5152.0,0.78
TOI-2081 b,TOI-2081,4.82,2.04,10.50534,Transit,2022,3800.0,0.534
KIC 7917485 b,KIC 7917485,3750.394,12.4,840.0,Pulsation Timing Variations,2016,7067.0,2.009938
KELT-18 b,KELT-18,375.0394,17.59813,2.8717518,Transit,2017,6670.0,1.908
HD 152843 b,HD 152843,9.82,3.05,11.62071,Transit,2021,6310.0,1.43
HD 26161 b,HD 26161,9045.39646322,11.9,10942.29013,Radial Velocity,2021,6057.62,1.455981
Kepler-1323 b,Kepler-1323,2.92,1.52,0.929906678,Transit,2016,6169.0,1.4
Kepler-151 c,Kepler-151,5.02,2.09,24.674612,Transit,2014,5460.0,0.83
KMT-2018-BLG-1743L b,KMT-2018-BLG-1743L,77.86795971,10.5,,Microlensing,2021,,
HIP 14810 c,HIP 14810,416.3573,13.6,147.747,Radial Velocity,2006,5544.0,1.07
Kepler-80 b,Kepler-80,6.93,2.67,7.05246,Transit,2012,4540.0,0.678
HD 40307 f,HD 40307,5.2,2.13,51.76,Radial Velocity,2013,4956.0,0.716684
HD 89345 b,HD 89345,34.9613,7.39794,11.8143,Transit,2018,5576.0,1.747
HIP 97166 c,HIP 97166,8.0,2.75,16.432,Radial Velocity,2021,5216.0,0.8418
HD 25463 c,HD 25463,4.3,1.36354953,3.04405,Transit,2023,6353.0,1.4182
TOI-2379 b,TOI-2379,1830.69162432,11.72459381,5.4693827,Transit,2024,3707.0,0.622
HD 96167 b,HD 96167,227.88411,14.0,498.04,Radial Velocity,2009,5733.0,1.94
Kepler-571 b,Kepler-571,7.46,2.64,4.798599388,Transit,2016,5527.0,0.9
K2-24 c,K2-24,15.4,7.5,42.3391,Transit,2016,5625.0,1.16
HR 858 b,HR 858,3.55,2.004,3.585287,Transit,2019,6354.0,1.258
Kepler-342 e,Kepler-342,0.615,0.88,1.644224613,Transit,2016,6366.0,1.34
Kepler-941 b,Kepler-941,9.69,3.08,17.42395198,Transit,2016,5539.0,0.86
TOI-4145 A b,TOI-4145 A,136.66621501,13.30506009,4.0664428,Transit,2023,5281.0,0.859
OGLE-2018-BLG-1700L b,OGLE-2018-BLG-1700L,1400.0,12.9,,Microlensing,2020,,
Kepler-709 b,Kepler-709,8.85,2.92,16.08524954,Transit,2016,5071.0,0.77
Kepler-1832 b,Kepler-1832,2.02,1.22719556,3.138789892,Transit,2021,5242.0,0.722
HAT-P-54 b,HAT-P-54,241.5508,10.581296,3.799847,Transit,2015,4390.0,0.617
HD 3167 b,HD 3167,4.844,1.601,0.95965451,Transit,2016,5338.0,0.871
Kepler-306 b,Kepler-306,2.92,1.52,4.646186,Transit,2014,4954.0,0.719
Kepler-690 b,Kepler-690,29.6,5.95,7.748094374,Transit,2016,5913.0,1.16
KOI-1843.03,Kepler-974,8.0,0.61,0.1768913,Transit,2013,3584.0,0.45
K2-416 b,K2-416,1652.7077164,2.66,13.102,Transit,2023,3746.0,0.554
Kepler-1217 b,Kepler-1217,4.62,1.99,2.032325072,Transit,2016,5905.0,1.08
Kepler-1842 b,Kepler-1842,6.14,2.35388681,14.02639961,Transit,2021,5970.0,1.131
Kepler-711 b,Kepler-711,11.5,3.41,23.58914398,Transit,2016,5222.0,0.8
K2-141 b,K2-141,4.97,1.51,0.2803244,Transit,2018,4570.0,0.681
TOI-3568 b,TOI-3568,26.4,5.3,4.417965,Transit,2024,4969.0,0.719
K2-280 b,K2-280,37.1,7.5,19.89526,Transit,2018,5500.0,1.28
Kepler-1080 b,Kepler-1080,10.8,3.28,77.2548396,Transit,2016,5956.0,1.16
Kepler-1228 b,Kepler-1228,2.99,1.54,0.577369579,Transit,2016,5063.0,0.74
Kepler-1203 b,Kepler-1203,1.2,1.06,0.588000765,Transit,2016,4105.0,0.61
TOI-5786 b,TOI-5786,73.0,8.54,12.779107,Transit,2025,6235.0,1.36
Kepler-1501 b,Kepler-1501,3.05,1.56,14.5564533,Transit,2016,6229.0,1.3
KMT-2021-BLG-0192L b,KMT-2021-BLG-0192L,34.96112477,6.56,,Microlensing,2022,,
TRAPPIST-1 b,TRAPPIST-1,1.374,1.116,1.510826,Transit,2016,2566.0,0.1192
Kepler-1164 b,Kepler-1164,1.46,1.12,3.97599768,Transit,2016,5183.0,0.79
ZTF J1828+2308 b,ZTF J1828+2308,6356.56814,11.13051784,0.1120067,Transit,2025,15900.0,0.0131
TOI-1117 c,TOI-1117,8.78,2.91,4.579,Radial Velocity,2025,5635.0,1.05
Kepler-757 b,Kepler-757,2.42,1.36,1.022678821,Transit,2016,6014.0,1.13
GJ 720 A b,GJ 720 A,13.64,3.77,19.466,Radial Velocity,2021,3837.0,0.56
Kepler-1850 b,Kepler-1850,0.313,0.72909663,1.385800004,Transit,2021,4239.0,0.6
KOI-1783.02,KOI-1783,15.0,5.44,284.215,Transit,2020,5922.0,1.143
Kepler-229 d,Kepler-229,14.2,3.85,41.194912,Transit,2014,5120.0,0.728
Gl 686 b,Gl 686,6.624,2.46,15.53,Radial Velocity,2018,3656.0,0.427
HD 44219 b,HD 44219,184.34047606,14.1,472.0,Radial Velocity,2010,5752.0,1.32
Kepler-484 b,Kepler-484,5.82,2.28,10.045569313,Transit,2016,5668.0,0.87
Kepler-142 c,Kepler-142,8.55,2.86,4.761702,Transit,2014,5790.0,1.269
HD 72659 b,HD 72659,949.67128012,13.2,3549.0,Radial Velocity,2002,5929.0,1.36
Kepler-257 d,Kepler-257,21.7,4.95,24.664551,Transit,2014,5180.0,1.037
TOI-6029 b,TOI-6029,519.64944544,14.39233122,5.7987,Transit,2024,6223.0,2.338
KMT-2022-BLG-0371L b,KMT-2022-BLG-0371L,82.63538582,10.9,,Microlensing,2023,,
K2-138 c,K2-138,6.31,2.299,3.56004,Transit,2017,5356.3,0.863
TOI-2570 b,TOI-2570,260.61929374,13.64132951,2.9887615,Transit,2022,5771.0,1.095
Kepler-629 b,Kepler-629,2.48,1.38,7.2385854,Transit,2016,5444.0,0.84
Kepler-11 b,Kepler-11,1.9,1.8,10.3039,Transit,2010,5663.0,1.065
HD 179949 b,HD 179949,291.12,13.9,3.092514,Radial Velocity,2000,6168.0,1.266865
kap CrB b,kap CrB,689.6911,13.3,1253.68,Radial Velocity,2007,4840.0,4.68
Kepler-1353 b,Kepler-1353,3.89,1.8,24.7543966,Transit,2016,4776.0,0.72
Kepler-652 b,Kepler-652,6.76,2.49,4.182002531,Transit,2016,5490.0,0.88
Kepler-386 b,Kepler-386,2.51,1.39,12.31043,Transit,2014,5178.0,0.767
NGTS-26 b,NGTS-26,92.80589484,14.88552637,4.5199279,Transit,2024,5550.0,1.16
Kepler-1502 b,Kepler-1502,10.2,3.18,41.7083629,Transit,2016,6666.0,1.72
HD 106315 c,HD 106315,15.2,4.35,21.05704,Transit,2017,6327.0,1.296
Kepler-1548 b,Kepler-1548,7.46,2.64,124.828679,Transit,2016,5706.0,0.97
HD 60532 c,HD 60532,797.7533,13.3,600.1,Radial Velocity,2008,6245.0,2.57
WASP-166 b,WASP-166,32.10083,7.06167,5.44354,Transit,2019,6050.0,1.22
Kepler-175 c,Kepler-175,9.8,3.1,34.035257,Transit,2014,6064.0,1.01
OGLE-2015-BLG-0954L b,OGLE-2015-BLG-0954L,1100.0,13.1,,Microlensing,2016,,
KMT-2021-BLG-1303L b,KMT-2021-BLG-1303L,120.77479466,13.6,,Microlensing,2022,,
WASP-84 b,WASP-84,220.0,10.72,8.52349648,Transit,2014,5280.0,0.768
Kepler-1861 b,Kepler-1861,5.5,2.20677414,40.0306015,Transit,2021,5855.0,1.373
Kepler-398 d,Kepler-398,0.615,0.88,6.83437001,Transit,2016,4557.0,0.67
TOI-2295 c,TOI-2295,1783.01736327,12.8,966.5,Radial Velocity,2024,5730.0,1.459
TOI-663 c,TOI-663,3.65,2.26,4.6955507,Transit,2024,3681.0,0.512
TOI-6448 b,TOI-6448,54.0,8.47398941,14.844261,Transit,2025,5910.0,0.897
TOI-1064 c,TOI-1064,2.5,2.651,12.226574,Transit,2022,4734.0,0.726
WASP-101 b,WASP-101,162.0933,16.02887,3.58572,Transit,2014,6380.0,1.31
HD 158259 b,HD 158259,2.22,1.28228,2.178,Radial Velocity,2020,5801.89,1.21
55 Cnc B b,55 Cnc B,3.5,1.69,6.7994,Radial Velocity,2025,3286.0,0.274
KELT-20 b,KELT-20,1074.90106,19.514869,3.4741085,Transit,2017,8720.0,1.565
Kepler-62 b,Kepler-62,9.0,1.31,5.714932,Transit,2013,4925.0,0.64
Kepler-987 b,Kepler-987,10.7,3.26,105.3033148,Transit,2016,5637.0,0.91
Kepler-385 d,Kepler-385,7.36,2.6186448,56.4159,Transit,2020,5829.0,1.157
HD 21520 b,HD 21520,17.7,2.697,25.1292,Transit,2024,5871.0,1.044
HD 28471 c,HD 28471,5.72,2.26,6.1245,Radial Velocity,2025,5766.0,1.08
TOI-4641 b,TOI-4641,1229.99593509,8.18255591,22.09341,Transit,2023,6560.0,1.72
WASP-107 c,WASP-107,111.23994245,13.0,1066.0,Radial Velocity,2020,4425.0,0.657
Kepler-49 b,Kepler-49,9.77,2.579,7.2,Transit,2012,4095.6,0.618
Kepler-115 c,Kepler-115,7.27,2.6,8.990889,Transit,2014,5979.0,1.205
ome Ser b,ome Ser,233.92170755,14.0,278.59,Radial Velocity,2013,4724.0,10.99
Kepler-79 b,Kepler-79,7.6,3.51,13.48451,Transit,2012,6389.0,1.316
Kepler-777 b,Kepler-777,2.76,1.47,5.72812599,Transit,2016,4043.0,0.56
KIC 5479689 b,KIC 5479689,158.9142035,14.2,1.701531,Orbital Brightness Modulation,2021,5459.1,0.894
KMT-2016-BLG-2364L b,KMT-2016-BLG-2364L,1250.0,13.0,,Microlensing,2020,,
CoRoT-2 b,CoRoT-2,1102.82,16.432,1.7429935,Transit,2008,5625.0,0.906
TYC 1422-614-1 b,TYC 1422-614-1,794.5,13.3,198.4,Radial Velocity,2014,4806.0,6.85
TOI-2120 b,TOI-2120,6.8,2.122,5.7998164,Transit,2024,3131.0,0.245
Kepler-265 b,Kepler-265,4.12,1.86,6.846262,Transit,2014,5835.0,1.103
Kepler-1384 b,Kepler-1384,4.42,1.94,15.36262753,Transit,2016,4919.0,0.74
Kepler-343 b,Kepler-343,6.39,2.41,8.96855,Transit,2014,5807.0,1.433
TOI-913 b,TOI-913,6.59,2.4528,11.098644,Transit,2023,4969.0,0.7325
KMT-2019-BLG-0253L b,KMT-2019-BLG-0253L,9.2,2.99,,Microlensing,2022,,
Kepler-1257 b,Kepler-1257,2.92,1.52,2.668313762,Transit,2016,5502.0,0.87
TOI-4010 c,TOI-4010,20.31,5.93,5.414654,Transit,2023,4960.0,0.83
HD 94890 c,HD 94890,2831.85110637,12.5,2492.19,Radial Velocity,2025,4867.0,10.71
Kepler-967 c,Kepler-967,12.9,3.65,198.7112502,Transit,2016,5178.0,0.8
Kepler-100 c,Kepler-100,7.05,2.2,12.8159,Transit,2014,5825.0,1.49
K2-62 c,K2-62,4.62,1.99,16.19697,Transit,2016,4455.0,0.696
TOI-700 b,TOI-700,0.704,0.914,9.977219,Transit,2020,3459.0,0.421
HD 104067 b,HD 104067,62.1,9.2,55.851,Radial Velocity,2011,4952.0,0.78
Kepler-1260 b,Kepler-1260,3.78,1.77,19.1187753,Transit,2016,5961.0,1.08
K2-377 b,K2-377,3.51,1.693,12.832235,Transit,2022,4200.0,0.691
Kepler-11 f,Kepler-11,2.0,2.49,46.6888,Transit,2010,5663.0,1.065
Kepler-1960 b,Kepler-1960,2.26,1.30749704,2.297940016,Transit,2021,6371.0,1.072
Kepler-1252 b,Kepler-1252,3.43,1.67,15.0540329,Transit,2016,5949.0,1.09
Kepler-217 d,Kepler-217,2.3,1.32,3.88689525,Transit,2016,6341.0,1.76
Kepler-1007 b,Kepler-1007,2.67,1.44,5.185002073,Transit,2016,4587.0,0.7
Kepler-659 b,Kepler-659,6.8,2.5,17.671796,Transit,2016,4870.0,0.74
HD 12661 b,HD 12661,772.3269,13.3,262.70862,Radial Velocity,2000,5645.0,1.2
Kepler-305 d,Kepler-305,6.2,2.76,16.74,Transit,2014,5090.0,0.792
Kepler-609 b,Kepler-609,11.2,3.35,6.521210666,Transit,2016,5971.0,1.14
K2-152 b,K2-152,5.86,2.29,32.6479,Transit,2018,4044.0,0.61
K2-75 b,K2-75,7.61,2.67,7.8142,Transit,2016,5995.0,1.56
HD 40956 b,HD 40956,858.141,13.2,578.6,Radial Velocity,2017,4869.0,8.56
GJ 27.1 b,GJ 27.1,13.0,3.66,15.819,Radial Velocity,2014,3542.0,0.518887
Kepler-794 b,Kepler-794,5.1,2.11,11.13125132,Transit,2016,5839.0,1.38
Kepler-218 c,Kepler-218,10.0,3.14,44.699576,Transit,2014,5502.0,1.063
TOI-4495 c,TOI-4495,23.2,4.03,5.18553,Transit,2024,6210.0,1.309
Kepler-1666 b,Kepler-1666,8.66,2.88273782,25.8476,Transit,2020,6293.0,1.14586
Kepler-798 b,Kepler-798,6.3,2.39,13.71933369,Transit,2016,6224.0,1.29
TOI-2094 b,TOI-2094,4.27,1.9,18.793193,Transit,2026,3435.0,0.384
GJ 3470 b,GJ 3470,13.9,4.57,3.3366496,Radial Velocity,2012,3600.0,0.547
EPIC 206317286 c,EPIC 206317286,5.03,2.094,17.515472,Transit,2022,4752.0,0.758
Kepler-392 b,Kepler-392,0.972,1.0,5.341853,Transit,2014,5938.0,1.129
KMT-2018-BLG-0748L b,KMT-2018-BLG-0748L,60.0,9.01,,Microlensing,2020,,
KMT-2023-BLG-0949L b,KMT-2023-BLG-0949L,1900.61387386,12.8,,Microlensing,2025,,
TOI-1743 b,TOI-1743,4.01,1.83,4.266046,Transit,2025,3277.0,0.338
HD 183263 b,HD 183263,1103.1824007,13.1,624.87404,Radial Velocity,2004,5948.0,1.23
K2-136 b,K2-136,4.3,1.014,7.97525,Transit,2017,4500.0,0.677
HD 107148 b,HD 107148,66.741,9.6,48.056,Radial Velocity,2005,5797.0,1.169193
Kepler-1514 b,Kepler-1514,1678.1424,12.419572,217.83184,Transit,2016,6145.0,1.289
Kepler-1837 b,Kepler-1837,4.92,2.06673842,5.906089783,Transit,2021,5966.0,0.961
Kepler-1986 b,Kepler-1986,4.23,1.89,19.5489666,Transit,2023,5549.0,0.732
Kepler-114 c,Kepler-114,2.8,1.6,8.041,Transit,2013,4660.0,0.54
Kepler-20 c,Kepler-20,11.1,2.894,10.8540774,Transit,2011,5495.0,0.9164
Kepler-1093 c,Kepler-1093,4.5,1.96,89.722292,Transit,2016,6166.0,1.2
Kepler-934 b,Kepler-934,5.02,2.09,55.6738309,Transit,2016,5001.0,0.77
Kepler-946 b,Kepler-946,4.38,1.93,11.79162572,Transit,2016,5665.0,0.93
Kepler-696 b,Kepler-696,31.3,6.14,4.190425575,Transit,2016,5903.0,1.08
Kepler-1448 b,Kepler-1448,3.22,1.61,12.27065865,Transit,2016,5774.0,0.93
TOI-4551 b,TOI-4551,473.56432643,11.85910158,9.95581,Transit,2023,4896.0,3.55
Kepler-189 c,Kepler-189,22.7,2.38,20.134866,Transit,2014,5235.0,0.75
K2-43 c,K2-43,6.44,2.42,2.198884,Transit,2019,3840.6,0.542
HD 46375 b,HD 46375,71.8,10.0,3.023573,Radial Velocity,2000,5285.0,0.914196
HD 95872 b,HD 95872,1188.6842,13.0,4375.0,Radial Velocity,2015,5312.0,0.84
Kepler-1754 b,Kepler-1754,6.53,2.43996509,8.195949554,Transit,2021,4723.0,0.747
KMT-2024-BLG-1870L b,KMT-2024-BLG-1870L,336.89811142,13.8,,Microlensing,2026,,
TIC 4672985 b,TIC 4672985,4049.13390518,11.5004142,69.048,Transit,2024,5757.0,1.15
K2-100 b,K2-100,21.8,3.88,1.6739035,Transit,2016,5945.0,1.24
Kepler-1387 b,Kepler-1387,0.749,0.93,2.279526656,Transit,2016,5046.0,0.77
Kepler-1412 b,Kepler-1412,0.498,0.83,3.6146051,Transit,2016,5880.0,1.27
K2-373 b,K2-373,4.9,2.061,11.02066,Transit,2022,6138.0,1.486
K2-80 b,K2-80,4.7,2.01,19.0918,Transit,2016,5441.0,0.87
Kepler-1222 b,Kepler-1222,0.418,0.79,1.916944254,Transit,2016,5239.0,0.8
Kepler-760 c,Kepler-760,2.79,1.48,2.46697439,Transit,2016,5322.0,0.85
Kepler-463 b,Kepler-463,9.53,3.05,8.981016833,Transit,2016,5661.0,0.9
Kepler-186 d,Kepler-186,2.54,1.4,13.342996,Transit,2014,3788.0,0.472
AU Mic b,AU Mic,8.99,4.79,8.463446,Transit,2020,3540.0,0.862
2MASS J0249-0557 c,2MASS J0249-0557 A,3616.88727166,17.37392009,,Imaging,2018,2859.0,0.315959
K2-4 b,K2-4,5.06,2.1,10.003417,Transit,2015,4014.73,0.569359
TOI-2337 b,TOI-2337,508.5254512,10.08808263,2.99432,Transit,2022,4780.0,3.22
Kepler-451 c,2MASS J19383260+4603591,511.70373527,13.5,1460.0,Eclipse Timing Variations,2022,29564.0,0.203
Kepler-446 d,Kepler-446,2.39,1.35,5.148921,Transit,2015,3359.0,0.24
KMT-2019-BLG-0335L b,KMT-2019-BLG-0335L,6674.396547,12.1,,Microlensing,2023,,
TOI-2015 b,TOI-2015,9.2,3.309,3.348237,Transit,2023,3297.0,0.3273
HAT-P-53 b,HAT-P-53,471.65972,14.773462,1.9616241,Transit,2015,5956.0,1.209
TOI-411 c,HD 22946,9.72,2.328,9.573083,Transit,2022,6169.0,1.117
GJ 328 c,GJ 328,21.4,4.91,241.8,Radial Velocity,2023,3897.0,0.63
WISPIT 1 b,WISPIT 1,3305.4154328,12.4,,Imaging,2025,4670.0,1.1161
OGLE-2012-BLG-0724L b,OGLE-2012-BLG-0724L,150.0,14.3,,Microlensing,2016,,
TOI-2529 b,TOI-2529,743.71847238,11.54525012,64.5949,Transit,2024,5802.0,1.7
HD 139357 b,HD 139357,6315.5682755,12.1,1124.79139,Radial Velocity,2008,4700.0,11.47
TOI-3862 b,TOI-3862,53.7,5.53,1.55745774,Transit,2026,5300.0,0.92
K2-34 b,K2-34,539.67534,13.75,2.9956348,Transit,2016,6168.0,1.42
KOI-1599.01,KOI-1599,4.6,1.9,20.4415,Transit,2019,5833.0,0.972
Kepler-1687 b,Kepler-1687,3.38,1.65623882,5.77954,Transit,2020,4132.0,0.726119
Kepler-1346 b,Kepler-1346,3.12,1.58,3.40165668,Transit,2016,6133.0,1.21
TOI-5799 c,TOI-5799,3.75,1.76,14.010449,Transit,2025,3452.0,0.321
TOI-1750 b,TOI-1750,8.19,2.78943837,11.33727129656,Transit,2026,4683.75,0.768675
Kepler-187 c,Kepler-187,7.61,2.67,10.640263,Transit,2014,6105.0,1.287
TOI-5082.01,TOI-5082,7.03,2.54811,4.240122,Transit,2024,5670.0,0.93
Kepler-364 c,Kepler-364,5.27,2.15,59.980627,Transit,2014,6108.0,1.284
GJ 3021 b,GJ 3021,1071.04,13.1,133.71,Radial Velocity,2000,5540.0,0.9
KMT-2021-BLG-1770L b,KMT-2021-BLG-1770L,6674.396547,12.1,,Microlensing,2023,,
Kepler-361 b,Kepler-361,2.7,1.45,8.486616,Transit,2014,6169.0,1.343
Kepler-286 b,Kepler-286,2.07,1.24,1.796302,Transit,2014,5580.0,0.863
Kepler-47 c,Kepler-47,3.17,4.65,303.227,Transit,2012,5636.0,0.936
HD 190984 b,HD 190984,1137.82569706,13.0,4885.0,Radial Velocity,2009,5988.0,1.53
Kepler-1042 b,Kepler-1042,5.43,2.19,10.13202575,Transit,2016,4815.0,0.72
Kepler-516 b,Kepler-516,27.9,5.74,24.85462415,Transit,2016,7099.0,2.02
TOI-1260 d,TOI-1260,11.84,3.12,16.608164,Transit,2022,4227.0,0.672
HD 16141 b,HD 16141,82.6358,10.9,75.523,Radial Velocity,2000,5757.0,1.48
Kepler-1343 b,Kepler-1343,4.38,1.93,3.35183158,Transit,2016,5759.0,0.93
Kepler-119 b,Kepler-119,12.6,3.6,2.422082,Transit,2014,5595.0,0.839
Kepler-1591 b,Kepler-1591,2.15,1.27,8.18504949,Transit,2016,6082.0,1.16
HD 103720 b,HD 103720,197.046,14.1,4.5557,Radial Velocity,2014,5017.0,0.73
TOI-564 b,TOI-564,464.98529,11.43318,1.651144,Transit,2020,5640.0,1.088
Kepler-1057 b,Kepler-1057,11.2,3.36,14.08827448,Transit,2016,5987.0,1.1
Kepler-1378 b,Kepler-1378,5.48,2.2,11.95398936,Transit,2016,4407.0,0.67
TOI-481 b,TOI-481,486.2799,11.09691,10.33111,Transit,2020,5735.0,1.66
Kepler-847 b,Kepler-847,1.76,1.18,2.343231895,Transit,2016,4940.0,0.77
Kepler-742 b,Kepler-742,10.6,3.24,8.360868238,Transit,2016,4642.0,0.71
HD 23472 e,HD 23472,0.72,0.818,7.90754,Transit,2022,4684.0,0.71
KMT-2019-BLG-0953L b,KMT-2019-BLG-0953L,15.5,4.06,,Microlensing,2022,,
HD 73344 c,HD 73344,118.54999581,13.5,65.94,Radial Velocity,2025,6148.0,1.22
Kepler-936 b,Kepler-936,2.7,1.45,10.56134221,Transit,2016,5482.0,0.89
TOI-257 b,TOI-257,43.86032017,7.16253867,18.38818,Transit,2021,6095.0,1.867
HD 105618 b,HD 105618,25.42627256,5.44,10.02245,Radial Velocity,2022,5671.0,1.27399
2MASS J22501512+2325342 b,2MASS J22501512+2325342,9534.85221,11.9,,Imaging,2018,3352.0,0.437589
TOI-6080 b,TOI-6080,11.0,3.32424168,8.05562348084,Transit,2026,5775.46,1.06221
TOI-1301.01,TOI-1301,6.7,2.477,6.096407209,Transit,2024,4820.0,0.732
K2-208 b,K2-208,3.45,1.67462172,4.19097,Transit,2018,5500.0,0.872
Kepler-616 d,Kepler-616,7.52,2.653,51.06740189,Transit,2021,6004.0,0.977
Kepler-1497 b,Kepler-1497,3.39,1.66,8.74199772,Transit,2016,5675.0,0.95
K2-402 b,K2-402,7.65,2.678,17.27474,Transit,2022,5716.0,1.28
Kepler-981 b,Kepler-981,5.95,2.31,4.469757736,Transit,2016,5718.0,0.96
K2-111 b,K2-111,5.35,1.837,5.3518963,Transit,2017,5775.0,1.25
Kepler-176 b,Kepler-176,290.537,1.43,5.433074,Transit,2014,5232.0,0.891
Kepler-290 c,Kepler-290,7.75,2.7,36.77031,Transit,2014,5147.0,0.743
TOI-544 b,TOI-544,2.89,2.018,1.548352,Transit,2022,4169.0,0.623
HD 220842 b,HD 220842,1010.6994,13.1,218.47,Radial Velocity,2016,5960.0,1.41647
Kepler-726 b,Kepler-726,10.7,3.26,21.80451088,Transit,2016,5452.0,0.85
Kepler-1540 b,Kepler-1540,6.76,2.49,125.4131177,Transit,2016,4540.0,0.69
K2-345 b,K2-345,5.1,2.11,10.367437,Transit,2021,3779.0,0.52
Kepler-594 b,Kepler-594,5.39,2.18,13.64618192,Transit,2016,5485.0,0.87
Kepler-803 b,Kepler-803,13.8,3.79,50.28638192,Transit,2016,5919.0,1.12
Kepler-1732 b,Kepler-1732,15.7,4.09903273,32.31240082,Transit,2021,5821.0,1.494
61 Vir d,61 Vir,22.9,5.11,123.01,Radial Velocity,2009,5577.0,0.963
TIC 445839811 b,TIC 445839811,6.7,2.47771211,11.1086260318,Transit,2026,5408.25,0.850041
HD 156668 c,HD 156668,31.49679513,6.17,811.3,Radial Velocity,2021,4903.69,0.774528
WASP-126 b,WASP-126,90.3,10.51358773,3.28883,Transit,2016,5800.0,1.27
Kepler-225 c,Kepler-225,4.04,1.84,18.794234,Transit,2014,3682.0,0.48
Kepler-143 b,Kepler-143,6.39,2.41,16.007583,Transit,2014,5848.0,1.359
AT2021ueyL b,AT2021ueyL,425.89006538,13.6,4168.69,Microlensing,2025,3680.0,
Kepler-269 b,Kepler-269,6.66,2.47,5.326718,Transit,2014,5847.0,0.959
Kepler-1759 b,Kepler-1759,0.676,0.9037791,3.720230103,Transit,2021,5017.0,0.797
Kepler-927 b,Kepler-927,3.61,1.72,9.1149903,Transit,2016,5743.0,0.99
Kepler-1215 b,Kepler-1215,1.98,1.22,4.76703963,Transit,2016,5616.0,0.93
KMT-2017-BLG-1003L b,KMT-2017-BLG-1003L,5.19,2.13,,Microlensing,2023,,
Kepler-83 c,Kepler-83,2.03,2.36,20.09,Transit,2012,4082.0,0.61
OGLE-2017-BLG-1806L b,OGLE-2017-BLG-1806L,5.27,2.15,,Microlensing,2023,,
Kepler-321 b,Kepler-321,3.78,1.77,4.915379,Transit,2014,5740.0,1.194
K2-212 b,K2-212,7.51,2.65,9.795647,Transit,2018,4349.0,0.678
Kepler-1733 b,Kepler-1733,12.8,3.63582354,9.229579926,Transit,2021,6320.0,1.252
HIP 14810 d,HIP 14810,187.5197,14.1,981.8,Radial Velocity,2009,5544.0,1.07
Kepler-367 c,Kepler-367,1.87,1.2,53.578637,Transit,2014,4710.0,0.695
KMT-2016-BLG-1836L b,KMT-2016-BLG-1836L,700.0,13.3,,Microlensing,2019,,
Kepler-176 e,Kepler-176,0.52075,1.45,51.16579,Transit,2016,5295.0,0.83
Kepler-357 c,Kepler-357,7.61,2.67,16.85837,Transit,2014,5036.0,0.834
Kepler-462 c,Kepler-462,6.0,4.0,207.62,Transit,2018,7500.0,1.57
Kepler-865 b,Kepler-865,6.76,2.49,14.16399294,Transit,2016,5570.0,0.92
Kepler-194 c,Kepler-194,7.22,2.59,17.308032,Transit,2014,6089.0,1.025
TOI-763 c,TOI-763,9.32,2.63,12.2737,Transit,2020,5450.0,0.897
Kepler-1244 b,Kepler-1244,2.39,1.35,3.70428172,Transit,2016,6680.0,1.77
HD 50499 b,HD 50499,519.96988,13.5,2447.1,Radial Velocity,2005,6102.0,1.351
HD 108236 c,HD 108236,4.94,2.071,6.203449,Transit,2020,5660.0,0.877
OGLE-2012-BLG-0026L c,OGLE-2012-BLG-0026L,270.0,13.9,,Microlensing,2012,,
Kepler-312 c,Kepler-312,10.1,3.15,19.747412,Transit,2014,6115.0,1.467
HD 20794 f,HD 20794,5.82,2.28,647.6,Radial Velocity,2025,5368.0,0.93
Proxima Cen b,Proxima Cen,1.055,1.02,11.18465,Radial Velocity,2016,2900.0,0.141
Kepler-374 b,Kepler-374,1.08,1.03,1.897806,Transit,2014,5977.0,0.911
Kepler-744 b,Kepler-744,3.26,1.62,12.06222443,Transit,2016,5594.0,0.93
Kepler-1761 b,Kepler-1761,2.51,1.39109603,4.043540001,Transit,2021,3871.0,0.532
K2-48 b,K2-48,5.65,2.24,20.5065,Transit,2016,4899.0,0.73
HD 21749 c,GJ 143,3.7,0.892,7.78993,Transit,2019,4640.0,0.695
Kepler-1282 b,Kepler-1282,3.02,1.55,2.131946513,Transit,2016,5504.0,0.89
Qatar-6 b,Qatar-6,212.31044,11.903958,3.506195,Transit,2017,5052.0,0.722
Kepler-1595 b,Kepler-1595,2.04,1.23,4.56380468,Transit,2016,5203.0,0.8
HD 68988 c,HD 68988,4776.96095721,12.2,16000.0,Radial Velocity,2021,5883.41,1.255733
Kepler-1479 b,Kepler-1479,4.01,1.83,14.53261362,Transit,2016,5796.0,0.98
KOI-984 c,KOI-984,209.8,14.1,21.512,Transit Timing Variations,2022,5295.0,0.818
HD 99109 b,HD 99109,139.8452,14.3,439.29999,Radial Velocity,2005,5282.0,0.98
HD 22532 b,HD 22532,673.79622284,13.4,872.6,Radial Velocity,2022,5038.0,5.69
Kepler-194 b,Kepler-194,2.89,1.51,2.092281,Transit,2014,6089.0,1.025
Kepler-157 d,Kepler-157,2.73,1.46,7.02573474,Transit,2016,5866.0,1.03
KMT-2017-BLG-0849L b,KMT-2017-BLG-0849L,6.39,2.41,,Microlensing,2024,,
HD 70573 b,HD 70573,1900.0,12.8,851.8,Radial Velocity,2007,5737.0,0.976919
Kepler-1418 b,Kepler-1418,3.39,1.66,22.4764425,Transit,2016,4770.0,0.72
HD 115404 A b,HD 115404 A,30.82935548,6.09,10.49488,Radial Velocity,2022,5019.17,0.727007
EPIC 212624936 b,EPIC 212624936,1.87,1.2,0.578657,Transit,2021,5765.0,0.93
LHS 3154 b,LHS 3154,13.15,3.69,3.71778,Radial Velocity,2023,2861.0,0.1405
K2-33 b,K2-33,1175.971,5.04,5.424865,Transit,2016,3540.0,1.05
Kepler-344 b,Kepler-344,7.32,2.61,21.963945,Transit,2014,5774.0,0.976
Kepler-661 b,Kepler-661,9.64,3.07,6.029301321,Transit,2016,4483.0,0.67
HD 112570 b,HD 112570,1086.97315194,13.1,2615.0,Radial Velocity,2023,4750.0,9.85
Oph 11 b,Oph 11,4449.62,12.3,7300000.0,Imaging,2006,2375.0,0.232692
K2-35 b,K2-35,2.3,1.32,2.399964,Transit,2016,4402.71,0.619575
TWA 7 b,TWA 7,108.06165838,12.7,,Imaging,2025,3509.0,0.917173
Kepler-1468 c,Kepler-1468,1.6,1.15,3.54553021,Transit,2016,5893.0,1.05
TOI-5489 b,TOI-5489,2.54,1.4,3.15222,Transit,2025,3547.0,0.42
Kepler-96 b,Kepler-96,8.46,2.67,16.2385,Transit,2014,5690.0,1.02
Kepler-1371 b,Kepler-1371,0.315,0.73,3.4462039,Transit,2016,5361.0,0.83
Kepler-180 b,Kepler-180,2.86,1.5,13.817124,Transit,2014,5731.0,1.063
Kepler-1468 b,Kepler-1468,3.64,1.73,8.23984869,Transit,2016,5893.0,1.05
Kepler-1104 b,Kepler-1104,2.04,1.23,5.03728015,Transit,2016,6417.0,1.41
HATS-22 b,HATS-22,870.8542,10.682177,4.7228124,Transit,2017,4803.0,0.689
HD 22781 b,HD 22781,4338.2,12.3,528.07,Radial Velocity,2011,5027.0,0.743475
NGTS-6 b,NGTS-6,425.57437,14.863134,0.882059,Transit,2019,4730.0,0.754
Kepler-1907 b,Kepler-1907,0.589,0.86973029,5.652450085,Transit,2021,5159.0,0.8
Kepler-291 b,Kepler-291,5.31,2.16,3.546511,Transit,2014,6002.0,1.016
Kepler-525 b,Kepler-525,7.41,2.63,18.68404933,Transit,2016,5573.0,1.15
Kepler-1168 b,Kepler-1168,6.8,2.5,55.8226539,Transit,2016,5157.0,0.82
TOI-5624 c,TOI-5624,4.8,2.474,7.885385,Transit,2026,5327.0,0.82
HD 18438 b,HD 18438,6674.396547,12.1,803.0,Radial Velocity,2023,3860.0,88.475
HD 154088 b,HD 154088,6.6,2.46,18.56,Radial Velocity,2021,5374.0,0.95
K2-369 b,K2-369,2.28,1.313,5.761612,Transit,2022,5682.0,0.881
Kepler-148 d,Kepler-148,56.3,8.68,51.84688575,Transit,2016,5172.0,0.81
TOI-663 b,TOI-663,4.45,2.27,2.598902,Transit,2024,3681.0,0.512
Kepler-1056 b,Kepler-1056,9.32,3.01,27.495606,Transit,2016,6127.0,1.2
CoRoT-9 b,CoRoT-9,266.9772,11.948794,95.272656,Transit,2009,5625.0,0.96
Kepler-1180 b,Kepler-1180,4.62,1.99,16.8601286,Transit,2016,6077.0,1.14
Kepler-1554 b,Kepler-1554,8.75,2.9,198.088774,Transit,2016,5297.0,0.81
Kepler-1424 b,Kepler-1424,1.65,1.16,29.6091744,Transit,2016,5838.0,1.07
Kepler-1768 b,Kepler-1768,5.62,2.23346338,15.13589954,Transit,2021,6050.0,1.572
Kepler-1642 c,Kepler-1642,7.56,2.66,6.6513802,Transit,2016,5355.0,0.84
Kepler-1534 b,Kepler-1534,4.23,1.89,5.71668872,Transit,2016,5442.0,0.86
Kepler-234 c,Kepler-234,12.1,3.51,7.21205,Transit,2014,6224.0,1.113
LP 890-9 b,LP 890-9,13.2,1.32,2.7299025,Transit,2022,2850.0,0.1556
HAT-P-35 b,HAT-P-35,335.62848,14.930388,3.646706,Transit,2011,6096.0,1.435
Kepler-1935 b,Kepler-1935,6.82,2.50271696,3.951400042,Transit,2021,5570.0,0.899
Kepler-343 c,Kepler-343,4.74,2.02,23.22182,Transit,2014,5807.0,1.433
Kepler-920 c,Kepler-920,13.8,3.8,100.8274113,Transit,2016,5403.0,0.85
Kepler-304 e,Kepler-304,1.87,1.2,1.499146953,Transit,2016,4817.0,0.73
HD 190360 b,HD 190360,537.0,13.5,2887.5,Radial Velocity,2003,5560.0,1.14
Kepler-1526 b,Kepler-1526,6.48,2.43,3.908632005,Transit,2016,4601.0,0.69
OGLE-2017-BLG-1691L b,OGLE-2017-BLG-1691L,14.62010672,3.92,,Microlensing,2022,,
HAT-P-64 b,HAT-P-64,184.34047606,19.08889413,4.007232,Transit,2021,6457.0,1.735
HD 92788 b,HD 92788,1195.0408,13.0,325.803,Radial Velocity,2000,5744.0,1.14
KOI-3503 b,KOI-3503,9.2,1.19,21.185,Transit,2021,6001.0,1.255
Kepler-1879 b,Kepler-1879,4.92,2.06512018,10.61340046,Transit,2021,5865.0,1.388
Kepler-526 b,Kepler-526,4.62,1.99,5.458498316,Transit,2016,5894.0,1.14
Kepler-541 b,Kepler-541,11.2,3.36,5.08005848,Transit,2016,6166.0,2.06
CoRoT-23 b,CoRoT-23,889.9,11.77,3.6313,Transit,2011,5900.0,1.61
HD 28109 c,HD 28109,9.2,4.13,55.99712,Transit,2022,6189.0,1.425
K2-11 b,K2-11,44.4,7.55,39.93767,Transit,2015,5433.0,5.15
Kepler-246 b,Kepler-246,6.08,2.34,4.60182,Transit,2014,5206.0,0.831
Kepler-22 b,Kepler-22,9.1,2.1,289.863876,Transit,2011,5596.0,0.869
Kepler-818 b,Kepler-818,22.9,5.11,10.035385814,Transit,2016,5638.0,0.92
TOI-1230.01,TOI-1230,10.6,3.23968384,25.05713123288,Transit,2021,5696.0,1.15281
KMT-2023-BLG-1866L b,KMT-2023-BLG-1866L,2.63,1.43,,Microlensing,2024,,
Kepler-1189 b,Kepler-1189,3.78,1.77,3.78858982,Transit,2016,6012.0,1.16
WASP-20 b,WASP-20,98.841,15.46839337,4.89964477,Transit,2015,5940.0,1.242
TIC 62895484 b,TIC 62895484,12.0,3.49391667,2.83985434327,Transit,2026,5520.79,0.874291
WASP-182 b,WASP-182,47.03884,9.52765,3.3769848,Transit,2019,5638.0,1.34
EPIC 249893012 c,EPIC 249893012,14.67,3.67,15.624,Transit,2020,5430.0,1.71
WASP-35 b,WASP-35,225.6593,14.5717,3.16158,Transit,2011,5990.0,1.08
Kepler-529 c,Kepler-529,4.66,2.0,12.8345022,Transit,2016,6087.0,1.14
HD 65216 c,HD 65216,645.1949,13.4,5370.0,Radial Velocity,2013,5612.0,0.88
Kepler-313 c,Kepler-313,7.13,2.57,32.273273,Transit,2014,5727.0,1.536
GJ 180 c,GJ 180,6.4,2.41,24.329,Radial Velocity,2014,3371.0,0.413049
TOI-3629 b,TOI-3629,82.63538582,8.29464572,3.936551,Transit,2022,3870.0,0.6
HD 31527 d,HD 31527,11.82,3.46,271.6737,Radial Velocity,2019,5898.0,1.073694
HAT-P-61 b,HAT-P-61,335.9446262,10.07687365,1.90231289,Transit,2021,5587.0,0.938
TOI-712 c,TOI-712,7.76,2.701,51.69906,Transit,2022,4622.0,0.674
TOI-2589 b,TOI-2589,1112.3994245,12.10569916,61.6277,Transit,2023,5579.0,1.07
NGTS-27 b,NGTS-27,188.47224535,15.64773706,3.3704181,Transit,2024,5700.0,1.77
Kepler-84 e,Kepler-84,7.27,2.6,27.434389,Transit,2014,6031.0,1.169
Kepler-1011 b,Kepler-1011,8.6,2.87,5.753221974,Transit,2016,5416.0,0.88
HD 137496 b,HD 137496,4.04,1.31,1.62116,Transit,2021,5799.0,1.59
Kepler-1600 b,Kepler-1600,9.96,3.13,386.370548,Transit,2016,5214.0,0.82
Kepler-49 c,Kepler-49,8.38,2.444,10.91,Transit,2012,4095.6,0.618
HD 24064 b,HD 24064,4096.8287,12.3,535.59998,Radial Velocity,2015,4052.0,40.0
Kepler-441 b,Kepler-441,3.33,1.64,207.2482,Transit,2015,4340.0,0.55
Kepler-126 c,Kepler-126,1.27942148,1.58,21.869741,Transit,2014,6239.0,1.358
KMT-2023-BLG-0548L b,KMT-2023-BLG-0548L,1086.97315194,13.1,,Microlensing,2025,,
OGLE-2016-BLG-1190L b,OGLE-2016-BLG-1190L,4253.0,12.3,1220.0,Microlensing,2017,,
K2-14 b,K2-14,20.7,4.81,8.36802,Transit,2015,3789.0,0.45
Kepler-748 b,Kepler-748,6.9,2.52,7.40742793,Transit,2016,5934.0,1.1
GJ 367 c,GJ 367,4.13,1.86,11.5301,Radial Velocity,2023,3522.0,0.458
Kepler-1349 b,Kepler-1349,0.271,0.7,2.12823928,Transit,2016,6086.0,1.28
Kepler-394 d,Kepler-394,2.86,1.50066814,5.613580227,Transit,2021,6398.0,1.101
TOI-2048 b,TOI-2048,7.32,2.61,13.79019,Transit,2022,5185.0,0.79
Kepler-619 c,Kepler-619,3.5,1.69,1.208465026,Transit,2016,5980.0,1.11
Kepler-253 b,Kepler-253,3.29,1.63,3.783986,Transit,2014,5208.0,0.786
K2-113 b,K2-113,410.0007,12.14,5.817685,Transit,2017,5660.0,1.24
Kepler-898 b,Kepler-898,2.83,1.49,5.8706191,Transit,2016,4223.0,0.62
TOI-2107 b,TOI-2107,263.79757781,13.57407563,2.4545467,Transit,2024,5627.0,0.932
WASP-58 b,WASP-58,308.2951,16.02887,5.01718,Transit,2012,5800.0,1.22
HD 33844 c,HD 33844,556.2025,13.5,916.0,Radial Velocity,2015,4861.0,5.29
Kepler-139 c,Kepler-139,13.0,3.38,157.072878,Transit,2014,5594.0,1.3
DP Leo b,DP Leo,1995.88832,12.7,10220.0,Eclipse Timing Variations,2009,13500.0,0.0115
G 192-15 c,G 192-15,14.3,3.87,1219.0,Radial Velocity,2025,2999.0,0.170718
Kepler-641 b,Kepler-641,4.08,1.85,9.48961571,Transit,2016,5713.0,1.13
75 Cet b,75 Cet,787.89662095,13.3,696.62,Radial Velocity,2012,4809.0,10.38
HD 164595 b,HD 164595,16.14,4.16,40.0,Radial Velocity,2015,5790.0,1.023606
GJ 3473 c,GJ 3473,7.41,2.63,15.509,Radial Velocity,2020,3347.0,0.364
Kepler-217 c,Kepler-217,4.08,1.85,8.586004,Transit,2014,6171.0,1.799
Kepler-235 d,Kepler-235,4.86,2.05,20.060548,Transit,2014,4255.0,0.554
Kepler-642 b,Kepler-642,8.75,2.9,4.41745855,Transit,2016,6570.0,1.66
Kepler-457 d,KOI-7892,9.19,2.98467257,10.6906004,Transit,2021,6474.0,1.242
HD 180314 b,HD 180314,7216.92963775,12.0,394.73,Radial Velocity,2010,4917.0,9.2
Kepler-868 b,Kepler-868,4.86,2.05,5.03251791,Transit,2016,5614.0,0.89
K2-384 c,K2-384,1.82,1.191,4.194766,Transit,2022,3623.0,0.348
Kepler-551 b,Kepler-551,7.9,2.73,12.3764661,Transit,2016,4286.0,0.63
bet Cnc b,bet Cnc,2479.0,12.6,605.2,Radial Velocity,2014,4092.1,47.2
Kepler-153 b,Kepler-153,8.85,2.92,18.870227,Transit,2014,5404.0,0.892
Kepler-181 c,Kepler-181,4.62,1.99,4.302149,Transit,2014,5333.0,0.749
HD 97037 b,HD 97037,6707.76852973,12.1,6449.08337,Radial Velocity,2022,5874.1,1.26356
Kepler-776 b,Kepler-776,2.18,1.28,4.89718784,Transit,2016,5071.0,0.78
HD 30177 c,HD 30177,1484.25866069,12.9,11320.0,Radial Velocity,2016,5680.0,1.019
TOI-712 b,TOI-712,4.85,2.049,9.531361,Transit,2022,4622.0,0.674
V1298 Tau b,V1298 Tau,13.1,9.41,24.140006,Transit,2019,4970.0,1.32
DMPP-2 b,DMPP-2,171.48,14.2,5.203,Radial Velocity,2019,6500.0,1.78
K2-352 b,K2-352,2.45,1.37,3.665912,Transit,2021,5791.0,0.95
TOI-3288 b,TOI-3288,536.17652261,12.24020692,1.4338647,Transit,2025,4072.0,0.672
Kepler-1413 b,Kepler-1413,3.97,1.82,13.1829642,Transit,2016,5196.0,0.8
HIP 5158 c,HIP 5158,4780.1632,12.2,9017.76,Radial Velocity,2011,4813.0,0.754089
HATS-60 b,HATS-60,210.40346,12.923977,3.560829,Transit,2018,5688.0,1.46
Kepler-465 b,Kepler-465,9.01,2.95,9.940672466,Transit,2016,6310.0,1.29
Kepler-953 c,Kepler-953,1.81,1.19,9.10967112,Transit,2016,5416.0,0.99
HD 189567 b,HD 189567,8.5,2.85,14.288,Radial Velocity,2021,5726.0,1.04
Wolf 503 b,Wolf 503,6.26,2.043,6.00127,Transit,2018,4716.0,0.689
Kepler-1525 b,Kepler-1525,0.693,0.91,2.416601183,Transit,2016,5748.0,1.04
Kepler-1009 b,Kepler-1009,5.35,2.17,11.35011917,Transit,2016,4027.0,0.57
TOI-1075 b,TOI-1075,9.95,1.791,0.6047328,Transit,2022,3875.0,0.581
Kepler-250 c,Kepler-250,5.82,2.28,7.156804,Transit,2014,5160.0,0.805
HD 215497 c,HD 215497,111.23994245,13.0,566.0,Radial Velocity,2009,5113.0,0.85
HD 169142 b,HD 169142,953.485221,13.1,,Imaging,2023,7246.0,1.53702
Kepler-1420 b,Kepler-1420,2.18,1.28,6.69960006,Transit,2016,5187.0,0.79
K2-227 b,K2-227,3.41,1.66551298,13.621832,Transit,2018,5673.0,0.890666
TOI-672 b,TOI-672,50.9,5.31,3.633581,Transit,2023,3810.0,0.54
K2-333 b,K2-333,31.6,6.18,14.759287,Transit,2021,5880.0,1.22
TOI-1696 b,TOI-1696,48.8,3.09,2.500311,Transit,2022,3185.0,0.2775
Kepler-1514 c,Kepler-1514,1.74,1.1758241,10.514181,Transit,2020,6145.0,1.289
HD 95089 c,HD 95089,1096.5135,13.1,1785.0,Radial Velocity,2016,4918.0,5.08
Kepler-1562 b,Kepler-1562,12.3,3.55,64.2737752,Transit,2016,5760.0,1.05
HD 20781 d,HD 20781,10.61,3.25,29.158,Radial Velocity,2019,5256.0,0.833609
KMT-2018-BLG-2602L b,KMT-2018-BLG-2602L,365.50266805,13.7,,Microlensing,2022,,
Kepler-79 e,Kepler-79,3.8,3.53,81.0665,Transit,2014,6389.0,1.316
OGLE-2017-BLG-0640L b,OGLE-2017-BLG-0640L,514.88201934,13.5,,Microlensing,2024,,
Kepler-235 c,Kepler-235,2.18,1.28,7.824904,Transit,2014,4255.0,0.554
HATS-31 b,HATS-31,279.6904,18.38276,3.37796,Transit,2016,6050.0,1.87
Kepler-20 d,Kepler-20,13.4,2.606,77.611455,Transit,2011,5495.0,0.9164
HD 69830 b,HD 69830,10.2,3.17,8.667,Radial Velocity,2006,5385.0,0.886947
K2-165 c,K2-165,3.03,1.55409035,4.382745,Transit,2018,5185.0,0.803827
TOI-904 b,TOI-904,6.46,2.426,10.8772,Transit,2023,3770.2,0.527
TOI-1130 b,TOI-1130,19.8,3.66,4.074554,Transit,2020,4360.0,0.697
DMPP-1 c,DMPP-1,10.94,3.31,10.03,Radial Velocity,2019,6196.0,1.26
TOI-1268 b,TOI-1268,96.4,9.1,8.1577094,Transit,2022,5300.0,0.92
Kepler-947 b,Kepler-947,5.82,2.28,26.9644317,Transit,2016,5508.0,0.87
TOI-4561 b,TOI-4561,3.81,1.77789214,8.93547936706,Transit,2026,5537.93,0.851957
TOI-1246 c,TOI-1246,9.1,2.45109846,5.904137,Transit,2022,5213.0,0.8649
Kepler-1402 b,Kepler-1402,0.363,0.76,2.03387914,Transit,2016,5416.0,0.87
HD 204313 e,HD 204313,4868.17771002,12.2,7325.64666,Radial Velocity,2022,5767.0,1.1
HD 95086 b,HD 95086,1589.0,12.9,,Imaging,2013,7595.0,1.48667
Kepler-454 d,Kepler-454,734.18362017,13.3,4073.0,Radial Velocity,2023,5687.0,1.066
K2-27 b,K2-27,30.2,4.74,6.771347,Transit,2016,5246.0,0.876
gam1 Leo b,gam1 Leo,2790.43,12.5,428.5,Radial Velocity,2009,4330.0,31.88
Kepler-689 b,Kepler-689,8.7,2.89,22.36656079,Transit,2016,5518.0,0.88
TOI-677 b,TOI-677,392.20025424,13.11450742,11.2365985,Transit,2020,6295.0,1.28
NGC 2682 YBP 1194 b,NGC 2682 YBP 1194,101.7056,12.3,6.959,Radial Velocity,2014,5780.0,0.99
HD 211970 b,HD 211970,13.0,3.66,25.201,Radial Velocity,2019,4127.0,0.574175
Kepler-271 b,Kepler-271,2.04,1.23,10.43547805,Transit,2014,5555.0,0.87
CoRoT-24 c,CoRoT-24,28.0,5.0,11.759,Transit,2014,4950.0,0.86
K2-175 b,K2-175,4.81,2.03803688,9.525988,Transit,2018,5909.0,1.420038
K2-21 c,K2-21,6.76,2.49,15.50192,Transit,2015,4222.06,0.646783
Kepler-1205 b,Kepler-1205,2.57,1.41,1.078390352,Transit,2016,5226.0,0.81
TIC 77552382 b,TIC 77552382,27.5,5.69176189,3.51025904942,Transit,2026,4981.07,0.886956
Kepler-1814 c,Kepler-1814,3.75,1.76,0.626281766,Transit,2023,4922.0,0.823
HD 73526 c,HD 73526,715.09,13.3,379.1,Radial Velocity,2005,5601.0,1.53
Kepler-1067 c,Kepler-1067,3.7,1.74682428,5.425839901,Transit,2021,5594.0,0.934
HD 94771 b,HD 94771,169.0,14.2,2164.0,Radial Velocity,2023,5631.0,1.903
Kepler-336 c,Kepler-336,5.06,2.1,9.600001,Transit,2014,5867.0,1.304
Kepler-252 b,Kepler-252,2.04,1.23,6.668391,Transit,2014,4208.0,0.549
EPIC 201841433 b,EPIC 201841433,1.12,1.04,4.1698,Transit,2019,5053.0,0.628461
WASP-75 b,WASP-75,340.06,14.235,2.484193,Transit,2013,6100.0,1.26
Kepler-1181 b,Kepler-1181,3.09,1.57,4.89337519,Transit,2016,6176.0,1.3
TOI-6884 b,TOI-6884,8365.24367224,10.39072511,4.808264,Transit,2026,6330.0,1.84
Kepler-423 b,Kepler-423,189.101,13.361,2.6843285,Transit,2014,5560.0,0.95
HD 47366 b,HD 47366,661.71874337,13.4,360.08,Radial Velocity,2016,4866.0,7.3
Kepler-65 d,Kepler-65,4.14,1.52,8.13123,Transit,2012,6211.0,1.41
2M0437 b,2MASS J04372171+2651014,1271.313628,13.0,,Imaging,2021,3100.0,0.84
K2-79 b,K2-79,5.9,4.15,10.995039,Transit,2016,5897.0,1.269
Kepler-1395 b,Kepler-1395,0.437,0.8,3.78470649,Transit,2016,6138.0,1.23
HD 122562 c,HD 122562,73.10053361,10.1,84.96276,Radial Velocity,2022,4956.0,2.16627
Kepler-201 b,Kepler-201,6.62,2.46,25.672083,Transit,2014,6065.0,1.229
Kepler-1518 b,Kepler-1518,9.53,3.05,5.11177904,Transit,2016,6846.0,1.88
Kepler-1383 b,Kepler-1383,2.57,1.41,13.9093583,Transit,2016,6370.0,1.44
Kepler-229 c,Kepler-229,21.5,4.92,16.068638,Transit,2014,5120.0,0.728
Kepler-800 b,Kepler-800,8.5,2.85,14.13176026,Transit,2016,5315.0,0.82
Kepler-561 b,Kepler-561,38.7,6.96,58.3620495,Transit,2016,5646.0,0.94
HD 21693 b,HD 21693,8.23,2.8,22.6786,Radial Velocity,2019,5430.0,0.914378
GJ 4276 b,GJ 4276,16.57,4.22,13.352,Radial Velocity,2019,3387.0,0.407
14 Her b,14 Her,2828.6728223,12.5,1766.41,Radial Velocity,2002,5338.0,0.93
Kepler-1272 b,Kepler-1272,6.21,2.37,51.1309704,Transit,2016,5926.0,1.09
GJ 229 b,GJ 229,14.93793513,3.97,579.47495,Radial Velocity,2014,3564.0,0.46
WASP-47 e,WASP-47,9.0,1.83,0.78961,Transit,2015,5565.0,1.156
MXB 1658-298 b,MXB 1658-298,7532.571,12.0,760.0,Eclipse Timing Variations,2017,,
Kepler-137 c,Kepler-137,4.19,1.88,18.735753,Transit,2014,5187.0,0.802
HD 47536 b,HD 47536,2330.0,12.6,712.13,Radial Velocity,2002,4380.0,23.47
TOI-782 b,TOI-782,19.1,2.734,8.0240015,Transit,2024,3370.0,0.413
GJ 414 A b,GJ 414 A,7.6,2.63,50.8,Radial Velocity,2021,4120.0,0.68
2MASS J11011926-7732383 b,2MASS J11011926-7732383,8899.195396,11.9,,Imaging,2024,,
Kepler-309 c,Kepler-309,6.85,2.51,105.356383,Transit,2014,4713.0,0.721
HAT-P-65 b,HAT-P-65,176.07693748,18.05766791,2.60544751,Transit,2016,5872.0,1.666
GJ 422 b,GJ 422,11.07,3.33,20.129,Radial Velocity,2014,3323.0,0.370328
HD 48948 b,HD 48948,4.88,2.06,7.34013,Radial Velocity,2024,4593.0,0.679
Kepler-722 b,Kepler-722,7.41,2.63,4.093573252,Transit,2016,5863.0,1.05
HD 220074 b,HD 220074,5288.6912,12.2,672.09998,Radial Velocity,2012,3787.0,54.92
24 Boo b,24 Boo,280.64248338,13.9,30.33,Radial Velocity,2018,4816.0,12.19
HD 180617 b,HD 180617,12.214,3.53,105.911,Radial Velocity,2018,3534.0,0.481
HD 74156 c,HD 74156,2753.98314665,12.5,2448.48726,Radial Velocity,2003,6068.0,1.510576
Kepler-1478 b,Kepler-1478,3.64,1.73,26.0840594,Transit,2016,5904.0,1.06
Kepler-418 c,Kepler-418,23.7,5.22108654,12.21829987,Transit,2021,5822.0,1.081
HD 110067 d,HD 110067,8.52,2.852,20.519617,Transit,2023,5266.0,0.788
Kepler-333 c,Kepler-333,1.41,1.11,24.08821,Transit,2014,4259.0,0.534
MOA-2013-BLG-605L b,MOA-2013-BLG-605L,3.24,1.62,,Microlensing,2016,,
HD 79498 b,HD 79498,425.8922,13.6,1807.0,Radial Velocity,2011,5748.0,1.05
Kepler-203 c,Kepler-203,749.9,2.47,5.370647,Transit,2014,5821.0,1.114
TOI-1203.01,TOI-1203,7.39,2.918,25.502672,Transit,2021,5737.0,1.179
Kepler-238 d,Kepler-238,23.1,3.07,13.233549,Transit,2014,5751.0,1.43
Kepler-221 b,Kepler-221,5.95575,1.71,2.795906,Transit,2014,5243.0,0.821
Kepler-745 b,Kepler-745,5.31,2.16,9.93143556,Transit,2016,5849.0,1.04
Kepler-810 b,Kepler-810,4.38,1.93,4.59725385,Transit,2016,5803.0,1.04
Kepler-1365 c,Kepler-1365,0.437,0.8,4.77468005,Transit,2016,5770.0,1.05
Kepler-353 b,Kepler-353,0.64,0.89,5.795278,Transit,2014,3903.0,0.504
KMT-2017-BLG-2331L b,KMT-2017-BLG-2331L,171.0,14.2,,Microlensing,2024,,
HD 28109 d,HD 28109,5.8,3.11,84.2899,Transit,2022,6189.0,1.425
CoRoT-21 b,CoRoT-21,718.2958,14.5717,2.72474,Transit,2012,6200.0,1.95
HD 20003 c,HD 20003,14.44,3.89,33.9239,Radial Velocity,2019,5494.0,0.921637
Kepler-716 b,Kepler-716,8.75,2.9,10.37168453,Transit,2016,5099.0,0.78
TOI-4034 b,TOI-4034,276.51071409,17.71018951,1.8020932,Transit,2026,5891.0,1.83
Kepler-101 b,Kepler-101,51.1,5.77,3.4876812,Transit,2014,5667.0,1.56
GJ 367 d,GJ 367,6.03,2.33,34.369,Radial Velocity,2023,3522.0,0.458
HAT-P-4 b,HAT-P-4,213.255,14.28,3.056536,Transit,2007,5860.0,1.596
Kepler-619 d,Kepler-619,16.2,4.17,11.67894236,Transit,2023,6122.0,0.964
Kepler-411 c,Kepler-411,26.4,4.421,7.834435,Transit,2016,4974.0,0.82
Kepler-1601 b,Kepler-1601,0.477,0.82,2.20921951,Transit,2016,5869.0,1.07
HD 134606 b,HD 134606,9.09,2.97,12.089,Radial Velocity,2024,5576.0,1.158
K2-66 b,K2-66,21.3,2.49,5.06963,Transit,2016,5887.0,1.67
TOI-1691 b,TOI-1691,14.6,3.66,16.736888935,Transit,2024,5759.0,1.0
K2-230 b,K2-230,4.5,1.96,2.86041,Transit,2018,5945.0,1.39
HD 20003 b,HD 20003,11.66,3.43,11.8482,Radial Velocity,2019,5494.0,0.921637
GJ 667 C g,GJ 667 C,4.6,1.99,256.2,Radial Velocity,2013,3350.0,
Kepler-1026 b,Kepler-1026,5.52,2.21,36.5156053,Transit,2016,4948.0,0.75
Kepler-445 b,Kepler-445,3.12,1.58,2.984151,Transit,2015,3157.0,0.21
K2-117 b,K2-117,4.78,2.03,1.2916,Transit,2017,3778.0,0.51
Kepler-138 d,Kepler-138,2.1,1.51,23.0923,Transit,2014,3841.0,0.535
Kepler-540 b,Kepler-540,7.8,2.71,172.7049784,Transit,2016,5946.0,1.08
TIC 437041147 b,TIC 437041147,5.54,2.21526814,3.82301421497,Transit,2026,5224.36,0.961092
Kepler-33 c,Kepler-33,0.39,3.2,13.17562,Transit,2011,5904.0,1.82
KELT-10 b,KELT-10,215.80657,15.681391,4.1662739,Transit,2016,5948.0,1.209
Kepler-583 b,Kepler-583,5.82,2.28,6.5100253,Transit,2016,5523.0,0.91
HD 62364 c,HD 62364,7923.46218651,12.0,74839.94555,Radial Velocity,2022,6255.0,1.401
Kepler-1649 c,Kepler-1649,1.2,1.06,19.53527,Transit,2020,3240.0,0.2317
Kepler-1167 b,Kepler-1167,3.57,1.71,1.003933739,Transit,2016,4971.0,0.75
KMT-2017-BLG-1038L b,KMT-2017-BLG-1038L,640.0,13.4,,Microlensing,2019,,
HD 100508 b,HD 100508,381.3940884,13.7,5681.0,Radial Velocity,2026,5419.0,1.0179
WASP-57 b,WASP-57,204.68252,11.76945,2.83891856,Transit,2012,5600.0,0.927
Kepler-1779 b,Kepler-1779,9.44,3.03295685,16.34359932,Transit,2021,5730.0,1.056
Kepler-1770 b,Kepler-1770,8.45,2.84141754,16.84189987,Transit,2021,5602.0,1.009
Kepler-216 b,Kepler-216,6.12,2.35,7.693641,Transit,2014,6091.0,1.26
TOI-2768 b,TOI-2768,7.41,2.63,1.50801,Transit,2024,4008.0,0.657
KMT-2018-BLG-0029L b,KMT-2018-BLG-0029L,7.59,2.67,,Microlensing,2020,,
Kepler-529 d,Kepler-529,8.22,2.79502603,35.86619949,Transit,2021,6078.0,1.189
Kepler-381 d,Kepler-381,1.23,1.0667865,8.256299973,Transit,2021,6197.0,2.188
Kepler-296 d,Kepler-296,5.02,2.09,19.850291,Transit,2014,3740.0,0.48
Kepler-1739 b,Kepler-1739,6.48,2.43056832,7.343709946,Transit,2021,5757.0,0.762
Kepler-278 b,Kepler-278,56.0,3.955,30.1556,Transit,2014,4965.0,2.861
Kepler-615 b,Kepler-615,3.68,1.74,10.35584657,Transit,2016,4655.0,0.69
TOI-6383 A b,TOI-6383 A,331.0,11.29,1.79058695,Transit,2024,3444.0,0.457
K2-268 e,K2-268,2.33,1.33,6.131243,Transit,2021,5106.0,0.78
Kepler-1638 b,Kepler-1638,4.16,1.87,259.33683,Transit,2016,5710.0,0.95
Kepler-1254 d,Kepler-1254,2.27,1.31,5.72717226,Transit,2016,4985.0,0.75
Kepler-752 b,Kepler-752,8.3,2.81,18.82747265,Transit,2016,5373.0,0.83
Kepler-1692 b,Kepler-1692,1.42,1.11177184,5.95966,Transit,2020,5146.0,0.866139
K2-45 b,K2-45,36.4,6.71,1.7292684,Transit,2016,4103.0,0.445
KMT-2022-BLG-1818L c,KMT-2022-BLG-1818L,114.41822652,13.2,,Microlensing,2026,,
TOI-4504 b,TOI-4504,7.71,2.691,2.42614,Transit,2024,5315.0,0.92
KMT-2023-BLG-0332L b,KMT-2023-BLG-0332L,6992.224954,12.0,,Microlensing,2026,,
KMT-2019-BLG-1953L b,KMT-2019-BLG-1953L,200.0,14.1,,Microlensing,2020,,
Kepler-148 b,Kepler-148,3.89,1.8,1.729366,Transit,2014,5272.0,0.851
Kepler-1760 b,Kepler-1760,5.86,2.28995546,38.3260994,Transit,2021,5229.0,0.903
HD 167768 b,HD 167768,270.15414595,13.9,20.6532,Radial Velocity,2022,4851.0,9.7
Kepler-6 b,Kepler-6,212.31044,14.616536,3.2346996,Transit,2009,5647.0,1.391
Kepler-1756 b,Kepler-1756,2.77,1.47199944,2.355750084,Transit,2021,4915.0,0.812
TOI-4504 d,TOI-4504,450.23572136,13.6,40.5634,Transit Timing Variations,2024,5315.0,0.92
Kepler-299 e,Kepler-299,4.16,1.87,38.285489,Transit,2014,5617.0,1.032
Kepler-1064 b,Kepler-1064,3.02,1.55,16.54080322,Transit,2016,5153.0,0.79
K2-366 b,K2-366,6.16,2.359,15.937039,Transit,2022,5601.0,0.94
Kepler-766 b,Kepler-766,11.4,3.39,6.10027804,Transit,2016,5992.0,1.15
HD 96700 b,HD 96700,8.9,2.93,8.1245,Radial Velocity,2021,5845.0,1.16
Kepler-373 b,Kepler-373,2.42,1.36,5.535309,Transit,2014,5787.0,0.845
HD 97048 b,HD 97048,794.575,13.3,,Disk Kinematics,2019,10000.0,2.25
GJ 876 b,GJ 876,723.2235,13.3,61.1166,Radial Velocity,1998,3293.74,0.3
HD 164604 b,HD 164604,4195.3349724,12.3,653.9,Radial Velocity,2009,4663.0,0.78
NN Ser d,NN Ser,724.622,13.3,2880.0,Eclipse Timing Variations,2010,57000.0,
Kepler-208 b,Kepler-208,3.29,1.63,4.22864,Transit,2014,6092.0,1.314
HATS-13 b,HATS-13,172.58169,13.585308,3.0440499,Transit,2015,5523.0,0.887
Kepler-1146 b,Kepler-1146,2.04,1.23,2.352265797,Transit,2016,4692.0,0.7
TOI-5300 b,TOI-5300,190.6970442,9.86390302,2.262196,Transit,2025,4610.0,0.65
WASP-100 b,WASP-100,400.4658,14.90797,2.84938,Transit,2014,6900.0,1.57
Kepler-1643 b,Kepler-1643,5.99,2.32,5.342657,Transit,2016,4916.0,0.855
XO-4 b,XO-4,451.3186,14.01125,4.12508,Transit,2010,6397.0,1.45
Kepler-1969 b,Kepler-1969,3.47,1.68161001,6.647520065,Transit,2021,6046.0,1.007
WASP-13 b,WASP-13,114.4188,13.67498,4.35301,Transit,2009,5950.0,1.37
TOI-5799 b,TOI-5799,3.65,1.733,4.164507,Transit,2024,3452.0,0.321
Kepler-1963 b,Kepler-1963,0.337,0.74437023,1.962260008,Transit,2021,5726.0,0.979
GJ 357 c,GJ 357,3.4,1.66,9.1247,Radial Velocity,2019,3505.0,0.337
HIP 78530 b,HIP 78530,7300.0,12.0,,Imaging,2010,10500.0,2.10876
Kepler-48 f,Kepler-48,298.5809968,13.8,5219.681854,Radial Velocity,2023,5190.0,0.836
Kepler-426 b,Kepler-426,108.06,12.22,3.21751883,Transit,2014,5725.0,0.92
Kepler-82 f,Kepler-82,20.9,4.84,75.732,Transit Timing Variations,2019,5401.0,0.898
NGTS-33 b,NGTS-33,1153.71711741,18.38272835,2.827972,Transit,2024,7437.0,1.47
HD 113337 b,HD 113337,1035.80277841,13.1,317.58639,Radial Velocity,2013,6774.0,1.5
Kepler-1834 b,Kepler-1834,2.73,1.4593834,4.603010178,Transit,2021,4821.0,0.788
GJ 411 b,GJ 411,2.69,1.45,12.9394,Radial Velocity,2019,3719.0,0.3685
MOA-2011-BLG-028L b,MOA-2011-BLG-028L,30.0,5.99,,Microlensing,2016,,
Kepler-122 e,Kepler-122,27.7,2.6,37.993273,Transit,2014,6050.0,1.216
Kepler-1276 b,Kepler-1276,1.81,1.19,12.5720095,Transit,2016,6188.0,1.21
Kepler-1653 b,Kepler-1653,5.35,2.17,140.2524,Transit,2017,4807.0,0.693
Kepler-1410 b,Kepler-1410,3.82,1.78,60.866168,Transit,2016,4092.0,0.6
TIC 423703298 b,TIC 423703298,8.11,2.77230429,4.03712711976,Transit,2026,4540.37,0.729825
Kepler-1864 b,Kepler-1864,0.353,0.75408365,3.881510019,Transit,2021,5854.0,0.979
Kepler-1750 b,Kepler-1750,30.1,6.00434637,205.9120026,Transit,2021,5644.0,0.969
WASP-24 b,WASP-24,394.1092,15.46842,2.34121,Transit,2010,6075.0,1.42
KELT-8 b,KELT-8,209.7678,18.15858,3.24406,Transit,2015,5754.0,1.46
Kepler-304 d,Kepler-304,8.0,2.75,9.653471,Transit,2014,4731.0,0.687
HD 331093 b,HD 331093,476.7426105,13.6,621.62,Radial Velocity,2021,5544.0,1.1112
K2-110 b,K2-110,15.9,2.592,13.86375,Transit,2017,5010.0,0.713
K2-32 d,K2-32,6.7,3.484,31.71701,Transit,2016,5271.0,0.86
Kepler-1101 b,Kepler-1101,6.66,2.47,81.3151059,Transit,2016,5614.0,0.91
Kepler-58 d,Kepler-58,245.343,2.94,40.101371,Transit,2014,6099.0,1.127
Kepler-1090 b,Kepler-1090,5.69,2.25,198.680179,Transit,2016,5321.0,0.82
DMPP-1 b,DMPP-1,16.8,4.26,17.812,Radial Velocity,2019,6196.0,1.26
Kepler-1110 b,Kepler-1110,7.56,2.66,9.69312032,Transit,2016,4781.0,0.7
HD 67087 b,HD 67087,973.0,13.1,352.2,Radial Velocity,2015,6330.0,1.55
K2-407 c,K2-407,2.42,1.36,9.22453,Transit,2022,5563.0,0.927
Kepler-334 d,Kepler-334,2.57,1.41,25.09849,Transit,2014,5828.0,1.068
HD 204941 b,HD 204941,73.1009,10.1,1733.0,Radial Velocity,2011,5026.0,0.78
TOI-1470 b,TOI-1470,7.32,2.18,2.527093,Transit,2023,3709.0,0.469
TOI-4342 c,TOI-4342,4.8,2.349,10.688662,Transit,2023,3866.0,0.598
HD 68988 b,HD 68988,626.1251,13.4,6.27711,Radial Velocity,2001,5932.0,1.19
AU Mic e,AU Mic,21.1,4.87,33.11,Radial Velocity,2025,3665.0,0.82
TOI-2207 b,TOI-2207,203.41018048,11.1529358,8.001968,Transit,2022,6101.0,1.564
HD 48265 c,HD 48265,1414.33641115,12.9,10418.0,Radial Velocity,2026,5805.0,2.05
K2-3 b,K2-3,5.11,2.078,10.0546535,Transit,2015,3844.0,0.546
OGLE-TR-182 b,OGLE-TR-182,320.995,12.666,3.9791,Transit,2007,5924.0,1.14
HD 96700 d,HD 96700,12.7,3.61,103.5,Radial Velocity,2021,5845.0,1.16
Kepler-208 d,Kepler-208,1.87,1.2,11.131786,Transit,2014,6092.0,1.314
Kepler-1129 c,Kepler-1129,7.9,2.73,76.5369586,Transit,2016,5831.0,1.0
Kepler-1553 b,Kepler-1553,1.6,1.15,4.24261881,Transit,2016,5288.0,0.81
Kepler-1374 b,Kepler-1374,5.86,2.29,10.65276707,Transit,2016,5323.0,0.81
WASP-139 b,WASP-139,37.18611,8.9672,5.924262,Transit,2016,5310.0,0.8
HD 4113 b,HD 4113,541.26177712,13.5,526.5239,Radial Velocity,2007,5688.0,1.077514
Kepler-639 b,Kepler-639,6.26,2.38,10.21420496,Transit,2016,5896.0,1.29
Kepler-655 b,Kepler-655,7.8,2.71,46.4063358,Transit,2016,6170.0,1.24
FU Tau b,FU Tau,5085.28,12.2,,Imaging,2008,2838.0,
HAT-P-14 b,HAT-P-14,1093.3352,15.91678,4.62767,Transit,2010,6600.0,1.82
Kepler-1461 b,Kepler-1461,4.78,2.03,29.3494775,Transit,2016,4919.0,0.74
OGLE-2018-BLG-1428L b,OGLE-2018-BLG-1428L,240.0,14.0,,Microlensing,2021,,
GJ 251 b,GJ 251,3.85,1.79,14.237,Radial Velocity,2020,3342.0,0.36
NGTS-23 b,NGTS-23,194.82881349,14.20177855,4.0764326,Transit,2022,6057.0,1.24
HD 13808 c,HD 13808,9.96,3.13,53.753,Radial Velocity,2021,5035.0,0.781
HD 125136 b,HD 125136,718.29219982,13.3,849.77,Radial Velocity,2026,4959.0,5.39
HD 108874 b,HD 108874,451.3186,13.6,394.48123,Radial Velocity,2002,5600.0,1.05
Kepler-340 b,Kepler-340,6.94,2.53,14.844387,Transit,2014,6620.0,1.85
Kepler-252 c,Kepler-252,5.27,2.15,10.848463,Transit,2014,4208.0,0.549
HD 125271 b,HD 125271,3465.60094993,12.4,14901.99295,Radial Velocity,2022,4703.93,0.751364
TOI-2669 b,TOI-2669,193.87532827,19.72780603,6.2034,Transit,2022,4800.0,4.1
WASP-93 b,WASP-93,467.2101,17.900773,2.7325321,Transit,2016,6700.0,1.524
Kepler-299 b,Kepler-299,2.3,1.32,2.927128,Transit,2014,5617.0,1.032
OGLE-2014-BLG-1722L b,OGLE-2014-BLG-1722L,55.3,8.59,,Microlensing,2018,,
Kepler-276 b,Kepler-276,731.209,2.87,14.12841,Transit,2014,6105.0,1.046
Kepler-958 b,Kepler-958,4.9,2.06,9.7678805,Transit,2016,5421.0,0.86
MOA-2008-BLG-379L b,MOA-2008-BLG-379L,1300.0,13.0,,Microlensing,2013,,
K2-384 f,K2-384,5.57,2.222,13.62749,Transit,2022,3623.0,0.348
Kepler-381 b,Kepler-381,0.937,0.99,5.629021,Transit,2014,6152.0,1.568
Kepler-202 b,Kepler-202,3.29,1.63,4.069427,Transit,2014,4668.0,0.667
TIC 349520724 b,TIC 349520724,8.38,2.82626313,7.94044635021,Transit,2026,5098.6,0.818771
TOI-1346 c,TOI-1346,5.6,2.23,5.502558,Transit,2025,5099.0,0.78
K2-187 c,K2-187,2.54,1.4,2.871512,Transit,2018,5438.0,0.83
WISPIT 1 c,WISPIT 1,1684.4905571,12.8,,Imaging,2025,4670.0,1.1161
Kepler-1624 b,Kepler-1624,35.3,6.59,3.290314,Transit,2016,3768.0,0.552
TOI-198 b,TOI-198,3.17,1.36,10.215213,Transit,2023,3801.0,0.418
Kepler-963 b,Kepler-963,7.56,2.66,9.97683705,Transit,2016,5461.0,0.87
Kepler-846 b,Kepler-846,6.71,2.48,19.80792185,Transit,2016,5579.0,0.91
TOI-561 b,TOI-561,2.02,1.397,0.4465697,Transit,2020,5342.0,0.843
YZ Cet b,YZ Cet,0.7,0.913,2.02087,Radial Velocity,2017,3151.0,0.157
HD 135872 b,HD 135872,1744.56012602,12.8,2422.32597,Radial Velocity,2022,4992.0,3.93038
K2-271 b,K2-271,41.8,7.28,8.562421,Transit,2018,5644.0,0.99
WASP-188 b,WASP-188,458.6263913,14.81827249,5.748916,Transit,2025,6850.0,1.83
K2-36 b,K2-36,4.3,1.43,1.422614,Transit,2016,4916.0,0.718
WASP-97 b,WASP-97,432.2488,12.77826,2.07276,Transit,2014,5640.0,1.08
Kepler-1798 b,Kepler-1798,5.94,2.30911251,16.85589981,Transit,2021,3967.0,0.587
TOI-2992 b,TOI-2992,1058.36859531,13.75341932,3.007812,Transit,2025,6000.0,1.545
TOI-4201 b,TOI-4201,788.21444936,13.67495645,3.5819194,Transit,2023,3794.0,0.63
HD 168863 b,HD 168863,2154.87659946,12.7,14773.93272,Radial Velocity,2022,4905.0,0.777826
Kepler-495 c,Kepler-495,1.98,1.21936414,5.896609783,Transit,2021,5392.0,1.087
Kepler-268 c,Kepler-268,11.4,3.38,83.446393,Transit,2014,6081.0,1.274
K2-331 c,K2-331,7.85,2.72,22.996591,Transit,2021,5994.0,1.06
K2-268 b,K2-268,2.86,1.5,2.151676,Transit,2018,5106.0,0.78
Kepler-1584 b,Kepler-1584,3.22,1.61,13.3997099,Transit,2016,6069.0,1.13
Kepler-1368 b,Kepler-1368,3.36,1.65,0.675649486,Transit,2016,5906.0,1.08
Kepler-924 b,Kepler-924,9.64,3.07,61.0370117,Transit,2016,6167.0,1.23
Kepler-1542 c,Kepler-1542,0.208,0.65,2.89223021,Transit,2016,5564.0,0.99
K2-102 b,K2-102,2.24,1.3,9.915615,Transit,2016,4695.0,0.71
Kepler-331 c,Kepler-331,4.04,1.84,17.28111,Transit,2014,4347.0,0.492
Kepler-1096 b,Kepler-1096,2.07,1.24,2.892217506,Transit,2016,4306.0,0.63
K2-404 b,K2-404,6.94,2.53,13.115365,Transit,2022,3748.0,0.552
TOI-615 b,TOI-615,138.25535705,18.97680433,4.6615983,Transit,2023,6850.0,1.732
Kepler-303 c,Kepler-303,1.55,1.14,7.061149,Transit,2014,3944.0,0.485
HD 150010 b,HD 150010,762.7881768,13.3,562.0,Radial Velocity,2022,4153.0,16.2
WASP-99 b,WASP-99,772.3269,11.43318,5.75251,Transit,2014,6150.0,1.64
HD 56414 b,HD 56414,13.3,3.71,29.04992,Transit,2022,8500.0,1.751
Kepler-1388 b,Kepler-1388,7.22,2.59,12.2854603,Transit,2016,4098.0,0.61
GJ 514 b,GJ 514,5.2,2.13,140.43,Radial Velocity,2022,3728.0,0.5
TOI-628 b,TOI-628,2011.8639,11.88154,3.4095675,Transit,2021,6250.0,1.345
Kepler-92 c,Kepler-92,6.1,2.6,26.723,Transit,2013,5883.0,1.7
Kepler-552 b,Kepler-552,14.8,3.95,5.263415765,Transit,2016,5863.0,1.04
KMT-2016-BLG-1820L b,KMT-2016-BLG-1820L,1450.0,12.9,,Microlensing,2018,,
MASCARA-4 b,MASCARA-4,532.36258173,16.98160576,2.8240932,Transit,2020,7800.0,1.79
BD+60 1417 b,BD+60 1417,4767.426105,14.68376472,,Imaging,2021,4993.0,0.797
Kepler-1846 b,Kepler-1846,3.76,1.76378826,14.82009983,Transit,2021,4825.0,0.732
HD 82943 b,HD 82943,534.25,13.5,441.47,Radial Velocity,2003,5935.0,1.1826
EPIC 248847494 b,EPIC 248847494,4131.79,12.44199,3650.0,Transit,2018,4898.0,2.7
HD 147873 b,HD 147873,1633.6462,12.8,116.596,Radial Velocity,2016,5972.0,2.29
TOI-2719 b,TOI-2719,29.9,5.98,3.37594,Transit,2025,5762.0,1.69
HAT-P-24 b,HAT-P-24,238.3725,14.5717,3.35524,Transit,2010,6373.0,1.38
KOI-94 e,KOI-94,35.0,6.56,54.32031,Transit,2013,6182.0,1.52
NGTS-24 b,NGTS-24,165.27077164,13.60770257,3.4678796,Transit,2022,5820.0,1.64
Qatar-8 b,Qatar-8,117.91493,14.403565,3.71495,Transit,2019,5738.0,1.315
Kepler-288 c,Kepler-288,8.5,2.85,19.305772,Transit,2014,5918.0,1.091
alf Ari b,alf Ari,572.07,13.4,380.8,Radial Velocity,2010,4553.0,13.9
b Cen AB b,b Cen A,3464.3296363,12.4,1790000.0,Imaging,2021,,
GJ 160.2 b,GJ 160.2,10.2,3.17,5.2354,Radial Velocity,2014,4347.0,0.655173
HIP 5763 b,HIP 5763,162.09248757,14.2,30.014,Radial Velocity,2021,4352.0,0.750378
Kepler-1258 b,Kepler-1258,0.566,0.86,0.984940167,Transit,2016,5839.0,0.99
TOI-159 b,TOI-159,1110.0,18.18,3.7628396,Transit,2026,7287.0,1.62
TOI-6628 b,TOI-6628,235.19302118,10.98480109,18.18424,Transit,2025,5463.0,1.01
NSVS 14256825 b,NSVS 14256825,4497.2945,12.3,3225.0,Eclipse Timing Variations,2019,40000.0,0.188
TOI-2093 c,TOI-2093,15.8,2.3,53.81149,Transit,2025,4426.0,0.729
Kepler-33 f,Kepler-33,9.6,4.46,41.02902,Transit,2011,5904.0,1.82
HD 233604 b,HD 233604,2089.644,12.7,192.0,Radial Velocity,2013,4791.0,10.9
TOI-715 b,TOI-715,3.02,1.55,19.288004,Transit,2023,3075.0,0.24
TOI-1266 b,TOI-1266,4.46,2.52,10.8945,Transit,2020,3563.0,0.4232
TOI-1836 b,TOI-1836,38.45723725,8.00321222,20.380799,Transit,2024,6380.0,1.577
Kepler-1103 b,Kepler-1103,5.77,2.27,19.79191978,Transit,2016,6092.0,1.15
TOI-1036 b,TOI-1036,32.5,6.28499593,3.77952125496,Transit,2026,5664.68,1.17554
EPIC 212424622 b,EPIC 212424622,5.35,2.17,18.0983,Transit,2019,5782.33,1.2247
WASP-127 b,WASP-127,52.346601,14.694999,4.17806203,Transit,2016,5620.0,1.333
Kepler-32 f,Kepler-32,1862.11,0.82,0.74296,Transit,2012,3900.0,0.53
HD 167677 b,HD 167677,905.81095995,13.2,1820.0,Radial Velocity,2023,5474.0,0.95271
Kepler-1915 b,Kepler-1915,10.4,3.21798413,13.83539963,Transit,2021,6020.0,1.057
NGC 2682 YBP 1514 b,NGC 2682 YBP 1514,127.132,14.0,5.118,Radial Velocity,2014,5725.0,0.89
WASP-121 b,WASP-121,371.85923619,19.52604438,1.27492504,Transit,2016,6628.0,1.461
K2-217 b,K2-217,12.5,3.57854073,14.074524,Transit,2018,5967.0,1.333718
K2-275 c,K2-275,5.52,2.21,8.4388385,Transit,2018,4841.0,0.69
Kepler-968 b,Kepler-968,4.66,2.0,3.692983728,Transit,2016,4598.0,0.7
TOI-1756 b,TOI-1756,4.43,1.94225664,2.78301736297,Transit,2026,3891.86,0.562607
HD 93963 A b,HD 93963 A,2.8,1.46954368,1.0376109,Transit,2022,5908.0,1.0311
Kepler-1734 b,Kepler-1734,9.74,3.08851092,6.796850204,Transit,2021,6061.0,0.97
Kepler-1669 d,Kepler-1669,1.98,1.22,4.72941177,Transit,2023,4224.0,0.603
Kepler-993 b,Kepler-993,9.11,2.97,22.08557563,Transit,2016,3843.0,0.54
Kepler-288 b,Kepler-288,3.43,1.67,6.097326,Transit,2014,5918.0,1.091
KMT-2021-BLG-1689L b,KMT-2021-BLG-1689L,46.0,7.71,,Microlensing,2022,4570.0,
KELT-4 A b,KELT-4 A,286.68266,19.044091,2.9895932,Transit,2016,6206.0,1.603
Kepler-215 d,Kepler-215,23.6,2.39,30.864423,Transit,2014,5739.0,1.027
Kepler-1867 b,Kepler-1867,1.65,1.15985997,9.887359619,Transit,2021,5693.0,0.816
EPIC 212737443 b,EPIC 212737443,7.2,2.586,13.603,Transit,2019,4684.0,0.673
K2-270 c,K2-270,9.01,2.95,4.400028,Transit,2018,4877.0,0.77
HD 4203 b,HD 4203,708.7609,13.3,431.88,Radial Velocity,2001,5596.0,1.42
Kepler-48 b,Kepler-48,3.94,1.88,4.778,Transit,2012,5194.0,0.89
Kepler-550 b,Kepler-550,17.9,4.42,8.600104109,Transit,2016,5322.0,0.83
HD 106315 b,HD 106315,12.6,2.44,9.55237,Transit,2017,6327.0,1.296
HD 111232 b,HD 111232,2531.50326176,12.6,1169.13202,Radial Velocity,2003,5512.0,0.9
Kepler-215 c,Kepler-215,3.78,1.77,14.667108,Transit,2014,5739.0,1.027
TOI-2169 A b,TOI-2169 A,329.58805806,12.50922246,8.2148282,Transit,2025,6270.0,1.82
Kepler-763 d,Kepler-763,3.43,1.67,6.50327035,Transit,2023,4999.0,0.843
K2-268 c,K2-268,7.7,2.69,9.327527,Transit,2018,5106.0,0.78
HATS-50 b,HATS-50,123.9537,12.66617,3.8297015,Transit,2017,5990.0,1.117
Kepler-407 c,Kepler-407,4000.0,12.3,3000.0,Radial Velocity,2014,5476.0,1.01
Kepler-1134 b,Kepler-1134,7.46,2.64,17.13263989,Transit,2016,5281.0,0.81
TOI-4308 b,TOI-4308,6.43,2.4189,9.151201,Transit,2023,5243.0,0.7934
Kepler-1989 b,Kepler-1989,19.3,4.62,10.161023528,Transit,2023,6032.0,1.06
HD 18015 b,HD 18015,1048.8337431,13.1,2278.0,Radial Velocity,2018,5603.0,3.13
Kepler-211 c,Kepler-211,18.3,1.29,6.04045,Transit,2014,5123.0,0.816
TOI-1798.02,TOI-1798,5.6,1.464,0.437811822,Transit,2024,5165.0,0.78
TOI-4600 b,TOI-4600,959.84178914,6.8,82.6869,Transit,2023,5170.0,0.81
Kepler-567 b,Kepler-567,5.69,2.25,16.54297375,Transit,2016,5148.0,0.79
TOI-2019 b,TOI-2019,34.4,5.33275337,15.3444,Transit,2024,5626.0,1.7457
Kepler-24 b,Kepler-24,11.14,2.348,8.14,Transit,2011,6028.0,1.099
KIC 8121913 b,KIC 8121913,667.4396547,13.4,3.294601,Orbital Brightness Modulation,2021,5975.3,2.233
HD 103774 b,HD 103774,116.0,13.3,5.8881,Radial Velocity,2013,6489.0,1.581047
Kepler-161 b,Kepler-161,2.63,2.12,4.921355,Transit,2014,5078.0,0.806
OGLE-2019-BLG-1053L b,OGLE-2019-BLG-1053L,2.48,1.38,,Microlensing,2021,,
GJ 3293 d,GJ 3293,7.6,2.67,48.1345,Radial Velocity,2017,3466.0,0.404
Kepler-1670 b,Kepler-1670,11.2,3.3564801,20.4998,Transit,2020,5838.0,1.51889
K2-225 b,K2-225,12.7,3.60929179,15.8723,Transit,2018,5520.0,1.7
Kepler-1308 b,Kepler-1308,0.0933,0.52,2.104338119,Transit,2016,3468.0,0.34
47 UMa b,47 UMa,804.08,13.2,1078.0,Radial Velocity,1996,5872.0,1.21334
HD 142022 A b,HD 142022 A,1433.40611557,12.9,1928.0,Radial Velocity,2005,5421.0,1.04
Kepler-24 c,Kepler-24,9.99,2.514,12.33,Transit,2011,6028.0,1.099
Kepler-404 c,Kepler-404,3.61,1.72,14.751166,Transit,2014,5654.0,0.884
Kepler-1254 b,Kepler-1254,3.02,1.55,9.99113313,Transit,2016,4985.0,0.75
WASP-135 b,WASP-135,603.877,14.5717,1.4013794,Transit,2015,5675.0,0.96
HATS-15 b,HATS-15,689.6911,12.385945,1.74748753,Transit,2016,5311.0,0.922
HD 37124 d,HD 37124,221.20968,14.0,1862.0,Radial Velocity,2005,5698.64,0.949168
K2-198 d,K2-198,6.52,2.438,7.4500177,Transit,2019,5212.9,0.757
Ross 128 b,Ross 128,1.4,1.11,9.8658,Radial Velocity,2017,3192.0,0.1967
WASP-3 b,WASP-3,772.3269,15.91678,1.84683,Transit,2007,6400.0,1.44
Kepler-170 c,Kepler-170,8.55,2.86,16.665863,Transit,2014,5679.0,1.035
Kepler-1936 b,Kepler-1936,10.2,3.16615594,126.5569992,Transit,2021,6501.0,1.854
KMT-2016-BLG-1107L b,KMT-2016-BLG-1107L,1043.0,13.1,,Microlensing,2019,,
KELT-1 b,KELT-1,8654.15,12.442,1.217514,Transit,2012,6516.0,1.471
Kepler-640 b,Kepler-640,7.08,2.56,22.24813967,Transit,2016,5653.0,0.94
KMT-2025-BLG-0121L b,KMT-2025-BLG-0121L,2469.52672239,12.6,,Microlensing,2026,,
Kepler-1045 b,Kepler-1045,7.7,2.69,26.41045478,Transit,2016,5301.0,0.82
Kepler-1862 b,Kepler-1862,5.49,2.203,16.05730057,Transit,2021,5644.0,0.806
HD 158259 c,HD 158259,5.6,2.23,3.432,Radial Velocity,2020,5801.89,1.21
HD 103197 b,HD 103197,28.6047,5.83,47.84,Radial Velocity,2011,5250.0,0.88
psi1 Dra B b,psi1 Dra B,486.2799,13.5,3117.0,Radial Velocity,2015,6212.0,1.255735
TOI-2227 b,TOI-2227,9.79,3.09885187,4.22175815648,Transit,2026,5889.54,1.20847
Kepler-990 b,Kepler-990,7.27,2.6,9.91723428,Transit,2016,5948.0,1.08
Kepler-50 b,Kepler-50,8.9,1.71,7.81254,Transit,2012,6225.0,1.58
K2-260 b,K2-260,546.66486004,18.41635529,2.62669762,Transit,2018,6860.0,1.755
WASP-144 b,WASP-144,139.8452,9.52765,2.2783152,Transit,2018,5200.0,0.81
Kepler-1304 b,Kepler-1304,5.86,2.29,16.1288853,Transit,2016,5259.0,0.81
Kepler-1128 b,Kepler-1128,12.9,3.65,61.6178167,Transit,2016,5543.0,0.91
Kepler-1537 b,Kepler-1537,1.76,1.18,1.444453798,Transit,2016,5079.0,0.77
TIC 139702105 b,TIC 139702105,6.59,2.45316949,6.83601903383,Transit,2026,5742.35,1.25423
KMT-2016-BLG-2397L b,KMT-2016-BLG-2397L,836.0,13.2,,Microlensing,2020,,
HATS-70 b,HATS-70,4100.007,15.513256,1.8882378,Transit,2019,7930.0,1.881
Kepler-1043 b,Kepler-1043,7.04,2.55,38.5053398,Transit,2016,5629.0,0.9
NGTS-35 b,NGTS-35,152.0,10.9,25.241192,Transit,2025,4717.0,0.753
Kepler-368 c,Kepler-368,14.3,3.88,72.379334,Transit,2014,5502.0,2.019
Kepler-479 b,Kepler-479,5.14,2.12,12.49341307,Transit,2016,5247.0,0.81
Kepler-1404 b,Kepler-1404,4.7,2.01,15.9314739,Transit,2016,5261.0,0.8
Kepler-1987 b,Kepler-1987,2.04,1.23,2.345863002,Transit,2023,4769.0,0.714
K2-99 c,K2-99,2669.7586188,12.6,522.2,Radial Velocity,2022,6069.0,2.55
OGLE-2019-BLG-0468L b,OGLE-2019-BLG-0468L,1090.15143601,13.1,,Microlensing,2022,,
Kepler-1085 b,Kepler-1085,41.2,7.22,219.3217528,Transit,2016,6000.0,1.14
HD 156668 b,HD 156668,4.15,1.87,4.6455,Radial Velocity,2010,4850.0,0.72
TOI-1728 b,TOI-1728,26.78,5.05,3.49151,Transit,2020,3980.0,0.6243
Kepler-28 c,Kepler-28,2.06,1.857,8.99,Transit,2011,4499.3,0.664
Kepler-1135 b,Kepler-1135,4.08,1.85,76.957857,Transit,2016,5656.0,0.94
HD 30856 b,HD 30856,491.68301,13.5,847.0,Radial Velocity,2011,4895.0,4.4
Kepler-173 c,Kepler-173,6.48,2.43,8.005777,Transit,2014,6031.0,0.949
TOI-6038 A b,TOI-6038 A,78.5,6.41,5.8267311,Transit,2025,6110.0,1.648
SPECULOOS-3 b,SPECULOOS-3,0.894,0.977,0.71912603,Transit,2024,2800.0,0.123
Kepler-1445 b,Kepler-1445,0.84,0.96,10.60052251,Transit,2016,6150.0,1.26
Kepler-796 b,Kepler-796,2.24,1.3,6.40087618,Transit,2016,5475.0,1.09
WASP-52 b,WASP-52,146.2,14.24,1.7497798,Transit,2012,5000.0,0.79
KMT-2017-BLG-0428L b,KMT-2017-BLG-0428L,5.59,2.23,,Microlensing,2023,,
XO-2 S b,XO-2 S,82.63538582,10.9,18.22,Radial Velocity,2014,5325.0,1.02
Kepler-1095 b,Kepler-1095,1.92,1.21,4.27103091,Transit,2016,5658.0,0.92
Kepler-1105 b,Kepler-1105,4.7,2.01,4.421572182,Transit,2016,4299.0,0.68
LP 791-18 d,LP 791-18,0.91,1.032,2.75485,Transit,2023,2960.0,0.182
TIC 257060897 b,TIC 257060897,201.50321004,17.26183028,3.66003639,Transit,2021,5993.0,1.863
Kepler-181 b,Kepler-181,2.15,1.27,3.137873,Transit,2014,5333.0,0.749
Kepler-1748 b,Kepler-1748,7.81,2.71275017,5.823520184,Transit,2021,5774.0,0.864
K2-29 b,K2-29,232.0159,13.33871,3.2588321,Transit,2016,5358.0,0.86
Kepler-1347 b,Kepler-1347,1.08,1.03,14.00947528,Transit,2016,5193.0,0.79
Kepler-336 d,Kepler-336,6.21,2.37,20.678772,Transit,2014,5867.0,1.304
OGLE-TR-56 b,OGLE-TR-56,441.77,15.278,1.2119189,Transit,2002,6050.0,1.363
Kepler-1616 b,Kepler-1616,1.04,1.02,6.76284377,Transit,2016,6266.0,1.34
14 And b,14 And,1131.15130051,13.1,186.76,Radial Velocity,2008,4888.0,11.55
xi Aql b,xi Aql,616.90493799,13.4,136.97,Radial Velocity,2007,4841.0,10.86
MOA-2010-BLG-073L b,MOA-2010-BLG-073L,3500.0,12.4,,Microlensing,2012,,
Kepler-37 d,Kepler-37,2.0,2.03,39.7922622,Transit,2013,5357.0,0.789
HD 69830 d,HD 69830,18.1,4.45,197.0,Radial Velocity,2006,5385.0,0.886947
TOI-776 b,TOI-776,5.0,1.798,8.24662,Transit,2020,3725.0,0.547
Kepler-719 b,Kepler-719,54.5,8.52,5.007317779,Transit,2016,5777.0,0.98
HAT-P-28 b,HAT-P-28,198.953,13.585,3.257215,Transit,2011,5680.0,1.103
TOI-1232 c,TOI-1232,58.48042689,8.88,30.356,Transit Timing Variations,2026,5823.0,1.072
Kepler-667 b,Kepler-667,20.1,4.73,41.43962808,Transit,2016,5327.0,0.87
Kepler-772 b,Kepler-772,3.97,1.82,12.99207337,Transit,2016,5714.0,1.11
Kepler-4 b,Kepler-4,24.472,4.002,3.21346,Transit,2009,5857.0,1.487
WASP-56 b,WASP-56,143.0235,10.53646,4.6171,Transit,2012,5600.0,0.96
Kepler-557 b,Kepler-557,7.61,2.67,3.705989551,Transit,2016,6068.0,1.16
KMT-2018-BLG-0885L b,KMT-2018-BLG-0885L,9217.023803,11.9,,Microlensing,2023,,
Kepler-374 c,Kepler-374,1.37,1.1,3.282807,Transit,2014,5977.0,0.911
Kepler-186 f,Kepler-186,1.71,1.17,129.9441,Transit,2014,3755.0,0.523
HD 147513 b,HD 147513,385.0,13.7,528.4,Radial Velocity,2003,5883.0,0.98
Kepler-351 c,Kepler-351,11.1,3.19,57.24809,Transit,2014,5643.0,0.854
HD 93385 d,HD 93385,8.7,2.89,45.85,Radial Velocity,2021,5977.0,1.18484
TOI-5007 b,TOI-5007,211.03806225,11.07447293,2.543371,Transit,2026,3793.0,0.656
EPIC 206024342 d,EPIC 206024342,7.27,2.6,14.647531,Transit,2021,5724.0,1.1
rho CrB c,rho CrB,27.442,5.68,102.036,Radial Velocity,2016,5817.0,1.3617
GPX-1 b,GPX-1,6261.2196179,16.47720163,1.744579,Transit,2021,7000.0,1.56
EPIC 249893012 b,EPIC 249893012,8.75,1.95,3.5951,Transit,2020,5430.0,1.71
K2-221 b,K2-221,3.46,1.67890272,2.399094,Transit,2018,5716.0,0.947599
Kepler-310 d,Kepler-310,7.0,2.47,92.876125,Transit,2014,5797.0,0.876
Kepler-1585 b,Kepler-1585,3.86,1.79,3.5827463,Transit,2016,5538.0,0.91
HD 23596 b,HD 23596,3786.607641,12.4,1535.11912,Radial Velocity,2003,6040.0,1.53
TOI-6041 b,TOI-6041,28.9,4.55,26.04945,Transit,2025,5445.0,0.879
Kepler-161 c,Kepler-161,3.61,2.05,7.06424,Transit,2014,5078.0,0.806
Kepler-553 c,Kepler-553,2129.4503269,11.57887706,328.24017,Transit,2016,5191.0,0.902
HIP 9618 c,HIP 9618,7.0,3.42855926,52.56363,Transit,2023,5649.0,0.9593
Kepler-1169 b,Kepler-1169,0.779,0.94,6.11009134,Transit,2016,6191.0,1.23
HD 25015 b,HD 25015,2884.92845034,12.5,6134.427,Radial Velocity,2019,5160.0,0.83
Kepler-861 b,Kepler-861,5.82,2.28,3.949631375,Transit,2016,5047.0,0.78
TOI-269 b,TOI-269,8.8,2.77,3.6977104,Transit,2021,3514.0,0.398
KMT-2019-BLG-2974L b,KMT-2019-BLG-2974L,88.99195396,11.4,,Microlensing,2022,,
KMT-2024-BLG-0349L b,KMT-2024-BLG-0349L,3769.44490702,12.4,,Microlensing,2026,,
IC 4651 9122 b,IC 4651 9122,2002.329,12.7,734.0,Radial Velocity,2018,4740.1,10.267424
K2-115 b,K2-115,321.00669107,11.80305668,20.2729914,Transit,2017,5870.0,0.855
Kepler-489 b,Kepler-489,46.1,7.72,17.276296119,Transit,2016,5014.0,0.76
Kepler-839 b,Kepler-839,7.13,2.57,37.8144514,Transit,2016,6058.0,1.31
TOI-6393 b,TOI-6393,8.04,2.75958542,9.53176110329,Transit,2026,5008.2,0.766023
K2-342 b,K2-342,4.78,2.03,11.561052,Transit,2021,5920.0,1.09
HD 11506 c,HD 11506,127.1313628,14.0,223.92,Radial Velocity,2008,6123.0,1.24
TOI-5542 b,TOI-5542,419.53349724,11.30986153,75.12375,Transit,2022,5700.0,1.058
Kepler-960 b,Kepler-960,5.86,2.29,3.12686223,Transit,2016,4755.0,0.72
Kepler-261 c,Kepler-261,4.66,2.0,24.570858,Transit,2014,5098.0,0.794
Kepler-348 b,Kepler-348,2.92,1.52,7.05677,Transit,2014,6177.0,1.359
18 Del b,18 Del,2926.24614325,12.5,982.85,Radial Velocity,2008,4980.0,8.8
HD 208897 b,HD 208897,379.48711796,13.7,358.27,Radial Velocity,2017,4860.0,4.98
Kepler-1386 b,Kepler-1386,2.07,1.24,6.73972381,Transit,2016,5733.0,1.03
Kepler-528 b,Kepler-528,4.98,2.08,19.78297415,Transit,2016,5807.0,1.06
TOI-5573 b,TOI-5573,112.0,9.75,8.79758977,Transit,2025,3790.0,0.594
HATS-26 b,HATS-26,206.5895,19.61575,3.3023881,Transit,2016,6071.0,2.04
Kepler-1533 b,Kepler-1533,11.8,3.46,308.5471,Transit,2016,6431.0,1.51
Kepler-102 c,Kepler-102,1.7,0.567,7.071392,Transit,2014,4909.0,0.724
Kepler-215 e,Kepler-215,3.71,1.75,68.16101,Transit,2014,5739.0,1.027
Kepler-394 b,Kepler-394,3.19,1.6,8.005013,Transit,2014,6402.0,1.132
Kepler-820 b,Kepler-820,30.8,6.09,127.8338098,Transit,2016,6260.0,1.36
K2-259 b,K2-259,5.99,2.32,15.48043,Transit,2018,6059.0,1.13
Kepler-1942 b,Kepler-1942,5.13,2.1170287,4.626049995,Transit,2021,5834.0,0.797
Kepler-416 c,Kepler-416,6.13,2.352,12.209,Transit Timing Variations,2014,5718.0,1.075
Kepler-401 c,Kepler-401,5.27,2.15,47.318218,Transit,2014,6117.0,1.333
HD 202206 c,HD 202206,5689.157,12.2,1260.0,Radial Velocity,2004,5766.0,1.04
Kepler-769 c,Kepler-769,3.86,1.79,15.9870174,Transit,2016,6186.0,1.28
KMT-2023-BLG-1431L b,KMT-2023-BLG-1431L,13.6,3.76,,Microlensing,2024,,
Kepler-417 b,Kepler-417,11.0,2.31,12.331,Transit Timing Variations,2014,5177.0,0.806
Kepler-1483 b,Kepler-1483,2.92,1.52,9.5085156,Transit,2016,6337.0,1.4
HD 13931 b,HD 13931,889.9195396,13.2,4218.0,Radial Velocity,2009,5867.0,1.25
Kepler-608 b,Kepler-608,12.9,3.64,6.412515037,Transit,2016,5820.0,1.01
Kepler-59 b,Kepler-59,4.1,1.1,11.8681707,Transit,2012,6074.0,0.94
GJ 433 b,GJ 433,6.043,2.33,7.3705,Radial Velocity,2013,3461.0,0.5
Kepler-193 b,Kepler-193,6.3,2.39,11.38848,Transit,2014,6335.0,1.147
Kepler-888 b,Kepler-888,3.75,1.76,70.6979061,Transit,2016,5875.0,0.9
NGTS-3 A b,NGTS-3 A,756.4354,16.58932,1.6753728,Transit,2018,5600.0,0.93
Kepler-1972 b,Kepler-1972,2.02,0.802,7.54425,Transit,2022,5818.0,1.384
HD 86065 b,HD 86065,2877.30056857,12.5,25775.78859,Radial Velocity,2022,4927.56,0.780347
EPIC 206024342 b,EPIC 206024342,3.53,1.7,4.50756,Transit,2019,5724.0,0.823
Kepler-799 c,Kepler-799,8.15,2.78068551,15.19419956,Transit,2021,5588.0,1.593
HD 171028 b,HD 171028,832.7146,13.2,550.0,Radial Velocity,2007,5671.0,2.47
Kepler-228 d,Kepler-228,15.4,4.04,11.094286,Transit,2014,6043.0,1.014
HIP 19976 b,HIP 19976,21.61233168,4.94,50.65905,Radial Velocity,2022,4316.0,0.772319
HD 89744 b,HD 89744,2653.8805,12.6,256.78,Radial Velocity,1999,6291.0,2.13257
HD 96992 b,HD 96992,362.3262,13.7,514.0,Radial Velocity,2021,4725.0,7.43
Kepler-1875 b,Kepler-1875,10.5,3.22686692,34.45859909,Transit,2021,6161.0,0.862
Kepler-326 d,Kepler-326,6.9,1.21,6.766888,Transit,2014,5105.0,0.801
bet Pic b,bet Pic,2765.1071409,18.49485,8682.0,Imaging,2008,8038.68,1.54416
Kepler-1642 b,Kepler-1642,10.3,3.2,12.2057513,Transit,2016,5355.0,0.84
K2-355 b,K2-355,5.69,2.25,5.7385647,Transit,2021,5790.0,0.92
K2-231 b,K2-231,6.8,2.5,13.841901,Transit,2018,5695.0,0.95
Kepler-125 c,Kepler-125,0.33,0.74,5.774464,Transit,2014,3810.0,0.512
HD 33142 c,HD 33142,282.86728223,13.9,810.2,Radial Velocity,2016,5025.4,4.17
Kepler-174 c,Kepler-174,2.83,1.49,44.000529,Transit,2014,4880.0,0.622
K2-162 b,K2-162,2.67,1.44,9.45889,Transit,2018,4842.0,0.69
WASP-1 b,WASP-1,271.415,16.623,2.5199454,Transit,2007,6110.0,1.47
Wendelstein-1 b,Wendelstein-1,188.15536,11.5609626,2.663416,Transit,2020,4251.0,0.61
Kepler-1752 b,Kepler-1752,18.7,4.54060463,56.35850143,Transit,2021,5446.0,0.821
KOI-351 f,KOI-351,8.65,2.88,124.9144,Transit,2013,6080.0,1.2
K2-138 d,K2-138,7.92,2.39,5.40479,Transit,2017,5356.3,0.863
Kepler-1615 b,Kepler-1615,4.9,2.06,47.3126192,Transit,2016,5865.0,1.05
Kepler-1289 b,Kepler-1289,2.92,1.52,7.99019627,Transit,2016,6080.0,1.17
HD 34445 g,HD 34445,120.6,13.6,5700.0,Radial Velocity,2017,5836.0,1.38
WASP-41 b,WASP-41,270.1555,12.3299,3.0524,Transit,2011,5545.0,0.83
TOI-1136 d,TOI-1136,8.35,4.627,12.5199,Transit,2022,5770.0,0.968
Kepler-963 c,Kepler-963,0.156,0.6,0.919783,Transit,2024,5169.47,0.928
Kepler-327 d,Kepler-327,3.64,1.73,13.969457,Transit,2014,3799.0,0.492
Kepler-722 c,Kepler-722,8.35,2.82,105.144749,Transit,2016,5863.0,1.05
K2-415 b,K2-415,7.5,1.015,4.0179694,Transit,2023,3173.0,0.1965
OGLE-2019-BLG-0468L c,OGLE-2019-BLG-0468L,3248.20631954,12.5,,Microlensing,2022,,
TOI-1803 b,TOI-1803,10.32,2.99,6.293287,Transit,2025,4687.0,0.715
K2-169 b,K2-169,2.16,1.27328671,6.380803,Transit,2018,5548.0,0.919053
HD 203030 b,HD 203030,3496.112477,14.4595851,,Imaging,2006,5603.0,0.856458
HD 164922 b,HD 164922,116.0,13.3,1207.0,Radial Velocity,2005,5390.0,0.946
TOI-2485 b,TOI-2485,766.60211768,12.1393261,11.23479,Transit,2024,6016.4,1.72
HATS-28 b,HATS-28,213.58176,13.383546,3.1810781,Transit,2016,5498.0,0.922
Kepler-1186 b,Kepler-1186,5.6,2.23,16.07677615,Transit,2016,5635.0,0.93
Kepler-618 b,Kepler-618,7.27,2.6,3.595769645,Transit,2016,5860.0,1.08
K2-405 b,K2-405,18.9,4.569,3.435471,Transit,2022,4927.0,0.765
WASP-192 b,WASP-192,731.009,13.78707,2.8786765,Transit,2019,5910.0,1.32
Kepler-342 d,Kepler-342,6.76,2.49,39.459357,Transit,2014,6175.0,1.472
HD 108236 b,HD 108236,3.24,1.615,3.795963,Transit,2020,5660.0,0.877
TOI-1758 b,TOI-1758,6.9,3.62,20.705074685,Transit,2024,5169.0,0.81
HD 98649 b,HD 98649,3082.9355479,12.5,5384.0,Radial Velocity,2012,5759.0,1.01
HR 858 d,HR 858,7.1,2.001,11.230511,Transit,2019,6354.0,1.258
HD 59686 A b,HD 59686 A,2199.3836,12.7,299.36,Radial Velocity,2016,4658.0,13.2
Kepler-979 b,Kepler-979,7.85,2.72,8.0880135,Transit,2016,5310.0,0.83
KMT-2024-BLG-2242L b,KMT-2024-BLG-2242L,13.98444991,3.82,,Microlensing,2025,,
TOI-1135 b,TOI-1135,58.79825529,9.91994792,8.0277327,Transit,2024,6320.0,1.202
TOI-270 b,TOI-270,1.48,1.28,3.35992,Transit,2019,3506.0,0.38
TOI-2193 A b,TOI-2193 A,298.75870258,19.83989584,2.1225735,Transit,2022,5966.0,1.248
Kepler-1492 b,Kepler-1492,2.83,1.49,16.75255007,Transit,2016,4712.0,0.72
K2-16 b,K2-16,4.74,2.02,7.6188,Transit,2015,4742.0,0.66
DS Tuc A b,DS Tuc A,413.179,5.7,8.138268,Transit,2019,5428.0,0.964
HATS-74 A b,HATS-74 A,464.02947422,11.56766808,1.73185606,Transit,2021,3776.9,0.5758
TOI-4479 b,TOI-4479,8.35,2.82,1.1589,Transit,2022,3400.0,0.451
Kepler-222 d,Kepler-222,13.2,3.69,28.081912,Transit,2014,5433.0,0.869
Kepler-1568 b,Kepler-1568,2.24,1.3,20.925392,Transit,2016,5956.0,1.19
Kepler-1207 b,Kepler-1207,3.26,1.62,13.68237119,Transit,2016,5909.0,1.06
HATS-23 b,HATS-23,467.2101,20.84874,2.1605156,Transit,2017,5780.0,1.199
Kepler-1636 b,Kepler-1636,10.5,3.23,425.47785,Transit,2016,5797.0,1.02
K2-207 b,K2-207,7.3,2.60585269,12.48749,Transit,2018,5522.0,0.928158
Kepler-1822 b,Kepler-1822,7.5,2.64755943,22.13339996,Transit,2021,5165.0,0.702
HD 28678 b,HD 28678,490.09386,13.5,380.2,Radial Velocity,2011,4972.0,6.48
HD 189733 b,HD 189733,359.1479,12.66617,2.21857567,Radial Velocity,2005,5052.0,0.75
Kepler-164 c,Kepler-164,7.9,2.73,10.945723,Transit,2014,5888.0,1.148
HD 20781 b,HD 20781,1.93,1.21,5.3135,Radial Velocity,2019,5256.0,0.833609
Kepler-712 b,Kepler-712,11.5,3.41,21.02247699,Transit,2016,5148.0,0.78
Kepler-208 c,Kepler-208,2.51,1.39,7.466623,Transit,2014,6092.0,1.314
TIC 38828280 b,TIC 38828280,7.4,2.62701629,4.85558984762,Transit,2026,5046.63,0.741147
K2-192 b,K2-192,2.92,1.52,4.162817,Transit,2018,5222.0,0.81
Kepler-1123 b,Kepler-1123,3.43,1.67,4.33946454,Transit,2016,5500.0,0.9
HD 114082 b,HD 114082,2542.627256,11.2089807,109.75,Radial Velocity,2022,6651.0,1.49
TOI-1238 b,TOI-1238,3.76,1.21,0.764597,Transit,2022,4089.0,0.58
K2-282 b,K2-282,6.8,2.5,4.169783,Transit,2018,5499.0,1.0
HD 121504 b,HD 121504,479.9233,13.6,63.33,Radial Velocity,2003,6027.0,1.07
Kepler-38 b,Kepler-38,122.0,4.3,105.599,Transit,2012,5623.0,1.752
WASP-133 b,WASP-133,368.6828,13.56289,2.176423,Transit,2016,5700.0,1.44
HAT-P-1 b,HAT-P-1,166.86075,14.784671,4.46529976,Transit,2006,5980.0,1.174
TIC 46432937 b,TIC 46432937,1017.0509024,13.31626907,1.44044527,Transit,2024,3572.0,0.5299
Kepler-255 d,Kepler-255,2.3,1.32,1.045622658,Transit,2016,5431.0,0.86
HD 63454 b,HD 63454,79.4575,12.31,2.81805,Radial Velocity,2005,4812.0,0.77
HD 6718 b,HD 6718,762.7881768,13.3,2476.0,Radial Velocity,2009,5746.0,1.02
Kepler-167 b,Kepler-167,3.6,1.718,4.3931539,Transit,2014,4884.0,0.749
Kepler-483 b,Kepler-483,10.4,3.21,30.229104,Transit,2016,6346.0,1.47
BD+20 594 b,BD+20 594,22.2481,2.57807,41.6855,Transit,2016,5766.0,1.08
TYC 0434-04538-1 b,TYC 0434-04538-1,1938.763,12.7,193.2,Radial Velocity,2021,4679.0,9.99
Kepler-1243 b,Kepler-1243,3.71,1.75,16.8320729,Transit,2016,5667.0,0.94
HD 73534 b,HD 73534,353.42696,13.7,1750.0,Radial Velocity,2008,4917.0,2.58
Kepler-1494 b,Kepler-1494,9.64,3.07,91.080482,Transit,2016,5659.0,0.94
OGLE-2019-BLG-1470L AB c,OGLE-2019-BLG-1470L A,699.2224954,13.3,,Microlensing,2022,,
Kepler-186 e,Kepler-186,2.15,1.27,22.407704,Transit,2014,3788.0,0.472
24 Sex c,24 Sex,273.32,13.9,883.0,Radial Velocity,2010,5098.0,4.9
TIC 87422071 b,TIC 87422071,409.99864503,10.8615023,11.364929,Transit,2026,6150.0,1.489
GJ 3988 b,GJ 3988,3.69,1.74,6.9442,Radial Velocity,2023,3273.0,0.19734
HD 9446 c,HD 9446,578.426,13.4,192.9,Radial Velocity,2009,5793.0,1.0
KMT-2016-BLG-2321L b,KMT-2016-BLG-2321L,301.93698665,13.8,,Microlensing,2024,,
HD 35843 b,HD 35843,5.84,2.29,9.8991,Radial Velocity,2025,5666.0,0.897
Kepler-116 b,Kepler-116,11.6,3.42,5.968734,Transit,2014,6142.0,1.454
K2-284 b,K2-284,8.15,2.78,4.795069,Transit,2018,4140.0,0.607
LP 714-47 b,LP 714-47,30.8,4.7,4.052037,Transit,2020,3950.0,0.584
Kepler-1958 b,Kepler-1958,4.86,2.05124311,9.328619957,Transit,2021,5749.0,0.864
HD 152581 b,HD 152581,594.02427,13.4,686.5,Radial Velocity,2011,5027.0,5.14
Kepler-74 b,Kepler-74,200.22,10.76,7.340711,Transit,2013,6000.0,1.12
OGLE-2018-BLG-1011L c,OGLE-2018-BLG-1011L,890.0,13.2,,Microlensing,2019,,
K2-347 b,K2-347,6.39,2.41,7.187257,Transit,2021,4599.0,0.63
Kepler-87 c,Kepler-87,6.4,6.14,191.2318,Transit,2013,5600.0,1.82
Kepler-812 b,Kepler-812,12.3,3.55,10.11716531,Transit,2016,6761.0,1.71
Kepler-80 e,Kepler-80,4.13,1.6,4.64489,Transit,2014,4540.0,0.678
K2-383 b,K2-383,3.07,1.564,1.865962,Transit,2022,5129.0,0.804
TOI-2266 b,TOI-2266,2.99,1.54,2.326318,Transit,2024,3200.0,0.24
WASP-23 b,WASP-23,280.95,10.783,2.9444256,Transit,2010,5150.0,0.765
Kepler-1265 b,Kepler-1265,2.39,1.35,6.49441289,Transit,2016,4630.0,0.69
NGTS-1 b,NGTS-1,258.07796,14.90797,2.647298,Transit,2017,3916.0,0.573
OGLE-2023-BLG-0766L b,OGLE-2023-BLG-0766L,349.6112477,13.7,,Microlensing,2026,,
Kepler-1187 b,Kepler-1187,7.32,2.61,18.87064068,Transit,2016,5975.0,1.09
K2-400 b,K2-400,1.67,1.163,3.865053,Transit,2022,3578.0,0.382
Kepler-164 e,Kepler-164,16.7,4.24,94.886902,Transit,2023,5888.0,1.097
Kepler-184 b,Kepler-184,6.17,2.36,10.687576,Transit,2014,5788.0,0.873
HD 332231 b,HD 332231,74.1,9.07303305,18.712024,Transit,2020,6128.0,1.266
TOI-1199 b,TOI-1199,75.96098927,10.5140239,3.671463,Transit,2024,5710.0,1.45
TOI-4961 b,TOI-4961,572.0911326,12.34108775,7.479182,Transit,2025,5380.0,0.912
Kepler-75 b,Kepler-75,3209.9,11.77,8.8849116,Transit,2013,5200.0,0.89
HD 39091 b,HD 39091,4481.3805387,12.3,2088.8,Radial Velocity,2001,5998.0,1.17
HAT-P-3 b,HAT-P-3,206.5895,10.53646,2.8997,Transit,2007,5185.0,0.87
HD 30562 b,HD 30562,467.20775829,13.6,1157.0,Radial Velocity,2009,5882.0,1.61
Kepler-233 c,Kepler-233,7.8,2.71,60.418955,Transit,2014,5360.0,0.758
BD-10 3166 b,BD-10 3166,187.5197,14.1,3.48777,Radial Velocity,2000,5393.0,0.91
HAT-P-11 c,HAT-P-11,851.78013076,13.2,3361.0,Radial Velocity,2018,4653.0,0.683
Kepler-1834 c,Kepler-1834,1.98,1.22,0.766691517,Transit,2023,4821.0,0.788
Kepler-207 c,Kepler-207,2.86,1.5,3.071571,Transit,2014,5920.0,1.588
Kepler-118 c,Kepler-118,45.7,7.68,20.17202,Transit,2014,5274.0,1.094
HATS-55 b,HATS-55,292.72143,14.022459,4.2042001,Transit,2019,6214.0,1.126
Kepler-822 b,Kepler-822,3.78,1.77,3.222969273,Transit,2016,5928.0,1.08
Kepler-292 e,Kepler-292,7.61,2.67,11.97901,Transit,2014,5299.0,0.826
Kepler-444 e,Kepler-444,0.1,0.546,7.743493,Transit,2015,5046.0,0.752
bet Pic d,bet Pic,762.7881768,14.12331568,33200.0,Imaging,2026,8038.68,1.54416
HD 183263 c,HD 183263,2958.98246917,12.5,4667.97841,Radial Velocity,2008,5948.0,1.23
Kepler-654 b,Kepler-654,4.94,2.07,13.72465129,Transit,2016,5865.0,1.11
91 Aqr b,91 Aqr,1017.0,13.1,181.4,Radial Velocity,2013,4665.0,11.0
Kepler-864 b,Kepler-864,6.35,2.4,5.83376092,Transit,2016,5754.0,1.0
Kepler-1628 b,Kepler-1628,33.8,6.43,76.378033,Transit,2016,3724.0,0.52
Kepler-944 b,Kepler-944,7.41,2.63,43.3167737,Transit,2016,5409.0,0.83
OGLE-2018-BLG-0516L b,OGLE-2018-BLG-0516L,20.1,4.73,,Microlensing,2022,,
HD 181720 b,HD 181720,127.132,14.0,956.0,Radial Velocity,2009,5736.0,1.5
Kepler-322 b,Kepler-322,1.01,1.01,1.653888,Transit,2014,5388.0,0.89
TOI-6677 b,TOI-6677,28.7,5.83507112,5.45060661625,Transit,2026,6572.28,1.57167
Kepler-1394 b,Kepler-1394,2.51,1.39,3.93766373,Transit,2016,6481.0,2.55
HD 109246 b,HD 109246,273.3338,13.9,68.27,Radial Velocity,2010,5844.0,1.07
Kepler-1672 b,Kepler-1672,9.11,2.97022762,150.878,Transit,2020,6131.95,1.08841
TOI-5489 c,TOI-5489,2.18,1.28,4.92126,Transit,2025,3547.0,0.42
Kepler-1744 b,Kepler-1744,13.6,3.76754004,37.10110092,Transit,2021,5986.0,0.85
TOI-4515 b,TOI-4515,637.0,12.17,15.266446,Transit,2024,5433.0,0.86
Ross 176 b,Ross 176,4.57,1.84,5.0066338,Transit,2025,4041.0,0.569
CoRoT-31 b,CoRoT-31,266.9772,16.36514,4.62941,Transit,2020,5700.0,2.15
TOI-1775 b,TOI-1775,96.0,8.04728896,10.2405549,Transit,2024,5284.0,0.8288
K2-73 c,K2-73,1142.0,13.0,1000.0,Radial Velocity,2025,5867.0,1.058
HAT-P-18 b,HAT-P-18,62.61,11.153,5.508023,Transit,2010,4803.0,0.749
K2-350 c,K2-350,7.95,2.74,19.991944,Transit,2016,5789.0,1.04
Kepler-129 c,Kepler-129,43.0,2.52,82.2,Transit,2014,5770.0,1.653
Kepler-1267 b,Kepler-1267,9.32,3.01,13.0313945,Transit,2016,6096.0,1.2
Kepler-1795 b,Kepler-1795,3.4,1.66301611,13.36019993,Transit,2021,4500.0,0.688
Kepler-903 c,Kepler-903,6.94,2.53,62.9228557,Transit,2016,5682.0,0.97
K2-312 c,HD 80653,1719.45168187,12.8,921.2,Radial Velocity,2023,5959.0,1.22
GJ 3293 c,GJ 3293,21.09,4.87,122.6196,Radial Velocity,2015,3466.0,0.404
TOI-5713 b,TOI-5713,3.78,1.77,10.441989,Transit,2024,3225.0,0.2992
2MASS J03590986+2009361 b,2MASS J03590986+2009361,5720.911326,12.2,,Imaging,2024,2943.0,0.289776
K2-285 b,K2-285,9.68,2.59,3.471745,Transit,2018,4975.0,0.787
TOI-4184 b,TOI-4184,6.48,2.43,4.9019804,Transit,2023,3238.0,0.2347
Kepler-220 c,Kepler-220,3.09,1.57,9.034199,Transit,2014,4632.0,0.666
Kepler-880 b,Kepler-880,7.56,2.66,7.71468975,Transit,2016,6761.0,1.74
HD 35843 c,HD 35843,11.32,2.54,46.9622,Transit,2025,5666.0,0.897
HATS-68 b,HATS-68,410.0007,13.809488,3.5862202,Transit,2018,6147.0,1.748
Kepler-324 b,Kepler-324,2414.4,1.14,4.385315,Transit,2014,5194.0,0.84
Kepler-1547 b,Kepler-1547,0.666,0.9,0.692979676,Transit,2016,6078.0,1.18
Kepler-116 c,Kepler-116,5.9,2.3,13.07163,Transit,2014,6142.0,1.454
Kepler-1076 b,Kepler-1076,0.437,0.8,6.14727918,Transit,2016,4868.0,0.74
nu Oph b,nu Oph,7057.73298,12.0,529.93,Radial Velocity,2012,4887.0,12.24
KMT-2022-BLG-2076L b,KMT-2022-BLG-2076L,279.68899816,13.9,,Microlensing,2025,,
Kepler-170 b,Kepler-170,82.6,3.2,7.930592,Transit,2014,5679.0,1.035
HD 134987 c,HD 134987,260.0,13.9,5000.0,Radial Velocity,2009,5585.0,1.25
Kepler-530 b,Kepler-530,9.32,3.01,39.30941904,Transit,2016,5697.0,0.89
Kepler-1596 b,Kepler-1596,4.27,1.9,66.373379,Transit,2016,5706.0,0.92
Kepler-396 c,Kepler-396,17.9,5.3,88.505,Transit,2013,5656.0,1.06
WASP-88 b,WASP-88,133.4886,16.36514,4.954,Transit,2014,6430.0,1.8
Kepler-1438 b,Kepler-1438,0.779,0.94,2.31942009,Transit,2016,5530.0,0.96
GJ 15 A b,GJ 15 A,3.03,1.55,11.4407,Radial Velocity,2014,3607.0,0.38
TOI-157 b,TOI-157,375.0394,14.414774,2.0845435,Transit,2020,5404.0,1.167
K2-114 b,K2-114,638.83509807,10.59248676,11.390931,Transit,2017,4899.0,0.832
Kepler-100 b,Kepler-100,4.01,1.34,6.88734,Transit,2014,5837.0,1.51
tau Gem b,tau Gem,6547.0,12.1,305.5,Radial Velocity,2013,4388.0,26.8
Kepler-265 c,Kepler-265,7.41,2.63,17.028937,Transit,2014,5835.0,1.103
K2-190 b,K2-190,2.41,1.35673729,10.098858,Transit,2018,5631.0,0.912206
Kepler-1921 c,Kepler-1921,2.57,1.41,3.15722086,Transit,2023,6120.0,2.0
CoRoT-19 b,CoRoT-19,352.78,14.46,3.89713,Transit,2011,6090.0,1.65
HD 110537 b,HD 110537,8612.83200129,11.9,24469.67342,Radial Velocity,2022,5718.0,1.16626
Kepler-788 b,Kepler-788,7.04,2.55,8.39846269,Transit,2016,6159.0,1.23
K2-390 b,K2-390,19.6,4.662,3.312792,Transit,2022,5558.0,0.966
WASP-69 b,WASP-69,82.58,11.21,3.86813881,Transit,2014,4792.0,0.801
Kepler-336 b,Kepler-336,1.04,1.02,2.024823,Transit,2014,5867.0,1.304
HIP 48714 b,HIP 48714,22.9,5.11,17.818,Radial Velocity,2020,4015.5,0.595456
Kepler-154 b,Kepler-154,5.73,2.26,33.040532,Transit,2014,5690.0,1.001
Kepler-1225 b,Kepler-1225,3.97,1.82,7.01075434,Transit,2016,6140.0,1.19
Kepler-1708 b,Kepler-1708,1462.0106722,9.96,737.1131,Transit,2021,6157.0,1.117
Kepler-332 c,Kepler-332,1.32,1.09,15.995622,Transit,2014,4955.0,0.72
WASP-173 A b,WASP-173 A,1172.7927,13.4508,1.38665318,Transit,2018,5800.0,1.11
TOI-4010 b,TOI-4010,11.0,3.02,1.348335,Transit,2023,4960.0,0.83
WASP-71 b,WASP-71,441.7837,13.22662,2.90367,Transit,2012,6050.0,1.82
Kepler-66 b,Kepler-66,8.25,2.8,17.815815,Transit,2013,5962.0,0.966
Kepler-755 b,Kepler-755,3.75,1.76,1.269090374,Transit,2016,5043.0,0.77
Kepler-1785 b,Kepler-1785,7.77,2.70422447,19.58550072,Transit,2021,5618.0,0.996
TOI-2654 b,TOI-2654,48.4,7.94454164,2.96760425926,Transit,2026,4594.08,0.756095
GJ 9773 b,GJ 9773,172.580825,14.2,2965.0,Radial Velocity,2025,3528.0,0.362
Kepler-247 d,Kepler-247,14.7,3.94,20.477912,Transit,2014,5100.0,0.768
Kepler-1552 b,Kepler-1552,6.66,2.47,184.771853,Transit,2016,5202.0,0.78
Kepler-549 c,Kepler-549,8.91,2.93,117.040498,Transit,2016,5360.0,0.84
Kepler-130 d,Kepler-130,3.33,1.64,87.517905,Transit,2014,5884.0,1.127
HD 24040 c,HD 24040,63.88350981,9.35,515.4,Radial Velocity,2021,5776.49,1.387296
Kepler-304 b,Kepler-304,8.55,2.86,3.295709,Transit,2014,4731.0,0.687
TOI-1416 b,TOI-1416,3.48,1.62,1.0697568,Transit,2023,4884.0,0.793
K2-2016-BLG-0005L b,K2-2016-BLG-0005L,349.6112477,13.7,4700.0,Microlensing,2023,,
Kepler-2000 b,Kepler-2000,7.9,2.73,6.383159135,Transit,2023,3757.0,0.576
Kepler-327 c,Kepler-327,20.3,1.03,5.212333,Transit,2014,3799.0,0.492
LSPM J2116+0234 b,LSPM J2116+0234,13.3,3.71,14.4399,Radial Velocity,2019,3475.0,0.431
Kepler-1371 c,Kepler-1371,0.196,0.64,2.00541269,Transit,2016,5361.0,0.83
BD+20 274 b,BD+20 274,1334.886,13.0,578.2,Radial Velocity,2012,4296.0,17.3
Kepler-538 b,Kepler-538,12.9,2.215,81.73778,Transit,2016,5534.0,0.8717
HD 189567 c,HD 189567,7.0,2.54,33.688,Radial Velocity,2021,5726.0,1.04
HAT-P-62 b,HAT-P-62,241.86741773,12.02723629,2.6453235,Transit,2021,5629.0,1.17
TOI-3896 b,TOI-3896,10.1,3.14949237,4.37730369667,Transit,2026,5110.91,0.747752
Kepler-443 b,Kepler-443,6.04,2.33,177.6693,Transit,2015,4723.0,0.706
TOI-530 b,TOI-530,127.1313628,9.30345398,6.387597,Transit,2021,3659.0,0.54
GJ 676 A b,GJ 676 A,1840.86213334,12.8,1051.44521,Radial Velocity,2010,3734.0,0.69
WASP-175 b,WASP-175,314.6517,13.540472,3.0652907,Transit,2019,6229.0,1.204
Kepler-127 c,Kepler-127,7.56,2.66,29.393195,Transit,2014,6106.0,1.359
HD 1605 c,HD 1605,1150.5446,13.0,2149.0,Radial Velocity,2015,4915.0,3.49
HIP 14810 b,HIP 14810,1239.537,13.0,6.673892,Radial Velocity,2005,5544.0,1.07
LHS 1678 b,LHS 1678,0.35,0.685,0.8602325,Transit,2021,3490.0,0.329
Kepler-42 b,Kepler-42,0.705944,0.78,1.2137672,Transit,2011,3068.0,0.17
HD 141937 b,HD 141937,3591.4609991,12.4,662.37,Radial Velocity,2002,5870.0,1.03
TOI-1518 b,TOI-1518,581.62598481,21.05046575,1.90261131,Transit,2021,7299.0,1.942
Kepler-388 b,Kepler-388,0.457,0.81,3.173315,Transit,2014,4498.0,0.586
TOI-2458 c,TOI-2458,10.22,3.18,16.553,Radial Velocity,2024,6005.0,1.31
HD 18599 b,HD 18599,24.1,2.6,4.1374354,Transit,2022,5145.0,0.767
Kepler-1301 b,Kepler-1301,2.54,1.4,9.08237046,Transit,2016,5188.0,0.81
Kepler-879 c,Kepler-879,0.0364,0.4,0.646716,Transit,2024,5456.75,1.022
HD 73583 b,HD 73583,10.2,2.79,6.398042,Transit,2022,4511.0,0.65
Kepler-784 c,Kepler-784,3.02,1.55,17.157236,Transit,2023,5676.0,1.487
Kepler-1216 b,Kepler-1216,2.51,1.39,4.37034536,Transit,2016,5743.0,0.98
Kepler-149 c,Kepler-149,3.22,1.61,55.328328,Transit,2014,5381.0,0.953
HD 33142 d,HD 33142,63.5656814,9.32,89.9,Radial Velocity,2022,5025.4,4.17
Kepler-1896 b,Kepler-1896,9.8,3.09935997,44.87020111,Transit,2021,6122.0,0.996
TOI-5218 b,TOI-5218,657.0,9.86,4.291452,Transit,2024,4230.0,0.708
Kepler-653 b,Kepler-653,4.46,1.95,14.70748976,Transit,2016,5665.0,1.19
TOI-771 c,TOI-771,2.87,1.5,7.61,Radial Velocity,2025,3370.0,0.232
Kepler-714 b,Kepler-714,67.6,9.67,8.098887986,Transit,2016,5995.0,1.12
TOI-1718 b,TOI-1718,15.8,4.10824994,5.58703768615,Transit,2026,5304.91,0.939285
Kepler-1458 b,Kepler-1458,8.05,2.76,47.9872764,Transit,2016,5653.0,0.94
TOI-4364 b,TOI-4364,4.7,2.01,5.424019,Transit,2025,3528.0,0.4684
K2-57 b,K2-57,5.94,2.30905002,9.0073,Transit,2016,4413.0,0.671
Kepler-481 b,Kepler-481,6.8,2.5,10.06082567,Transit,2016,5802.0,1.09
Kepler-1419 b,Kepler-1419,8.55,2.86,42.5215895,Transit,2016,5796.0,1.01
HD 95338 b,HD 95338,42.9,4.27174254,55.082694,Radial Velocity,2020,5097.0,0.868
Kepler-1112 b,Kepler-1112,9.38,3.02,14.36267939,Transit,2016,6496.0,1.54
MOA-2020-BLG-135L b,MOA-2020-BLG-135L,11.3,3.37,,Microlensing,2022,,
Kepler-345 c,Kepler-345,2.2,1.2,9.387427,Transit,2014,4504.0,0.623
KOI-142 c,KOI-142,214.1,14.0,22.26492,Transit Timing Variations,2013,5466.0,0.897
HD 148427 b,HD 148427,381.3940884,13.7,331.9,Radial Velocity,2009,5025.0,3.86
Kepler-271 c,Kepler-271,0.809,0.95,7.41086267,Transit,2014,5555.0,0.87
Pr0211 b,Pr0211,597.5204,13.4,2.1461,Radial Velocity,2012,5300.0,0.827
EPIC 201427007 b,EPIC 201427007,2.86,1.5,0.72091,Transit,2021,5633.0,0.94
Kepler-372 c,Kepler-372,5.02,2.09,20.053763,Transit,2014,6509.0,1.137
Kepler-338 c,Kepler-338,6.08,2.34,24.310856,Transit,2014,5923.0,1.735
TOI-4156 b,TOI-4156,6.98,2.53823825,4.46189034133,Transit,2026,5971.64,1.03963
GJ 3998 c,GJ 3998,6.82,2.5,13.727,Radial Velocity,2016,3726.0,0.5
HD 137388 b,HD 137388,63.566,9.32,330.0,Radial Velocity,2011,5181.0,0.88
Kepler-1673 b,Kepler-1673,8.93,2.9355194,33.7888,Transit,2020,6014.95,1.13166
Kepler-1868 b,Kepler-1868,10.1,3.14950109,211.0339966,Transit,2021,4658.0,0.686
HD 87883 b,HD 87883,2005.49724817,12.7,3006.0,Radial Velocity,2009,4980.0,0.798557
Kepler-740 b,Kepler-740,18.9,4.57,3.584101216,Transit,2016,5438.0,0.87
Kepler-1322 c,Kepler-1322,5.29,2.15492527,6.459980011,Transit,2021,5704.0,0.804
HD 63935 b,HD 63935,10.5,2.91575244,9.058807,Transit,2021,5513.0,0.9598
Kepler-379 b,Kepler-379,3.39,1.66,20.09838,Transit,2014,6054.0,1.306
HD 216435 b,HD 216435,400.4,13.7,1311.0,Radial Velocity,2002,5999.0,1.800029
OGLE-2005-BLG-169L b,OGLE-2005-BLG-169L,14.1,3.84,,Microlensing,2006,,
HATS-76 b,HATS-76,835.570882,12.09449018,1.9416423,Transit,2021,4016.0,0.6259
Kepler-1211 b,Kepler-1211,7.04,2.55,11.01816836,Transit,2016,5705.0,0.94
HAT-P-33 b,HAT-P-33,292.4036,20.73665,3.47447,Transit,2011,6446.0,1.79
HD 12235 c,HD 12235,3135.69506346,12.5,36336.70679,Radial Velocity,2022,5986.0,1.80185
CoRoT-26 b,CoRoT-26,165.26,14.12,4.20474,Transit,2013,5590.0,1.79
Kepler-1161 b,Kepler-1161,5.18,2.13,10.71252541,Transit,2016,4253.0,0.57
Kepler-224 e,Kepler-224,4.54,1.97,18.643577,Transit,2014,5018.0,0.676
mu Leo b,mu Leo,762.8,13.3,357.8,Radial Velocity,2014,4538.2,11.4
WASP-176 b,WASP-176,271.74465,16.869545,3.899052,Transit,2020,5941.0,1.925
WASP-65 b,WASP-65,492.62,12.464,2.3114243,Transit,2013,5600.0,1.01
EPIC 220554210 c,K2-282,3.19,1.6,0.70531,Transit,2019,5499.0,1.0
HD 60292 b,HD 60292,2065.895,12.7,495.4,Radial Velocity,2020,4348.0,27.0
HD 2685 b,HD 2685,371.8611,16.14096,4.12688,Transit,2019,6801.0,1.56
HIP 12961 b,HIP 12961,114.4188,13.2,57.435,Radial Velocity,2010,3901.0,0.65
TOI-1346 b,TOI-1346,6.3,2.39,1.7622538,Transit,2025,5099.0,0.78
K2-53 b,K2-53,7.27,2.6,12.20772,Transit,2016,5263.0,0.807
WASP-117 b,WASP-117,95.349,11.88154,10.02165,Transit,2014,6040.0,1.22
Kepler-363 d,Kepler-363,4.86,2.05,11.932125,Transit,2014,5593.0,1.485
K2-37 b,K2-37,2.51,1.39,4.4434,Transit,2016,5352.0,0.809
Kepler-12 b,Kepler-12,137.30256,19.660586,4.4379629,Transit,2011,5947.0,1.483
Kepler-1594 b,Kepler-1594,1.2,1.06,2.71603809,Transit,2016,5946.0,1.08
HD 4917 b,HD 4917,513.29545,13.5,400.5,Radial Velocity,2018,4802.0,5.01
DENIS-P J082303.1-491201 b,DENIS-P J082303.1-491201,9057.77,11.9,246.36,Astrometry,2013,,
HIP 65407 b,HIP 65407,136.03124,14.3,28.125,Radial Velocity,2016,5460.0,0.952252
Kepler-1149 b,Kepler-1149,2.67,1.44,3.73089898,Transit,2016,5833.0,1.01
Gaia-1 b,Gaia-1,533.95172376,13.77583728,3.052524,Transit,2022,5470.0,0.952
Kepler-1527 b,Kepler-1527,20.4,4.77,160.129918,Transit,2016,6224.0,1.32
Kepler-986 b,Kepler-986,6.17,2.36,56.4349938,Transit,2016,5642.0,0.98
Kepler-1070 b,Kepler-1070,3.64,1.73,6.2216147,Transit,2016,6261.0,1.32
TOI-2109 b,TOI-2109,1595.49860314,15.098497,0.67247414,Transit,2021,6540.0,1.698
HD 31527 b,HD 31527,10.47,3.22,16.5535,Radial Velocity,2019,5898.0,1.073694
Kepler-286 d,Kepler-286,2.33,1.33,5.914323,Transit,2014,5580.0,0.863
Kepler-1141 b,Kepler-1141,0.477,0.82,2.344511944,Transit,2016,5791.0,1.07
Kepler-1980 b,Kepler-1980,5.52,2.21,33.0257179,Transit,2023,5819.0,0.99
Kepler-733 b,Kepler-733,8.35,2.82,20.83424726,Transit,2016,5418.0,0.86
LTT 3780 c,LTT 3780,8.04,2.39,12.252284,Transit,2020,3358.0,0.38
TOI-4405 b,TOI-4405,7.06,2.55505441,5.92143995316,Transit,2026,4467.38,0.687025
Kepler-1845 b,Kepler-1845,6.52,2.43836702,11.60649967,Transit,2021,4703.0,0.701
HD 168443 b,HD 168443,2424.3950886,12.6,58.11187,Radial Velocity,1998,5491.0,1.711479
TOI-5938 b,TOI-5938,14.0,3.82,2.260424,Transit,2026,4650.0,0.712
TOI-561 e,TOI-561,12.4,2.517,77.144,Transit,2020,5342.0,0.843
Kepler-1034 b,Kepler-1034,5.73,2.26,12.12400943,Transit,2016,5198.0,0.8
OGLE-2014-BLG-1760L b,OGLE-2014-BLG-1760L,295.89824692,13.8,,Microlensing,2016,,
OGLE-2018-BLG-1647L b,OGLE-2018-BLG-1647L,308.29355479,13.8,,Microlensing,2022,,
Kepler-1286 b,Kepler-1286,5.27,2.15,11.25402929,Transit,2016,5753.0,0.98
K2-189 b,K2-189,2.55,1.403,2.58812,Transit,2018,5442.0,0.879
HD 13724 c,HD 13724,50.85254512,8.18,142.22895,Radial Velocity,2022,5835.31,1.04198
Kepler-643 b,Kepler-643,321.0083,10.16,16.33889626,Transit,2016,4908.0,2.52
OGLE-2012-BLG-0026L b,OGLE-2012-BLG-0026L,46.1,7.72,,Microlensing,2012,,
CoRoT-7 c,CoRoT-7,8.4,2.83,3.698,Radial Velocity,2009,5256.0,0.864273
Kepler-51 b,Kepler-51,2.1,7.1,45.154,Transit,2012,6018.0,0.94
Kepler-318 b,Kepler-318,19.9,4.71,4.662715,Transit,2014,5746.0,1.189
HD 185269 b,HD 185269,321.0083,13.8,6.83776,Radial Velocity,2006,5923.0,2.0
Kepler-47 b,Kepler-47,2.07,3.05,49.4643,Transit,2012,5636.0,0.936
HD 156098 b,HD 156098,15.89142035,4.12,21.85849,Radial Velocity,2022,6419.19,2.75716
HD 190007 b,HD 190007,15.5,4.06,11.724128,Radial Velocity,2020,4610.0,0.79
TOI-2095 c,TOI-2095,7.4,1.33,28.17232,Transit,2023,3759.0,0.44
HD 155358 c,HD 155358,261.0,13.9,391.9,Radial Velocity,2007,5900.0,1.38
Kepler-1603 b,Kepler-1603,2.21,1.29,2.27163926,Transit,2016,6241.0,1.31
Kepler-732 b,Kepler-732,5.39,2.18,9.467814048,Transit,2016,3631.0,0.46
HATS-27 b,HATS-27,168.4499,16.8135,4.637038,Transit,2016,6438.0,1.74
HD 32963 b,HD 32963,657.90480249,13.4,2372.0,Radial Velocity,2015,5727.0,1.111044
Kepler-1860 b,Kepler-1860,1.55,1.13863767,12.73719978,Transit,2021,5420.0,0.868
OGLE-2012-BLG-0563L b,OGLE-2012-BLG-0563L,120.0,13.6,,Microlensing,2015,,
HD 29399 b,HD 29399,498.99059899,13.5,892.7,Radial Velocity,2022,4845.0,4.5
XO-3 b,XO-3,4217.58296089,14.79585452,3.19152309,Transit,2007,6970.0,1.523
Kepler-1040 b,Kepler-1040,4.98,2.08,201.1214,Transit,2016,5694.0,0.96
TOI-5882 b,TOI-5882,6995.40323807,11.46678726,7.148972,Transit,2025,5920.0,2.26
TOI-4511 b,TOI-4511,8.01,2.75304932,10.98090968596,Transit,2026,5418.77,1.00145
KOI-134 c,KOI-134,69.92224954,9.86,33.95,Transit Timing Variations,2025,6160.0,1.667
HD 110067 e,HD 110067,3.9,1.94,30.793091,Transit,2023,5266.0,0.788
Kepler-542 b,Kepler-542,3.09,1.57,13.14497566,Transit,2016,5526.0,0.9
KMT-2023-BLG-1896L b,KMT-2023-BLG-1896L,16.35,4.19,,Microlensing,2025,,
Kepler-1683 b,Kepler-1683,4.17,1.87477762,15.0337,Transit,2020,5429.0,0.900327
HD 23472 c,HD 23472,3.41,1.87,29.79749,Transit,2019,4684.0,0.71
Kepler-285 c,Kepler-285,1.46,1.12,6.186676,Transit,2014,5411.0,0.808
HD 17092 b,HD 17092,3219.6179,12.5,359.89999,Radial Velocity,2007,4326.0,13.58
Kepler-339 c,Kepler-339,7.3,1.15,6.988055,Transit,2014,5631.0,0.802
Kepler-310 c,Kepler-310,11.4,3.38,56.47542,Transit,2014,5797.0,0.876
HD 1690 b,HD 1690,2793.7257,12.5,533.0,Radial Velocity,2010,4374.0,21.66
Kepler-1398 b,Kepler-1398,0.666,0.9,2.78815679,Transit,2016,6126.0,1.18
NGTS-8 b,NGTS-8,295.5819,12.21781,2.4997,Transit,2019,5241.0,0.98
HD 3765 b,HD 3765,54.98431441,8.56,1211.0,Radial Velocity,2021,5049.8,0.83061
KOBE-1 c,KOBE-1,12.4,3.56,29.671,Radial Velocity,2025,4135.0,0.619
TOI-6420 b,TOI-6420,2606.1929374,11.93756445,6.961508,Transit,2025,6020.0,1.312
KMT-2019-BLG-2783L b,KMT-2019-BLG-2783L,368.68095212,13.7,,Microlensing,2023,,
Kepler-970 b,Kepler-970,7.31,2.609,16.736525,Transit,2016,4290.0,0.71
TOI-5388.01,TOI-5388,2.2,0.99,2.5946748,Transit,2024,3440.0,0.3
HD 45364 c,HD 45364,174.48779544,14.2,345.43,Radial Velocity,2008,5466.0,0.89
HAT-P-70 b,HAT-P-70,2154.8874,20.96083,2.74432452,Transit,2019,8450.0,1.858
Kepler-69 c,Kepler-69,3.57,1.71,242.4613,Transit,2013,5638.0,0.93
HD 218566 b,HD 218566,63.566,9.32,225.7,Radial Velocity,2010,4730.0,0.85
Kepler-454 b,Kepler-454,5.4,2.37,10.5737534,Transit,2015,5687.0,1.066
BD+63 1405 b,BD+63 1405,3305.4154328,12.4,1198.48,Radial Velocity,2021,5000.0,0.804724
MOA-2011-BLG-291L b,MOA-2011-BLG-291L,18.0,4.43,,Microlensing,2018,,
Kepler-311 c,Kepler-311,2.63,1.43,19.738286,Transit,2014,5905.0,1.188
Kepler-943 b,Kepler-943,29.5,5.93,49.7701438,Transit,2016,5612.0,0.91
HD 113538 c,HD 113538,295.57,13.8,1818.0,Radial Velocity,2010,4462.0,0.53
Kepler-836 b,Kepler-836,7.9,2.73,11.36112327,Transit,2016,5895.0,1.04
TOI-122 b,TOI-122,7.85,2.72,5.07803,Transit,2020,3403.0,0.334
GJ 900 b,GJ 900 A,3496.112477,12.4,,Imaging,2024,3976.0,0.716187
Kepler-223 c,Kepler-223,5.1,3.44,9.84564,Transit,2014,5803.0,1.72
Kepler-137 b,Kepler-137,2.76,1.47,8.436387,Transit,2014,5187.0,0.802
HD 27894 c,HD 27894,51.48846,8.24,36.07,Radial Velocity,2017,4875.0,0.891767
TOI-5076 b,TOI-5076,16.14568308,3.48935569,23.443162,Transit,2024,4780.0,0.844
KOI-94 c,KOI-94,15.6,4.32,10.423648,Transit,2013,6182.0,1.52
HD 196067 c,HD 196067,10.4,3.21,4.601088,Radial Velocity,2025,6072.0,1.71
OGLE-2016-BLG-1093L b,OGLE-2016-BLG-1093L,225.65816897,14.0,,Microlensing,2022,,
HATS-52 b,HATS-52,711.9392,15.490838,1.36665436,Transit,2017,6010.0,1.046
K2-241 b,K2-241,7.04,2.55,26.8199,Transit,2018,5262.0,0.75
Kepler-250 d,Kepler-250,5.39,2.18,17.648312,Transit,2014,5160.0,0.805
LHS 3844 b,LHS 3844,2.37,1.286,0.462929709,Transit,2019,3080.0,0.189
HD 240237 b,HD 240237,5050.3187,12.2,745.70001,Radial Velocity,2011,3926.0,71.23
TOI-1601 b,TOI-1601,387.0,14.19902343,5.33175,Transit,2021,5982.0,2.195
Kepler-1298 b,Kepler-1298,2.27,1.31,7.12811928,Transit,2016,6339.0,2.0
HD 4732 b,HD 4732,631.2072163,13.4,371.74,Radial Velocity,2012,4898.0,5.03
TOI-237 b,TOI-237,2.67,1.44,5.436098,Transit,2020,3212.0,0.211
HATS-48 A b,HATS-48 A,77.23269,8.9672,3.1316666,Transit,2020,4546.0,0.7152
TOI-1694 b,TOI-1694,28.24,5.27,3.7701389,Transit,2023,5005.0,0.812
K2-155 c,K2-155,7.27,2.6,13.85,Transit,2018,4258.0,0.58
Kepler-289 b,Kepler-289,3.7,2.49,34.5383,Transit,2014,5990.0,1.0
HIP 109600 b,HIP 109600,851.7844,13.2,232.08,Radial Velocity,2016,5530.0,0.971958
OGLE-2017-BLG-0482L b,OGLE-2017-BLG-0482L,9.0,2.95,,Microlensing,2018,,
HAT-P-44 b,HAT-P-44,111.871,13.922,4.301219,Transit,2014,5295.0,0.949
eps Ind A b,eps Ind A,2065.8846455,12.7,25450.0,Radial Velocity,2019,4700.0,0.713
Kepler-407 b,Kepler-407,1.93,1.19,0.6693124,Transit,2014,5487.0,1.04
HD 48265 b,HD 48265,2351.9302118,12.6,778.51,Radial Velocity,2008,5733.0,1.901
Kepler-263 b,Kepler-263,7.61,2.67,16.568087,Transit,2014,5265.0,0.785
Kepler-1219 b,Kepler-1219,5.14,2.12,16.10467749,Transit,2016,5944.0,1.94
Kepler-9 b,Kepler-9,43.4,8.29,19.23891,Transit,2010,5774.0,0.958
TOI-836.01,TOI-836,9.6,2.587,8.59545,Transit,2021,4552.0,0.665
Kepler-1574 b,Kepler-1574,2.21,1.29,6.9424334,Transit,2016,5892.0,1.08
Kepler-1411 b,Kepler-1411,8.35,2.82,86.1150888,Transit,2016,5664.0,0.92
TOI-3353.01,TOI-3353,7.59,2.6667555,4.6657965,Transit,2024,6365.0,1.0207
TOI-2180 b,TOI-2180,875.61726129,11.32107051,260.79,Transit,2022,5695.0,1.636
61 Vir c,61 Vir,18.2,4.46,38.021,Radial Velocity,2009,5577.0,0.963
Kepler-1050 c,Kepler-1050,2.79,1.48,21.1284569,Transit,2016,6010.0,1.13
Kepler-1306 b,Kepler-1306,4.31,1.91,16.29595382,Transit,2016,5727.0,0.97
TOI-2200 b,TOI-2200,38.7,6.96310517,2.93602836512,Transit,2026,5036.17,0.826247
K2-285 c,K2-285,15.68,3.53,7.138048,Transit,2018,4975.0,0.787
Kepler-201 c,Kepler-201,8.5,2.85,151.884058,Transit,2014,6065.0,1.229
K2-291 b,K2-291,6.49,1.589,2.225177,Transit,2019,5520.0,0.899
HD 220773 b,HD 220773,460.8,13.6,3724.7,Radial Velocity,2011,5940.0,1.679696
BD-11 4672 b,BD-11 4672,206.5895,14.1,1634.0,Radial Velocity,2014,4550.0,0.639
PSR B0329+54 b,PSR B0329+54,1.97,1.22,10140.0,Pulsar Timing,2017,,
TOI-169 b,TOI-169,251.40353,12.172974,2.2554477,Transit,2020,5880.0,1.288
Kepler-1564 b,Kepler-1564,2.76,1.47,18.0540381,Transit,2016,5528.0,0.9
GJ 536 c,GJ 536,5.89,2.3,32.761,Radial Velocity,2025,3641.0,0.529
K2-243 c,K2-243,4.7,2.01,24.94598,Transit,2018,6570.0,1.39
Kepler-332 d,Kepler-332,1.76,1.18,34.21154,Transit,2014,4955.0,0.72
Kepler-26 c,Kepler-26,6.2,2.72,17.2559,Transit,2011,3914.0,0.512
Kepler-102 f,Kepler-102,4.3,0.861,27.453592,Transit,2014,4909.0,0.724
Kepler-1147 b,Kepler-1147,7.32,2.61,10.62784997,Transit,2016,5941.0,1.14
Kepler-10 b,Kepler-10,3.24,1.47,0.8374907,Transit,2011,5708.0,1.065
HD 94834 b,HD 94834,400.4658,13.7,1576.0,Radial Velocity,2018,4798.0,4.2
Kepler-271 d,Kepler-271,0.219,0.66,5.24972541,Transit,2016,5555.0,0.87
TOI-1233.01,HD 108236,6.98,2.539,14.175685,Transit,2021,5660.0,0.877
K2-292 b,K2-292,24.5,2.63,16.9841,Transit,2019,5725.0,1.09
TOI-2071 b,TOI-2071,7.1,2.56484195,5.67395386982,Transit,2026,5755.41,1.00286
OGLE-2013-BLG-0132L b,OGLE-2013-BLG-0132L,92.0,11.6,,Microlensing,2017,,
K2-157 c,K2-157,30.8,6.08,25.942,Radial Velocity,2025,5334.0,0.86
Kepler-736 b,Kepler-736,8.91,2.93,3.60147201,Transit,2016,5217.0,0.81
HD 221585 b,HD 221585,511.7063,13.5,1173.0,Radial Velocity,2016,5620.0,1.850575
XO-2 N b,XO-2 N,199.91507,11.130537,2.61585906,Transit,2007,5290.0,0.998
4 UMa b,4 UMa,2511.48007211,12.6,270.27,Radial Velocity,2006,4415.0,18.11
Kepler-1318 b,Kepler-1318,9.85,3.11,213.257663,Transit,2016,4598.0,0.7
K2-69 b,K2-69,5.99,2.32,7.06599,Transit,2016,4127.0,0.491
HD 43197 c,HD 43197,2500.67390628,12.6,9295.9735,Radial Velocity,2022,5508.0,1.0
TOI-712 d,TOI-712,6.68,2.474,84.8396,Transit,2022,4622.0,0.674
NGTS-18 b,NGTS-18,129.99181846,13.56286665,3.05125,Transit,2021,5610.0,1.392
Kepler-1046 b,Kepler-1046,3.57,1.71,14.37508035,Transit,2016,5913.0,1.04
Kepler-1361 b,Kepler-1361,0.566,0.86,3.57554956,Transit,2016,5131.0,0.79
Kepler-1454 b,Kepler-1454,4.19,1.88,47.0319479,Transit,2016,5448.0,0.86
KMT-2021-BLG-1898L b,KMT-2021-BLG-1898L,232.01473711,14.0,,Microlensing,2022,,
K2-58 b,K2-58,7.65,2.68,7.05254,Transit,2016,5413.0,0.86
Kepler-301 c,Kepler-301,2.39,1.35,5.419026,Transit,2014,5815.0,0.9
K2-229 b,K2-229,2.55,1.0,0.584216,Transit,2018,5315.0,0.79
Kepler-536 b,Kepler-536,9.8,3.1,1.827082299,Transit,2016,5524.0,0.89
Kepler-971 b,Kepler-971,5.18,2.13,9.59070716,Transit,2016,5431.0,0.85
Kepler-1148 b,Kepler-1148,3.5,1.69,1.104463509,Transit,2016,5054.0,0.77
Kepler-1927 b,Kepler-1927,11.5,3.40627075,73.75039673,Transit,2021,6056.0,2.481
KMT-2024-BLG-1005L b,KMT-2024-BLG-1005L,6674.396547,12.1,,Microlensing,2025,,
TOI-5293 A b,TOI-5293 A,170.4,11.9,2.930289,Transit,2023,3586.0,0.52
Kepler-619 b,Kepler-619,10.1,3.16,5.404272197,Transit,2016,5980.0,1.11
Kepler-844 b,Kepler-844,3.46,1.68,2.613020856,Transit,2016,4128.0,0.57
K2-99 b,K2-99,276.51071409,11.88151954,18.24783,Transit,2016,6069.0,2.55
Kepler-124 d,Kepler-124,1.41,1.11,30.950851,Transit,2014,4984.0,0.636
Kepler-1433 b,Kepler-1433,3.05,1.56,4.13592271,Transit,2016,6097.0,1.19
Kepler-419 b,Kepler-419,794.5,10.8,69.7546,Transit,2014,6430.0,1.74
Kepler-81 b,Kepler-81,17.2,2.42,5.955,Transit,2012,4385.0,0.59
HD 142 A d,HD 142,82.63538582,10.9,108.45299,Radial Velocity,2022,6245.0,1.47
Kepler-713 b,Kepler-713,6.71,2.48,7.411141,Transit,2016,5785.0,0.99
Wolf 1061 b,Wolf 1061,1.91,1.21,4.8869,Radial Velocity,2015,3342.0,0.307
Kepler-107 d,Kepler-107,7.7,0.86,7.95839,Transit,2014,5854.0,1.447
Kepler-238 f,Kepler-238,13.5,2.0,50.447,Transit,2013,5800.0,0.96
K2-403 b,K2-403,24.6,5.333,33.589979,Transit,2022,5511.0,0.886
Kepler-758 b,Kepler-758,6.71,2.48,12.1097104,Transit,2016,6228.0,1.42
WASP-41 c,WASP-41,1010.6994,13.1,421.0,Radial Velocity,2015,5545.0,0.87
GJ 1148 c,GJ 1148,68.06,9.71,532.58,Radial Velocity,2017,3287.0,0.358519
Kepler-1029 b,Kepler-1029,2.13,1.26,4.417696479,Transit,2016,5030.0,0.77
Kepler-897 b,Kepler-897,6.3,2.39,8.0472642,Transit,2016,5839.0,1.04
TOI-2092 b,TOI-2092,9.0,2.94892961,4.30325528074,Transit,2026,5842.06,1.0519
TOI-2040 b,TOI-2040,248.22398587,10.32347122,3.8608576,Transit,2026,5132.0,0.87
K2-223 c,K2-223,2.86,1.5,4.562546,Transit,2018,5859.0,1.0
Kepler-317 b,Kepler-317,109.8,2.09,5.524242,Transit,2014,5497.0,0.941
Kepler-435 b,Kepler-435,266.97,22.31,8.6001536,Transit,2015,6161.0,3.21
Kepler-65 c,Kepler-65,5.4,2.58,5.859944,Transit,2012,6211.0,1.41
Kepler-901 b,Kepler-901,2.45,1.37,3.517494394,Transit,2016,4184.0,0.57
MOA-2012-BLG-505L b,MOA-2012-BLG-505L,6.7,2.48,,Microlensing,2017,,
CFBDSIR J145829+101343 b,CFBDSIR J145829+101343,3337.1,12.4,10037.5,Imaging,2011,580.5,
HAT-P-9 b,HAT-P-9,238.05467,15.614137,3.92281072,Transit,2008,6350.0,1.338
7 CMa c,7 CMa,276.5121,13.9,996.0,Radial Velocity,2019,4826.0,4.87
Kepler-345 b,Kepler-345,0.48,0.74,7.415563,Transit,2014,4504.0,0.623
Kepler-186 b,Kepler-186,1.24,1.07,3.8867907,Transit,2014,3788.0,0.472
Kepler-1487 b,Kepler-1487,5.18,2.13,7.31946363,Transit,2016,6541.0,1.63
Kepler-539 c,Kepler-539,762.792,13.3,1000.0,Transit Timing Variations,2016,5820.0,0.952
TOI-5916 b,TOI-5916,226.61165419,11.35469745,2.367128,Transit,2026,3613.0,0.48
Kepler-150 e,Kepler-150,9.91,3.12,30.826557,Transit,2014,5560.0,0.939
HD 33844 b,HD 33844,638.8383,13.4,551.40002,Radial Velocity,2015,4861.0,5.39
Kepler-1928 b,Kepler-1928,4.63,1.992,19.57783,Transit,2021,5720.0,0.92
Kepler-373 c,Kepler-373,2.07,1.24,16.725948,Transit,2014,5787.0,0.845
Kepler-394 c,Kepler-394,3.39,1.66,12.130686,Transit,2014,6402.0,1.132
HD 136352 d,HD 136352,8.82,2.562,107.245,Radial Velocity,2019,5664.0,1.058
HD 213240 b,HD 213240,1655.88600047,12.8,882.70001,Radial Velocity,2001,5979.0,1.51
K2-183 d,K2-183,5.9,2.3,22.620344,Transit,2018,5482.0,0.87
TIC 18942729 b,TIC 18942729,4.66,2.00021315,0.99817838064,Transit,2026,4360.11,0.825257
HD 22496 b,HD 22496,5.57,2.22,5.09071,Radial Velocity,2021,4385.0,0.674
Kepler-517 b,Kepler-517,7.61,2.67,60.92832271,Transit,2016,5690.0,0.98
TOI-178 b,TOI-178,0.96,1.2,1.9145601,Transit,2021,4316.0,0.662
Kepler-1640 b,Kepler-1640,20.7,4.82,7.5844126,Transit,2016,6324.0,1.43
Gaia-5 b,Gaia-5,6633.07885409,12.1,358.62,Astrometry,2025,3447.0,0.345
Kepler-217 b,Kepler-217,5.6,2.23,5.374943,Transit,2014,6171.0,1.799
TOI-4153 b,TOI-4153,365.50266805,16.11851425,4.6174141,Transit,2024,6860.0,1.605
Kepler-589 c,Kepler-589,1.45,1.11727238,3.52466011,Transit,2021,5372.0,0.916
OGLE-2019-BLG-0679L b,OGLE-2019-BLG-0679L,1061.54687938,13.1,,Microlensing,2023,,
MOA-2010-BLG-353L b,MOA-2010-BLG-353L,86.0,11.1,,Microlensing,2015,,
WASP-73 b,WASP-73,908.9938,15.91678,4.08722,Transit,2014,6030.0,2.55
Kepler-647 b,Kepler-647,1.71,1.17,16.2254649,Transit,2016,6020.0,1.07
Kepler-1784 b,Kepler-1784,8.24,2.79936489,13.59049988,Transit,2021,5442.0,0.974
HIP 79098 AB b,HIP 79098 AB,6515.515,12.1,,Imaging,2019,9193.75,
Kepler-126 b,Kepler-126,4.11726105,1.52,10.495711,Transit,2014,6239.0,1.358
Kepler-1559 b,Kepler-1559,0.299,0.72,0.971915428,Transit,2016,5316.0,0.82
HATS-39 b,HATS-39,200.2329,17.59813,4.5776348,Transit,2018,6572.0,1.621
TOI-2076 d,TOI-2076,7.3,3.27,35.12803,Transit,2021,5187.0,0.758
Kepler-815 b,Kepler-815,15.8,4.11,8.57503552,Transit,2016,5028.0,3.42
HD 210277 b,HD 210277,410.0007,13.6,442.19,Radial Velocity,1998,5538.0,1.07
OGLE-2012-BLG-0950L b,OGLE-2012-BLG-0950L,35.0,6.56,,Microlensing,2016,,
KMT-2024-BLG-0404L b,KMT-2024-BLG-0404L,8657.64580668,11.9,,Microlensing,2025,,
Kepler-783 c,Kepler-783,6.04,2.33153725,7.05395,Transit,2020,5411.49,0.872088
Kepler-602 b,Kepler-602,5.02,2.09,15.28469497,Transit,2016,6062.0,1.13
TOI-532 b,TOI-532,61.5,5.82,2.3266508,Transit,2021,3927.0,0.612
Kepler-372 b,Kepler-372,2.42,1.36,6.849692,Transit,2014,6509.0,1.137
Kepler-174 b,Kepler-174,4.5,1.96,13.98179,Transit,2014,4880.0,0.622
Kepler-178 b,Kepler-178,8.75,2.9,9.576694,Transit,2014,5676.0,1.066
TOI-2411 b,TOI-2411,3.46,1.68,0.7826942,Transit,2022,4099.0,0.68
Kepler-107 e,Kepler-107,14.1,2.903,14.749143,Transit,2014,5854.0,1.447
Kepler-1348 b,Kepler-1348,4.42,1.94,27.5722742,Transit,2016,5911.0,1.04
Kepler-1117 b,Kepler-1117,1.41,1.11,4.79028459,Transit,2016,5612.0,0.93
Kepler-1604 b,Kepler-1604,2.57,1.41,0.683684256,Transit,2016,4976.0,0.76
Kepler-984 b,Kepler-984,5.14,2.12,43.0342272,Transit,2016,5610.0,0.93
TOI-411 b,HD 22946,13.71,1.362,4.040295,Transit,2022,6169.0,1.117
K2-118 b,K2-118,6.99,2.54,50.92092,Transit,2017,4726.29,0.734626
Kepler-11 c,Kepler-11,2.9,2.87,13.0241,Transit,2010,5663.0,1.065
Kepler-632 b,Kepler-632,5.52,2.21,30.99660733,Transit,2016,5322.0,0.84
Kepler-57 b,Kepler-57,25.06,3.135,5.72,Transit,2012,5187.9,0.826
HD 141399 c,HD 141399,422.7139,13.6,201.99,Radial Velocity,2014,5600.0,1.387236
Kepler-277 b,Kepler-277,87.3,2.92,17.324,Transit,2013,5946.0,1.69
Kepler-461 b,Kepler-461,7.18,2.58,8.313783059,Transit,2016,5634.0,0.91
K2-185 b,K2-185,1.6,1.15,10.616384,Transit,2018,5788.0,0.94
TOI-4600 c,TOI-4600,2946.26933289,9.42,482.8191,Transit,2023,5170.0,0.81
Kepler-1098 b,Kepler-1098,2.24,1.3,2.543072855,Transit,2016,5794.0,0.99
HD 184010 d,HD 184010,143.02278315,14.3,836.4,Radial Velocity,2022,4971.0,4.86
Kepler-450 c,Kepler-450,12.5,2.62,15.413135,Transit,2015,6197.21,1.64162
HD 231701 b,HD 231701,359.1479,13.7,141.63,Radial Velocity,2007,6101.0,1.53
Kepler-1736 b,Kepler-1736,14.3,3.8765856,37.81029892,Transit,2021,6085.0,0.973
Kepler-1888 b,Kepler-1888,2.32,1.32578716,11.39169979,Transit,2021,5557.0,1.249
2MASS J04414489+2301513 b,2MASS J04414489+2301513,2383.6,12.6,,Imaging,2010,2936.0,0.231916
TYC 3318-01333-1 b,TYC 3318-01333-1,1086.9786,13.1,562.0,Radial Velocity,2018,4776.0,5.9
WASP-70 A b,WASP-70 A,187.512,13.047,3.7130203,Transit,2014,5763.0,1.215
HD 86226 c,HD 86226,7.25,2.16,3.98442,Transit,2020,5863.0,1.053
TOI-1798.01,TOI-1798,6.5,2.448,8.021522331,Transit,2024,5165.0,0.78
GJ 317 c,GJ 317,454.49462201,13.6,6500.0,Radial Velocity,2016,3496.0,0.403
TOI-1117 d,TOI-1117,10.71,3.27,8.665,Radial Velocity,2025,5635.0,1.05
NGTS-39 b,NGTS-39,466.25427307,12.195371,58.20472,Transit,2026,6053.0,1.16
Kepler-1409 b,Kepler-1409,1.12,1.04,0.764864926,Transit,2016,5160.0,0.79
K2-177 b,K2-177,5.13,2.1162048,14.155185,Transit,2018,6063.0,1.213565
Kepler-1017 b,Kepler-1017,4.62,1.99,7.23400469,Transit,2016,5473.0,0.87
Kepler-467 b,Kepler-467,5.69,2.25,24.99324193,Transit,2016,5809.0,1.37
Kepler-1364 b,Kepler-1364,5.27,2.15,13.32196237,Transit,2016,6805.0,1.79
HD 118203 c,HD 118203,3747.19691853,12.4,5103.0,Radial Velocity,2024,5742.0,2.04
Kepler-964 b,Kepler-964,5.14,2.12,13.5225106,Transit,2016,5427.0,0.84
Kepler-1097 b,Kepler-1097,10.7,3.26,187.747029,Transit,2016,5211.0,0.79
HD 110113 b,HD 110113,4.55,2.05,2.541,Transit,2021,5732.0,0.968
Kepler-220 e,Kepler-220,2.33,1.33,45.902733,Transit,2014,4632.0,0.666
TOI-1386 c,TOI-1386,75.2,10.3,232.0,Radial Velocity,2024,5735.0,1.0235
TOI-3486 b,TOI-3486,99.16246298,10.5700688,2.21778105,Transit,2025,4930.0,0.788
Kepler-315 b,Kepler-315,13.7,3.77,96.101141,Transit,2014,5796.0,1.037
Kepler-1078 b,Kepler-1078,4.27,1.9,3.00725242,Transit,2016,5612.0,0.92
Kepler-1452 b,Kepler-1452,7.75,2.7,42.913751,Transit,2016,6101.0,2.06
TOI-5380 b,TOI-5380,11.9,3.48093238,3.77229247873,Transit,2026,6400.78,1.5621
Kepler-1055 b,Kepler-1055,2.04,1.23,2.295036233,Transit,2016,5723.0,0.94
Kepler-60 d,Kepler-60,4.16,1.99,11.8981,Transit,2012,5905.0,1.257
HD 99706 c,HD 99706,1808.4527,12.8,1278.0,Radial Velocity,2016,4891.0,5.4
WASP-14 b,WASP-14,2809.6172,15.46842,2.24375,Transit,2008,6475.0,1.4
Kepler-402 c,Kepler-402,3.05,1.56,6.124821,Transit,2014,6090.0,1.264
Kepler-1109 b,Kepler-1109,5.43,2.19,37.6467384,Transit,2016,5893.0,1.06
Kepler-1262 b,Kepler-1262,3.97,1.82,8.67900242,Transit,2016,5771.0,0.98
Kepler-122 c,Kepler-122,29.0,5.87,12.465988,Transit,2014,6050.0,1.216
BEBOP-3 b,BEBOP-3,177.34825111,14.2,547.0,Radial Velocity,2025,6033.0,1.414
Kepler-1677 b,Kepler-1677,7.76,2.70216183,22.064,Transit,2020,6013.72,1.24959
WASP-180 A b,WASP-180 A,286.047,13.89916,3.409264,Transit,2019,6600.0,1.19
GJ 163 b,GJ 163,10.6,3.25,8.63182,Radial Velocity,2013,3500.0,0.409738
Kepler-1071 b,Kepler-1071,6.26,2.38,6.1799844,Transit,2016,5215.0,0.81
TOI-2374 b,TOI-2374,61.65871096,7.48759911,4.3136193,Transit,2024,5002.0,0.711
TOI-1855 b,TOI-1855,360.09958513,18.49481816,1.36414864,Transit,2024,5359.0,1.041
WTS-2 b,WTS-2,355.9696,15.277867,1.0187068,Transit,2014,5000.0,0.752
Kepler-779 b,Kepler-779,0.721,0.92,7.09714223,Transit,2016,3804.0,0.44
TOI-1806.01,TOI-1806,11.5,3.4095367,15.1454693,Transit,2024,3272.0,0.401575
Kepler-1809 b,Kepler-1809,2.9,1.513,3.7572999,Transit,2021,4901.0,0.716
TRAPPIST-1 e,TRAPPIST-1,0.692,0.92,6.101013,Transit,2017,2566.0,0.1192
K2-242 b,K2-242,6.99,2.54,6.51389,Transit,2018,3459.0,0.37
Kepler-1929 b,Kepler-1929,9.65,3.07250761,59.36249924,Transit,2021,5786.0,1.471
Kepler-1081 b,Kepler-1081,1.01,1.01,3.856918547,Transit,2016,5345.0,0.84
GJ 685 b,GJ 685,9.0,2.95,24.16,Radial Velocity,2019,3816.0,0.54
TIC 77319217 b,TIC 77319217,9.85,3.10879526,7.54830765124,Transit,2026,5961.52,1.18439
HIP 29442 c,TOI-469,4.5,1.551,3.5379559,Radial Velocity,2023,5289.0,0.98
MOA-bin-1L b,MOA-bin-1L,1200.0,13.0,,Microlensing,2012,,
TOI-5398 c,TOI-5398,11.8,3.52,4.77271,Transit,2023,6000.0,1.051
Kepler-603 b,Kepler-603,7.51,2.65,21.05358596,Transit,2016,5808.0,1.01
omi CrB b,omi CrB,355.96781584,13.7,187.01,Radial Velocity,2012,4769.0,11.87
TOI-2818 b,TOI-2818,225.65816897,15.27784069,4.039709,Transit,2023,5721.0,1.229
Kepler-1214 b,Kepler-1214,6.17,2.36,18.82634264,Transit,2016,5130.0,0.8
TOI-2128 b,TOI-2128,4.5,2.08874836,16.34136,Transit,2024,5968.0,1.1174
K2-161 b,K2-161,31.1,6.11721229,9.283188,Transit,2018,4972.0,2.568173
TOI-3321 b,TOI-3321,176.07693748,15.55806521,3.6525145,Transit,2024,5850.0,1.549
Kepler-1051 b,Kepler-1051,11.5,3.4,25.96200249,Transit,2016,6675.0,1.73
Kepler-649 b,Kepler-649,5.73,2.26,29.90722674,Transit,2016,5871.0,0.94
HAT-P-55 b,HAT-P-55,189.42573057,14.84069045,3.5852313,Transit,2015,5804.0,1.105
TAP 26 b,TAP 26,527.5978,13.5,10.79,Radial Velocity,2017,4620.0,1.17
EPIC 212587672 c,EPIC 212587672,5.99,2.32,23.228555,Transit,2021,6004.0,0.98
TOI-451 b,TOI-451,4.7,1.84,1.8587033,Transit,2020,5490.0,0.85
Kepler-912 b,Kepler-912,8.25,2.8,2.534756273,Transit,2016,5998.0,1.11
HD 205739 b,HD 205739,435.41,13.6,279.8,Radial Velocity,2008,6176.0,1.33
Kepler-939 b,Kepler-939,3.71,1.75,14.878296,Transit,2016,5471.0,0.85
Kepler-1291 b,Kepler-1291,3.39,1.66,8.63043276,Transit,2016,5216.0,0.8
Kepler-1002 b,Kepler-1002,3.57,1.71,4.336429331,Transit,2016,6144.0,1.57
Kepler-344 c,Kepler-344,9.01,2.95,125.596809,Transit,2014,5774.0,0.976
HIP 65891 b,HIP 65891,1938.7532827,12.7,1089.6,Radial Velocity,2015,5000.0,8.93
Kepler-992 b,Kepler-992,3.26,1.62,20.16034462,Transit,2016,4944.0,0.74
Kepler-246 c,Kepler-246,2.86,1.5,11.187161,Transit,2014,5206.0,0.831
WASP-62 b,WASP-62,165.2716,14.79588,4.41195,Transit,2012,6230.0,1.23
GJ 4274 c,GJ 4274,8.39,2.83,69.57,Radial Velocity,2026,3228.0,0.19
Kepler-1111 b,Kepler-1111,4.66,2.0,8.79617863,Transit,2016,6077.0,1.15
HATS-45 b,HATS-45,222.481,14.414774,4.1876244,Transit,2018,6450.0,1.315
Kepler-923 b,Kepler-923,2.48,1.38,6.93366476,Transit,2016,5988.0,1.26
Kepler-1273 b,Kepler-1273,6.76,2.49,28.625653,Transit,2016,5566.0,0.91
Kepler-36 c,Kepler-36,7.13,3.679,16.21865,Transit,2012,5979.0,1.634
Kepler-172 b,Kepler-172,6.12,2.35,2.940309,Transit,2014,5526.0,1.085
TOI-784 b,HD 307842,9.67,1.93,2.7970365,Transit,2023,5558.0,0.907
HATS-7 b,HATS-7,38.1396,6.310667,3.185315,Transit,2015,4985.0,0.815
EPIC 228836835 b,EPIC 228836835,1.37,1.1,0.728113,Transit,2021,3782.0,0.32
HATS-37 A b,HATS-37 A,31.46517,6.792654,4.3315366,Transit,2020,5326.0,0.877
Kepler-183 c,Kepler-183,35.7,2.27,11.637071,Transit,2014,5888.0,0.958
K2-139 b,K2-139,123.00021,9.11,28.380619,Transit,2017,5370.0,0.88
TOI-5716 b,TOI-5716,0.84,0.96,6.7663,Transit,2025,3436.0,0.22
Kepler-258 c,Kepler-258,12.7,3.61,33.653079,Transit,2014,4942.0,0.915
Kepler-1311 c,Kepler-1311,1.98,1.22,2.53573424,Transit,2016,5748.0,1.4
K2-233 b,K2-233,2.4,1.315,2.467583,Transit,2018,4796.0,0.71
Kepler-902 b,Kepler-902,6.99,2.54,40.1099547,Transit,2016,5647.0,0.93
Kepler-171 d,Kepler-171,4.23,1.89,39.595519,Transit,2014,5642.0,0.839
Kepler-894 b,Kepler-894,8.15,2.78,9.803224,Transit,2016,5603.0,0.85
HD 64121 b,HD 64121,813.64072192,13.2,623.0,Radial Velocity,2022,5078.0,5.44
Kepler-1794 b,Kepler-1794,3.87,1.79426276,9.762980461,Transit,2021,5052.0,0.816
OGLE-2008-BLG-355L b,OGLE-2008-BLG-355L,1500.0,12.9,,Microlensing,2014,,
TOI-561 d,TOI-561,13.33,2.615,25.71268,Transit,2020,5342.0,0.843
iot Dra b,iot Dra,3756.73177074,12.4,510.8544,Radial Velocity,2002,4504.0,11.79
Kepler-817 b,Kepler-817,60.2,9.03,3.990106229,Transit,2016,5861.0,1.03
K2-391 b,K2-391,2.45,1.371,4.622654,Transit,2022,5543.0,0.566
Kepler-298 d,Kepler-298,6.8,2.5,77.473633,Transit,2014,4465.0,0.582
K2-268 f,K2-268,5.6,2.23,26.27057,Transit,2021,5106.0,0.78
Kepler-1165 b,Kepler-1165,3.02,1.55,9.478522,Transit,2016,6080.0,1.18
Kepler-1693 c,Kepler-1693,0.894,0.97698289,5.363709927,Transit,2021,5553.0,1.098
TOI-6109 c,TOI-6109,20.8,4.8326,8.538878,Transit,2025,5660.0,1.021
Kepler-1894 c,Kepler-1894,1.92,1.21,5.05368985,Transit,2023,5772.0,0.901
Kepler-1669 c,Kepler-1669,4.27,1.90120972,1.609320045,Transit,2021,4224.0,0.603
TOI-1064 b,TOI-1064,13.5,2.587,6.443868,Transit,2022,4734.0,0.726
HD 216520 c,HD 216520,9.44,3.03,154.43,Radial Velocity,2020,5103.0,0.76
GJ 1137 c,HD 93083,5.12,2.11,9.6412,Radial Velocity,2026,5033.8,0.837
Kepler-884 b,Kepler-884,2.04,1.23,5.69919514,Transit,2016,5715.0,0.94
K2-140 b,K2-140,295.58041851,13.56286665,6.569188,Transit,2017,5585.0,1.06
K2-71 b,K2-71,5.27,2.15,6.98541,Transit,2016,4006.0,0.426
Kepler-191 c,Kepler-191,4.12,1.86,17.738506,Transit,2014,5282.0,0.789
HD 224018 c,HD 224018,10.4,2.42,36.57669,Transit,2025,5784.0,1.147
Kepler-1019 b,Kepler-1019,2.73,1.46,1.411229847,Transit,2016,4433.0,0.67
Kepler-904 b,Kepler-904,3.78,1.77,3.021668632,Transit,2016,6160.0,1.25
Gaia-4 b,Gaia-4,3750.3752026,12.4,571.3,Astrometry,2025,4034.0,0.624
HD 192310 b,HD 192310,16.9,4.27,74.72,Radial Velocity,2011,5166.0,0.857922
MOA-2009-BLG-319L b,MOA-2009-BLG-319L,67.3,9.64,,Microlensing,2010,,
TOI-178 c,TOI-178,4.64,1.754,3.238486,Transit,2021,4316.0,0.662
TOI-1136 e,TOI-1136,6.07,2.639,18.801,Transit,2022,5770.0,0.968
Kepler-97 b,Kepler-97,3.51,1.48,2.58664,Transit,2014,5779.0,0.98
Kepler-1909 b,Kepler-1909,1.33,1.09217411,2.391609907,Transit,2021,4935.0,0.685
Kepler-169 f,Kepler-169,7.18,2.58,87.090195,Transit,2014,4997.0,0.763
HD 134606 d,HD 134606,44.8,7.59,966.5,Radial Velocity,2024,5576.0,1.158
KELT-7 b,KELT-7,441.7837,17.9344,2.73477,Transit,2015,6768.0,1.81
Kepler-905 b,Kepler-905,2.57,1.41,5.082746517,Transit,2016,5461.0,0.86
WASP-28 b,WASP-28,282.54945382,13.66374747,3.40883495,Transit,2014,6084.0,1.083
WISE J033605.05-014350.4 b,WISE J033605.05-014350.4,2622.08435775,12.6,2560.0,Imaging,2023,415.0,
GJ 3341 b,GJ 3341,6.6,2.46,14.207,Radial Velocity,2015,3526.0,0.439
KOI-55 b,KOI-55,0.44,0.759,0.240104,Orbital Brightness Modulation,2011,27730.0,0.203
WASP-113 b,WASP-113,150.96925,15.793481,4.54216874538,Transit,2016,5890.0,1.608
Kepler-558 b,Kepler-558,6.21,2.37,29.00790538,Transit,2016,5242.0,0.81
K2-374 b,K2-374,3.16,1.593,4.521953,Transit,2022,5789.0,0.907
TOI-1736 b,TOI-1736,12.3,3.18175535,7.073076,Transit,2023,5636.0,1.4286
TOI-5174 b,TOI-5174,24.8,5.351,12.214286,Transit,2022,5643.77,1.09457
Kepler-5 b,Kepler-5,670.93913,15.984034,3.5484657,Transit,2009,6297.0,1.793
K2-210 b,K2-210,0.566,0.86,0.57023,Transit,2018,5500.0,0.89
Kepler-1263 b,Kepler-1263,1.55,1.14,4.55139967,Transit,2016,5213.0,0.8
BD-17 63 b,BD-17 63,1639.99458012,12.8,655.57,Radial Velocity,2008,4714.0,0.74
Kepler-130 b,Kepler-130,1.04,1.02,8.457458,Transit,2014,5884.0,1.127
WASP-172 b,WASP-172,149.3801,17.59813,5.477433,Transit,2018,6900.0,1.91
WASP-18 b,WASP-18,3241.8497514,13.89913607,0.94145223,Transit,2009,6432.0,1.319
TOI-4552 b,TOI-4552,1.83,1.11,0.30110032,Transit,2026,3258.0,0.2869
Kepler-1843 b,Kepler-1843,7.8,2.70909809,25.54339981,Transit,2021,5422.0,1.782
GJ 1289 b,GJ 1289,6.27,2.38,111.74,Radial Velocity,2024,3296.0,0.245012
Kepler-1741 b,Kepler-1741,2.16,1.273,2.757590055,Transit,2021,3683.0,0.424
Kepler-955 b,Kepler-955,9.96,3.13,14.53244172,Transit,2016,5350.0,0.84
TIC 356227008 b,TIC 356227008,6.3,2.39024009,2.96147448702,Transit,2026,5731.86,0.959792
Kepler-223 d,Kepler-223,8.0,5.24,14.78869,Transit,2014,5803.0,1.72
Kepler-224 d,Kepler-224,5.9,2.3,11.349393,Transit,2014,5018.0,0.676
HD 184010 c,HD 184010,95.3485221,11.8,484.3,Radial Velocity,2022,4971.0,4.86
TIC 249022743 b,TIC 249022743,20.6,4.79568155,2.25719681538,Transit,2026,5567.58,1.2084
Kepler-365 b,Kepler-365,4.82,2.04,10.664903,Transit,2014,6012.0,1.048
Kepler-532 b,Kepler-532,7.13,2.57,12.92491623,Transit,2016,5192.0,0.79
TOI-2714 b,TOI-2714,228.0,13.72,2.499387,Transit,2024,5665.0,1.25
Kepler-403 b,Kepler-403,2.1,1.25,7.031462,Transit,2014,6090.0,1.329
Kepler-474 b,Kepler-474,9.59,3.06,5.660672935,Transit,2016,5785.0,1.08
TOI-1472 b,TOI-1472,18.05,4.058,6.36338574,Transit,2024,5100.0,0.84
Kepler-555 b,Kepler-555,8.4,2.83,16.21775407,Transit,2016,5894.0,1.04
TIC 245076932 b,TIC 245076932,162.09248757,10.87271128,21.61389,Transit,2026,6130.0,1.288
CoRoT-1 b,CoRoT-1,327.35,16.7,1.5089557,Transit,2008,5950.0,1.11
TOI-125 c,TOI-125,6.63,2.759,9.15059,Transit,2019,5320.0,0.848
Kepler-683 b,Kepler-683,4.54,1.97,2.539183179,Transit,2016,5703.0,0.95
TOI-3714 b,TOI-3714,222.4798849,11.32107051,2.154849,Transit,2022,3660.0,0.51
Kepler-272 d,Kepler-272,5.69,2.25,10.937304,Transit,2014,5297.0,0.929
HATS-10 b,HATS-10,167.17858,10.861521,3.312846,Transit,2015,5880.0,1.105
Kepler-229 b,Kepler-229,5.48,2.2,6.252972,Transit,2014,5120.0,0.728
Kepler-1977 b,Kepler-1977,3.39,1.66,4.53702121,Transit,2023,4805.0,0.688
Kepler-814 b,Kepler-814,5.14,2.12,6.1469851,Transit,2016,6162.0,1.22
WASP-2 b,WASP-2,295.89973,12.116929,2.152175,Transit,2007,5180.0,0.866
Kepler-1038 b,Kepler-1038,12.2,3.53,148.4603382,Transit,2016,5335.0,0.83
Kepler-1802 c,Kepler-1802,6.0,2.322,33.13610077,Transit,2021,4245.0,0.637
Kepler-56 c,Kepler-56,181.0,9.8,21.40239,Transit,2012,4840.0,4.23
bet Pic c,bet Pic,2765.1071409,12.5,1202.0,Radial Velocity,2019,8038.68,1.54416
HD 171238 b,HD 171238,2796.8899816,12.5,1515.0,Radial Velocity,2009,5467.0,1.01
Kepler-595 c,Kepler-595,3.3,1.009,12.38602,Transit,2020,5138.5,0.821
HD 137496 c,HD 137496,2434.56559762,12.6,479.9,Radial Velocity,2021,5799.0,1.59
WASP-145 A b,WASP-145 A,282.8687,10.0881,1.7690381,Transit,2018,4900.0,0.68
TOI-3785 b,TOI-3785,14.95,5.14,4.6747373,Transit,2023,3576.0,0.5
TOI-244 b,TOI-244,2.68,1.52,7.397225,Transit,2023,3433.0,0.426
HD 40307 g,HD 40307,7.1,2.56,197.8,Radial Velocity,2013,4956.0,0.716684
HD 113538 b,HD 113538,114.41,13.2,663.2,Radial Velocity,2010,4462.0,0.53
Kepler-1138 b,Kepler-1138,3.53,1.7,3.17060005,Transit,2016,5582.0,0.92
TOI-1466 b,TOI-1466,6.65,2.46741991,1.87190602231,Transit,2026,4435.39,0.749646
HIP 21152 b,HIP 21152,7627.881768,12.0,22000.0,Imaging,2022,6655.0,1.59186
K2-9 b,K2-9,5.69,2.25,18.4498,Transit,2015,3390.0,0.31
PDS 70 b,PDS 70,1017.0509024,21.96960217,43500.0,Imaging,2018,4109.0,1.26
TOI-5344 b,TOI-5344,130.94530368,10.60369574,3.792622,Transit,2023,3747.0,0.588
TOI-2382 b,TOI-2382,235.19302118,12.25141591,4.6612061,Transit,2025,6033.0,1.417
KMT-2024-BLG-2059L b,KMT-2024-BLG-2059L,6.99222495,2.54,,Microlensing,2025,,
TOI-2010 b,TOI-2010,408.7273314,11.81426566,141.834025,Transit,2023,5929.0,1.079
WASP-136 b,WASP-136,479.92089457,16.81347105,5.21536178778,Transit,2016,6250.0,2.39014
HD 11977 b,HD 11977,2080.0,12.7,711.0,Radial Velocity,2005,4970.0,10.09
HD 102272 b,HD 102272,1570.0802,12.9,127.58,Radial Velocity,2008,4790.0,10.3
Kepler-1949 b,Kepler-1949,5.56,2.21964541,2.208280087,Transit,2021,6028.0,1.454
Kepler-1496 b,Kepler-1496,5.56,2.22,64.6588017,Transit,2016,6182.0,1.27
HD 128311 c,HD 128311,1204.25787,13.0,921.538,Radial Velocity,2005,4965.0,0.76
Kepler-1954 b,Kepler-1954,3.9,1.80235934,5.883430004,Transit,2021,5840.0,0.849
HD 181342 b,HD 181342,807.2882,13.2,564.1,Radial Velocity,2009,4945.0,4.71
Kepler-362 c,Kepler-362,2.7,1.45,37.866281,Transit,2014,5788.0,0.722
K2-204 b,K2-204,10.2,3.17214154,7.055908,Transit,2018,5783.0,1.253
Kepler-366 c,Kepler-366,3.86,1.79,12.51616,Transit,2014,6209.0,1.048
Kepler-416 d,Kepler-416,3.22,1.61,3.07644709,Transit,2023,5670.0,1.022
KOI-2513.01,KOI-2513,7310.053361,2.80224517,19.00547,Transit,2023,5900.0,1.2
K2-233 d,K2-233,10.3,2.363,24.3681,Transit,2018,4796.0,0.71
WASP-187 b,WASP-187,254.264,18.38276,5.147878,Transit,2020,6150.0,2.83
OGLE-2011-BLG-0251L b,OGLE-2011-BLG-0251L,170.0,14.2,,Microlensing,2012,,
K2-367 b,K2-367,6.41,2.413,20.645099,Transit,2022,4348.0,0.625
K2-191 b,K2-191,3.12,1.57889322,2.858646,Transit,2018,5176.0,0.839696
Kepler-1587 b,Kepler-1587,2.33,1.33,9.4060467,Transit,2016,5933.0,1.22
eps CrB b,eps CrB,2129.461,12.7,417.9,Radial Velocity,2012,4406.0,21.0
EPIC 201595106 b,EPIC 201595106,7.67,1.565,0.87724,Transit,2021,5679.0,0.98
Kepler-1398 c,Kepler-1398,1.08,1.03,4.13827595,Transit,2016,6126.0,1.18
WASP-169 b,WASP-169,178.30263,14.616536,5.6114118,Transit,2019,6110.0,2.011
HD 110067 f,HD 110067,5.04,2.601,41.05854,Transit,2023,5266.0,0.788
WASP-83 b,WASP-83,95.349,11.65736,4.971252,Transit,2015,5510.0,1.05
HD 564 b,HD 564,104.88,12.5,492.3,Radial Velocity,2014,5902.0,1.01
HD 116029 c,HD 116029,403.6441,13.7,907.0,Radial Velocity,2016,4951.0,4.6
Kepler-301 b,Kepler-301,2.39,1.35,2.508553,Transit,2014,5815.0,0.9
TOI-521 b,TOI-521,5.3,1.98,1.54285047,Transit,2025,3544.0,0.421
HD 211403 b,HD 211403,1760.76937478,12.8,223.8,Radial Velocity,2021,6273.0,1.206
HR 8799 d,HR 8799,3000.0,13.0,37000.0,Imaging,2008,7204.58,1.49338
TOI-4513 b,TOI-4513,6.11,2.34587608,9.76042253684,Transit,2026,5623.93,0.796628
Kepler-282 e,Kepler-282,56.2,3.1,44.347,Transit,2013,5656.0,0.89
TIC 390586021 b,TIC 390586021,8.55,2.86009388,2.74703755819,Transit,2026,4434.81,0.726565
TOI-4602.01,TOI-4602,5.53,2.45,3.9812999,Transit,2024,5966.0,1.08
HD 8535 b,HD 8535,216.1244,14.0,1313.0,Radial Velocity,2010,6136.0,1.19
tau Cet f,tau Cet,3.93,1.81,636.13,Radial Velocity,2017,5310.0,0.83
Kepler-380 c,Kepler-380,2.15,1.27,7.630004,Transit,2014,6045.0,1.224
Kepler-756 b,Kepler-756,1.46,1.12,1.224866322,Transit,2016,5282.0,0.79
HD 110014 b,HD 110014,3524.59,12.4,835.477,Radial Velocity,2009,4445.0,20.9
EPIC 229004835 b,EPIC 229004835,10.4,2.332,16.141132,Transit,2023,5868.0,0.999
Kepler-1283 b,Kepler-1283,4.31,1.91,12.9460978,Transit,2016,6175.0,1.25
TOI-178 d,TOI-178,5.2,2.695,6.557569,Transit,2021,4316.0,0.662
TOI-1439 b,TOI-1439,38.5,4.2427861,27.644,Transit,2024,5841.0,1.6184
HAT-P-8 b,HAT-P-8,406.8224,15.6926,3.07634,Transit,2008,6200.0,1.57
Kepler-1705 c,Kepler-1705,5.42,2.05,11.28,Transit,2021,6312.0,1.259
TOI-3493 b,TOI-3493,8.97,3.22,8.1594667,Transit,2025,5844.0,1.228
K2-295 b,K2-295,106.47305,10.054473,4.024867,Transit,2018,4444.0,0.7
Kepler-1899 b,Kepler-1899,3.02,1.55098292,4.095779896,Transit,2021,4791.0,0.742
TOI-2567 b,TOI-2567,63.88350981,10.92875618,5.983944,Transit,2022,5611.0,1.686
Kepler-600 b,Kepler-600,8.75,2.9,23.67517607,Transit,2016,5279.0,0.81
GJ 1061 c,GJ 1061,1.81,1.19,6.6821,Radial Velocity,2020,2953.0,0.156
iot Dra c,iot Dra,4958.1231492,12.2,25000.0,Radial Velocity,2021,4504.0,11.79
HD 99492 c,HD 99492,17.9,4.42,95.233,Radial Velocity,2023,4929.0,0.822539
Qatar-9 b,Qatar-9,378.2177,11.309881,1.540731,Transit,2019,4309.0,0.696
HD 10697 b,HD 10697,1825.2885414,12.8,1075.3799,Radial Velocity,1999,5641.0,1.863076
Kepler-1453 b,Kepler-1453,7.61,2.67,47.1611696,Transit,2016,5665.0,0.94
Kepler-951 b,Kepler-951,26.7,5.59,71.52530845,Transit,2016,4834.0,0.73
G 264-012 c,G 264-012,3.75,1.76,8.0518,Radial Velocity,2021,3326.0,0.305
Kepler-108 c,Kepler-108,50.9,8.18,190.323494,Transit,2014,5854.0,2.192
EPIC 212624936 c,EPIC 212624936,5.9,2.3,11.811437,Transit,2021,5765.0,0.93
HD 191939 d,HD 191939,2.8,2.995,38.353037,Transit,2020,5348.0,0.94
TOI-2445 b,TOI-2445,2.1,1.25,0.3711281,Transit,2022,3333.0,0.27
K2-185 c,K2-185,6.3,2.39,52.713494,Transit,2018,5788.0,0.94
Kepler-302 b,Kepler-302,15.5,4.06,30.184104,Transit,2014,5740.0,1.22
WASP-44 b,WASP-44,276.5121,12.3299,2.423804,Transit,2011,5420.0,0.906
Kepler-213 c,Kepler-213,6.08,2.34,4.822962,Transit,2014,5696.0,1.195
Kepler-1702 b,Kepler-1702,3.2,1.60190793,18.5012,Transit,2020,5093.0,0.725742
Kepler-827 b,Kepler-827,27.0,5.63,51.92927591,Transit,2016,5602.0,0.91
Kepler-26 e,Kepler-26,6.39,2.41,46.827915,Transit,2014,4486.0,0.571
Kepler-1359 b,Kepler-1359,8.4,2.83,59.4970952,Transit,2016,4709.0,0.72
Kepler-1512 b,Kepler-1512,1.76,1.18,20.35972599,Transit,2016,4372.0,0.67
HD 206610 b,HD 206610,647.10188,13.4,673.2,Radial Velocity,2009,4842.0,6.12
Kepler-99 b,Kepler-99,6.15,1.48,4.60358,Transit,2014,4782.0,0.73
Kepler-158 c,Kepler-158,4.27,1.9,28.551383,Transit,2014,4623.0,0.624
Kepler-1010 b,Kepler-1010,5.99,2.32,34.2685705,Transit,2016,5253.0,0.82
KMT-2020-BLG-0414L c,KMT-2020-BLG-0414L,8581.366989,11.9,,Microlensing,2021,,
Kepler-1233 b,Kepler-1233,7.27,2.6,45.1263042,Transit,2016,6198.0,1.25
Kepler-1230 b,Kepler-1230,7.8,2.71,9.95661537,Transit,2016,5961.0,1.08
Kepler-300 b,Kepler-300,3.43,1.67,10.446347,Transit,2014,5986.0,0.9
GJ 3779 b,GJ 3779,8.0,2.75,3.0232,Radial Velocity,2018,3324.0,0.281
K2-80 d,K2-80,7.04,2.55211506,28.867253,Transit,2018,5377.0,0.841458
TOI-1422 c,TOI-1422,14.0,2.61,34.5633,Radial Velocity,2025,5840.0,1.019
K2-337 b,K2-337,7.37,2.62,16.273563,Transit,2021,5869.0,1.32
K2-393 b,K2-393,6.13,2.352,10.413181,Transit,2022,5678.0,1.071
Kepler-920 b,Kepler-920,6.44,2.42,6.53192704,Transit,2016,5403.0,0.85
TOI-1386 b,TOI-1386,45.8,6.2163865,25.8401,Transit,2024,5735.0,1.0235
Kepler-687 b,Kepler-687,12.2,3.52,20.50586978,Transit,2016,4841.0,0.73
TOI-1669 b,TOI-1669,191.0,14.1,500.0,Radial Velocity,2023,5497.0,1.0561
HD 111232 c,HD 111232,5740.93451564,12.2,26472.44623,Radial Velocity,2022,5512.0,0.9
Kepler-1991 b,Kepler-1991,2.76,1.47,13.26079792,Transit,2023,5478.0,1.053
70 Vir b,70 Vir,2380.45,12.6,116.688,Radial Velocity,1996,5495.0,1.89
HD 134060 c,HD 134060,29.29,5.91,1291.5646,Radial Velocity,2019,5966.0,1.164285
HIP 116454 b,HIP 116454,9.7,2.469,9.1004157,Transit,2014,5048.0,0.758
Kepler-1646 b,Kepler-1646,2.04,1.23,4.48558383,Transit,2016,3299.0,0.26
Kepler-1637 b,Kepler-1637,0.64,0.89,6.10960324,Transit,2016,5789.0,1.02
Kepler-50 c,Kepler-50,8.2,2.17,9.37647,Transit,2012,6225.0,1.58
Kepler-1990 b,Kepler-1990,10.7,3.27,1.73513619,Transit,2023,5751.0,1.071
TOI-1749 c,TOI-1749,14.0,2.12,4.4929,Transit,2021,3985.0,0.55
Kepler-804 b,Kepler-804,4.42,1.94,14.37457351,Transit,2016,5817.0,1.05
HD 160691 d,HD 160691,10.49,3.23,9.6392,Radial Velocity,2004,5773.0,1.33
HD 191806 b,HD 191806,2966.61035094,12.5,1603.38923,Radial Velocity,2016,6010.0,1.40223
LP 261-75 b,LP 261-75 A,6674.396547,12.1,,Imaging,2006,3138.0,0.308
Kepler-985 b,Kepler-985,9.17,2.98,116.331901,Transit,2016,5434.0,0.85
GJ 9714 b,GJ 9714,2988.54051102,12.5,19240.75467,Radial Velocity,2022,4263.0,0.662662
Kepler-930 b,Kepler-930,5.18,2.13,71.4517775,Transit,2016,6335.0,1.4
Kepler-834 b,Kepler-834,4.74,2.02,13.32388301,Transit,2016,4554.0,0.66
HATS-46 b,HATS-46,54.98459,10.121727,4.7423729,Transit,2018,5495.0,0.853
K2-249 b,K2-249,8.2,2.79,12.409,Transit,2018,6504.0,1.57
Kepler-1887 b,Kepler-1887,8.88,2.92454357,19.94750023,Transit,2021,5749.0,0.864
HD 5891 b,HD 5891,2425.0429,12.6,177.11,Radial Velocity,2011,4673.0,10.64
Kepler-454 c,Kepler-454,1433.40611557,12.9,524.19,Radial Velocity,2015,5687.0,1.066
Kepler-1565 b,Kepler-1565,1.81,1.19,1.538188437,Transit,2016,4940.0,0.73
Kepler-355 b,Kepler-355,2.73,1.46,11.03189,Transit,2014,6184.0,1.066
LP 791-18 b,LP 791-18,1.94,1.212,0.9479981,Transit,2019,2960.0,0.182
Kepler-1632 b,Kepler-1632,6.66,2.47,448.303558,Transit,2016,6137.0,1.19
K2-266 b,K2-266,11.26782377,3.3,0.658524,Transit,2018,4285.0,0.703
HD 93963 A c,HD 93963 A,18.4,3.11976057,3.6451389,Transit,2022,5908.0,1.0311
Kepler-103 c,Kepler-103,58.47,5.4539,179.60978,Transit,2014,6047.0,1.492
Kepler-85 e,Kepler-85,0.6,1.27,25.216751,Transit,2014,5436.0,0.893
HD 154672 b,HD 154672,1706.7471,12.8,163.94,Radial Velocity,2008,5743.0,1.32
Kepler-938 b,Kepler-938,5.56,2.22,52.6298417,Transit,2016,5533.0,0.89
GJ 163 c,GJ 163,6.8,2.5,25.63058,Radial Velocity,2013,3500.0,0.409738
TOI-620 b,TOI-620,13.6,3.76,5.0988179,Transit,2022,3708.0,0.55
Kepler-1457 b,Kepler-1457,4.62,1.99,51.1110243,Transit,2016,5866.0,1.01
GJ 3512 c,GJ 3512,143.97626837,14.3,2354.0,Radial Velocity,2020,3141.0,0.139
HD 45184 c,HD 45184,8.81,2.91,13.1354,Radial Velocity,2019,5869.0,1.075139
GJ 436 b,GJ 436,22.1,4.17,2.64388312,Radial Velocity,2004,3586.11,0.455
K2-148 c,K2-148,3.64,1.73,6.9226,Transit,2018,4079.0,0.632
Kepler-1943 b,Kepler-1943,3.02,1.54869189,4.850180149,Transit,2021,6032.0,0.973
GJ 3138 b,GJ 3138,1.78,1.18,1.22003,Radial Velocity,2017,3717.0,0.5
GJ 486 b,GJ 486,2.77,1.289,1.46712127,Radial Velocity,2021,3317.0,0.3243
Kepler-27 b,Kepler-27,2895.31,4.0,15.3348,Transit,2011,5400.0,0.59
K2-172 c,K2-172,10.4,3.20569097,29.62682,Transit,2018,5569.0,0.868889
HAT-P-2 c,HAT-P-2,3400.7639549,12.4,8500.0,Radial Velocity,2023,6412.0,1.416
HD 114783 c,HD 114783,603.8739733,13.4,4352.0,Radial Velocity,2016,5135.0,0.840622
TOI-6894 b,TOI-6894,53.39517238,9.5836785,3.37077196,Transit,2025,3007.0,0.2276
NGTS-9 b,NGTS-9,921.707,11.99363,4.43527,Transit,2019,6330.0,1.38
Kepler-584 b,Kepler-584,16.5,4.21,35.1810304,Transit,2016,6195.0,1.24
Kepler-799 b,Kepler-799,37.9,6.88,133.4605235,Transit,2016,5681.0,0.93
Kepler-132 d,Kepler-132,3.02,1.55,18.010199,Transit,2014,6003.0,1.178
Kepler-1961 b,Kepler-1961,3.25,1.6187808,5.604710102,Transit,2021,5401.0,0.777
K2-388 b,K2-388,14.5,3.9,6.33932,Transit,2022,5310.0,0.91
K2-153 b,K2-153,4.66,2.0,7.51574,Transit,2018,3845.0,0.53
TOI-1224 b,TOI-1224,5.08,2.104,4.1782745,Transit,2024,3326.0,0.404
HIP 54597 b,HIP 54597,762.7881768,13.3,3274.0,Radial Velocity,2023,4799.0,0.66
WASP-5 b,WASP-5,502.15,12.184,1.6284279,Transit,2008,5700.0,1.029
HD 195019 b,HD 195019,1264.9634,13.0,18.20132,Radial Velocity,1998,5751.0,1.48
KMT-2019-BLG-1339L b,KMT-2019-BLG-1339L,397.0,13.7,,Microlensing,2020,,
HD 75289 b,HD 75289,155.7367,14.2,3.50927,Radial Velocity,1999,6117.0,1.23
Kepler-102 e,Kepler-102,4.7,2.17,16.1456994,Transit,2013,4909.0,0.724
Kepler-334 b,Kepler-334,1.46,1.12,5.470319,Transit,2014,5828.0,1.068
Kepler-623 b,Kepler-623,9.32,3.01,9.07097734,Transit,2016,5443.0,0.86
Kepler-248 b,Kepler-248,9.38,3.02,6.308205,Transit,2014,5190.0,0.831
K2-180 b,K2-180,11.41003981,2.46597575,8.865663,Transit,2018,5365.0,0.719
K2-122 b,K2-122,1.65,1.16,2.2193023,Transit,2017,4009.0,0.59
Kepler-424 c,Kepler-424,2215.18,12.7,223.3,Radial Velocity,2014,5460.0,0.94
TOI-654.01,TOI-654,8.71,2.378,1.527561,Transit,2024,3521.0,0.43
Kepler-295 d,Kepler-295,2.42,1.36,33.884054,Transit,2014,5603.0,0.898
Kepler-1689 b,Kepler-1689,0.799,0.94678642,8.483,Transit,2020,5731.43,0.996208
HD 73583 c,HD 73583,9.7,2.39,18.87974,Transit,2022,4511.0,0.65
